Actual,CNN_Predicted
2.050270164379556,2.591008
3.977810745966149,2.591008
4.577798989191959,2.591008
3.655839600035736,1.9125586
2.342766882626877,1.6229163
2.246014741505652,1.6229163
2.286455711064162,1.6229163
2.4159137783010487,1.6229163
4.383275854074314,2.0141487
2.476538400117484,1.422496
4.541164856012179,2.0141487
4.005513348515485,2.0141487
4.506454213048934,1.422496
3.4210000089583352,1.422496
4.852030263919617,2.591008
2.5649493574615367,2.0141487
3.624340932976365,2.0141487
3.970291913552122,1.7634953
0.0,1.6229163
0.0,1.6229163
0.0,1.6229163
0.0,1.6229163
0.0,1.6229163
0.0,2.0141487
0.0,2.0141487
2.3978952727983707,2.869621
2.2438960966453663,2.869621
5.468060141135132,2.869621
4.186619838331271,1.8479276
5.420534999272286,1.8479276
5.318119993844216,1.8479276
4.383275854074314,1.8479276
3.693866995624976,1.8479276
4.502029427068578,1.8479276
2.382320061012899,2.869621
2.660259537265861,2.869621
2.1983350716202463,2.869621
5.10594547390058,1.8479276
5.556828061699537,1.8479276
4.727387818712341,1.3218486
3.632309102625542,1.8479276
5.081404364984463,1.8479276
2.424802725718295,2.869621
2.424802725718295,2.869621
4.290459441148391,2.869621
0.0,2.869621
0.0,2.869621
3.698829784967105,1.919831
1.3912819026309295,1.919831
2.3580197998821464,1.919831
3.05870707271538,1.919831
2.933856869835904,1.919831
2.0014800002101243,1.919831
1.9459101490553128,1.919831
1.6620303625532709,1.919831
0.0,1.919831
0.0,1.919831
0.0,1.919831
0.0,1.919831
2.2925347571405443,1.9676285
3.8155121050473024,1.7240275
4.536891345234797,1.9684863
2.8678989020441064,1.7240275
3.095577608523707,1.7240275
2.174751721484161,1.4014883
2.128231705849268,1.7240275
2.970414465569701,1.7240275
2.19722457733622,1.7240275
1.6956156086751528,3.6030169
2.7212954278522306,1.4014883
1.673351238177753,1.4014883
2.517696472610991,3.6030169
3.555348061489413,1.4014883
2.080690761080268,3.6030169
0.0,1.9676285
0.0,1.9676285
0.0,1.7240275
0.0,1.7240275
0.0,2.7870777
0.0,1.9676285
0.0,1.9684863
0.0,1.9676285
0.0,1.9676285
0.0,1.9676285
0.0,1.9676285
0.0,1.9676285
0.0,1.7240275
0.0,1.9676285
0.0,1.7240275
0.0,1.7240275
0.0,1.7240275
0.0,1.9676285
0.0,1.9676285
0.0,1.9684863
0.0,1.9676285
0.0,1.7240275
0.0,1.9676285
0.0,1.7240275
0.0,1.7240275
0.0,3.6030169
0.0,3.6030169
0.0,3.6030169
0.0,3.6030169
0.0,3.6030169
2.451005098112319,1.7065563
2.295560478057081,1.7065563
0.0,1.7065563
0.0,1.7065563
0.0,1.7065563
0.0,1.7065563
0.0,1.7065563
0.0,1.7065563
0.0,1.7065563
0.0,1.7065563
0.0,1.7065563
0.0,1.7065563
0.0,1.7065563
0.0,1.7065563
0.0,1.3965652
0.0,1.7065563
3.198673117550681,1.8838725
2.995732273553991,1.3533928
2.89591193827178,1.8838725
2.0294631718735947,1.8838725
3.4307561839036995,1.8838725
2.509599262378372,1.8838725
3.655839600035736,1.8332927
4.548599834499697,1.8332927
2.476538400117484,1.8838725
4.189654742026425,1.8332927
5.3981627015177525,3.4069107
5.777652323222656,1.8332927
5.402677381872279,1.8332927
5.351858133476067,3.4069107
5.25227342804663,3.4069107
4.709530201312334,1.3533928
3.517497837358316,2.3079214
3.1179499062782403,2.3079214
3.1822118404966093,3.4069107
1.623340817603092,2.3079214
3.688879454113936,2.3079214
3.332204510175204,1.3533928
0.0,1.8838725
0.0,3.4069107
0.0,1.8332927
0.0,1.3533928
0.0,3.4069107
0.0,1.3533928
0.0,2.4830413
0.0,3.4069107
0.0,1.3533928
0.0,2.4830413
0.0,1.3533928
0.0,2.4830413
3.332204510175204,1.930814
5.700443573390687,1.8629602
2.8903717578961645,1.8629602
3.4307561839036995,1.930814
4.298645025734831,1.930814
3.912023005428146,1.930814
3.246490991901174,1.930814
3.5779478934066544,1.930814
3.8372994592322094,1.930814
3.555348061489413,1.930814
3.40452517175483,1.930814
4.4272389774954295,1.930814
3.698829784967105,1.930814
2.302585092994046,3.0149233
3.893859034800475,1.8629602
3.493472657771326,3.0149233
4.50313746042294,1.930814
2.833213344056216,1.8629602
3.068052935133617,1.8629602
2.509599262378372,1.8629602
2.128231705849268,1.8629602
2.5649493574615367,1.8629602
1.0986122886681098,3.0149233
4.089332020398556,1.8629602
4.489759334476764,1.8629602
2.5877640352277083,1.930814
2.923161580719156,1.930814
4.060443010546419,1.930814
3.6027767550605247,1.4252393
0.0,1.8629602
0.0,3.0149233
0.0,3.0149233
0.0,1.8629602
0.0,1.8629602
0.0,1.930814
0.0,3.0149233
0.0,1.4252393
0.0,1.4252393
1.615419984111648,1.5574226
3.40452517175483,1.5574226
4.175924549214524,1.5574226
7.528869256642251,2.1146078
3.3068867021909143,2.1146078
2.995732273553991,1.4050698
3.9357395320454622,1.30688
3.9357395320454622,1.7025795
4.091005660956586,1.30688
2.833213344056216,1.4050698
3.658420246629228,1.7025795
2.624668592163159,1.30688
2.8903717578961645,3.335653
2.815408719422709,1.3068801
5.484796933490655,1.2582277
4.574710978503383,1.2582277
3.765840495250065,1.5574226
3.8501476017100575,1.30688
4.543294782270004,1.7025795
3.367295829986474,1.7025795
4.075841090657541,1.7025795
3.0204248861443626,1.5574226
3.4531571205928664,1.7025795
3.086486636822455,1.7025795
3.471966452550362,1.7025795
3.3141860046725258,1.30688
4.804021044733257,1.5574226
2.4159137783010487,1.6153486
2.975529566236472,1.6153486
2.248128907197987,1.6153486
2.258633205464863,3.3356533
3.784189633918261,2.1146078
3.481240089335692,1.7025795
3.459466289786131,1.7025795
3.456316680883235,1.5574226
3.054001181677967,1.7025795
3.044522437723423,2.1146078
3.4657359027997265,2.1146078
2.833213344056216,2.1146078
3.254242968705492,1.5574226
4.428433007488037,1.5574226
2.862200880929469,1.5574226
2.6390573296152584,3.3356533
4.709530201312334,1.4050698
7.438971592395862,1.4050698
3.091042453358316,3.3356533
6.042632833682381,1.4050698
5.771441123130016,1.4050698
3.4339872044851463,1.4050698
3.091042453358316,3.3356533
7.170888478512505,1.4050698
3.1354942159291497,3.3356533
7.244941546337007,1.4050698
3.0492730404820207,1.9436668
2.150598735996164,2.6104772
7.824445930877619,1.4050698
6.878326468291325,1.4050698
9.305741456739437,1.4050698
2.5726122302071057,1.2582277
3.202746442938317,1.30688
0.0,1.4050698
0.0,1.6153486
0.0,1.6153486
0.0,1.6153486
0.0,1.5574226
0.0,1.6153486
0.0,1.5574226
0.0,1.5574226
0.0,2.1146078
0.0,1.5574226
0.0,1.5574226
0.0,1.5574226
0.0,1.2582277
0.0,2.6104772
0.0,2.6104772
0.0,2.6104772
0.0,3.3356533
0.0,2.6104772
0.0,3.4569314
0.0,3.3356533
0.0,2.6104772
0.0,1.2582277
0.0,1.30688
0.0,1.30688
1.4816045409242156,1.4412394
4.27151398062636,1.4412394
3.4242626545931514,1.4412394
3.713572066704308,1.4412394
3.122364924487357,1.4412394
3.284663565406204,1.4412394
3.258096538021482,1.4412394
2.5649493574615367,1.4412394
2.833213344056216,1.4412394
4.570578741218473,1.4412394
3.610917912644224,1.533227
3.044522437723423,1.533227
3.4657359027997265,1.533227
2.4849066497880004,1.533227
3.5263605246161616,1.533227
3.713572066704308,1.533227
2.9444389791664403,1.533227
3.218875824868201,1.533227
0.0,1.4412394
0.0,1.4412394
0.0,1.4412394
0.0,1.4412394
0.0,1.4412394
5.181783550292085,2.448193
4.709530201312334,2.448193
5.1647859739235145,1.5354148
4.56954300834494,2.448193
4.941642422609304,2.448193
4.934473933130692,2.448193
4.123903364463645,1.5354148
4.074141854904581,2.448193
4.941642422609304,2.448193
4.663439094112067,2.448193
4.941642422609304,2.448193
4.983606621708336,2.448193
5.934894195619588,2.448193
4.406719247264253,2.448193
4.770684624465665,2.448193
4.691347882229144,2.448193
3.109060958860994,2.448193
4.180522258463153,2.448193
6.6293632534374485,2.448193
3.8897773964808255,2.448193
3.218875824868201,2.448193
5.030437921392435,2.448193
4.691347882229144,1.5354148
4.997212273764115,2.448193
5.472270673671475,2.448193
5.272999558563747,2.448193
2.6461747973841225,1.7605888
3.775057150354989,1.7605888
1.3454723665996355,1.7605888
3.610917912644224,1.7605888
2.580216829592325,1.7605888
2.1644717908644115,1.7605888
0.9932517730102832,1.7605888
1.9459101490553128,1.7605888
3.0204248861443626,1.7605888
0.0,1.7605888
0.0,1.2805806
0.0,1.7605888
0.0,1.7605888
0.0,1.7605888
0.0,1.7605888
0.0,1.7605888
0.0,1.7605888
0.0,1.7605888
0.0,1.7605888
0.0,1.7605888
0.0,1.7605888
0.0,1.7605888
0.0,1.7605888
0.0,1.7605888
0.0,1.7605888
0.0,1.7605888
0.0,1.7605888
0.0,1.7605888
0.0,1.7605888
0.0,1.7605888
0.0,1.7605888
0.0,1.7605888
0.0,1.7605888
3.3775875160230218,2.5639591
1.916922612182061,1.6658437
2.4159137783010487,1.6658437
5.673323267171493,1.5284234
4.423648309364701,1.5284234
2.424802725718295,1.5284234
4.1713056033582285,1.5284234
1.9878743481543453,1.5284234
3.955082494888593,1.5284234
4.691347882229144,1.5284234
4.198704577546343,1.5284234
3.835141961092188,2.5639591
2.862200880929469,1.5284234
4.437934266612178,1.5284234
3.591817741270805,1.5284234
2.9856819377004897,2.5639591
2.298577071596507,2.5639591
4.597138014290827,1.5284234
4.210645017918261,1.5284234
4.611152257665639,1.5284234
2.4336133554004498,1.5284234
2.0001277349601105,1.6658437
2.05668455455722,1.6658437
1.864080130807681,1.6658437
2.772588722239781,1.5284234
2.4932054526026954,1.6658437
2.602689685444384,1.6658437
2.87919845729804,1.6658437
2.079441541679836,1.6658437
2.533696813957432,1.6658437
3.962716119743664,1.5284234
3.8897773964808255,1.5284234
3.720862499966987,1.5284234
2.72785282839839,1.5284234
3.169685580677429,1.5284234
3.597312260588446,1.5284234
3.186352633162641,1.6658437
3.9889840465642745,1.5284234
3.068052935133617,1.5284234
3.845883202923601,1.5284234
3.897924081048645,1.6658437
2.295560478057081,1.5284234
3.3250360206965914,1.5284234
4.141546163706395,1.5284234
3.591817741270805,2.5639591
2.468099531471619,1.6658437
3.277144732992177,1.2789445
2.8903717578961645,1.2789445
3.091042453358316,1.2789445
2.91235066461494,1.2789445
2.5649493574615367,1.2789445
3.202746442938317,1.2789445
1.7298840655099674,1.2789445
1.9974177062012453,1.2789445
0.0,1.6658437
0.0,1.6658437
0.0,1.6658437
0.0,1.6658437
0.0,1.6658437
0.0,1.6658437
0.0,1.6658437
0.0,1.5284234
0.0,1.6658437
0.0,1.5284234
0.0,1.6658437
0.0,1.2789445
0.0,1.2789445
0.0,1.2789445
0.0,1.2789445
0.0,1.2789445
2.0844290831908747,3.3866603
1.3480731482996928,3.3866603
5.8971538676367405,3.3866603
2.388762789235098,3.3866603
3.730501128804756,3.3866603
4.069026754237811,3.3866603
2.259677591982769,3.3866603
5.916202062607435,3.3866603
2.354228326145884,3.3866603
2.1041341542702074,3.3866603
7.090909822079984,3.3866603
2.844909383819408,4.786627
3.1780538303479458,4.786627
5.886104031450156,3.3866603
3.6635616461296463,4.786627
3.258096538021482,3.3866603
2.4336133554004498,3.3866603
3.529297384289471,3.3866603
4.505349850705881,3.3866603
4.273884476054178,3.3866603
5.241747015059643,3.3866603
2.5649493574615367,3.3866603
6.089044875446846,4.786627
2.734367509419584,4.786627
2.206074192613202,4.9167376
2.3702437414678603,4.9167376
3.0155349008501706,4.786627
3.8501476017100575,4.786627
4.574710978503383,4.786627
2.9444389791664403,4.786627
5.384495062789089,4.786627
5.673323267171493,4.786627
0.0,3.3866603
0.0,3.3866603
0.0,3.3866603
0.0,3.3866603
0.0,4.9167376
4.441474093317302,1.9523149
4.4796069630127455,1.9523149
4.127134385045092,3.221014
3.4372078191851885,3.221014
2.9069010598473755,1.9523149
3.4011973816621555,1.9523149
3.703768066607687,1.9523149
4.2710950739666,1.9523149
5.1647859739235145,1.9523149
5.8664680569332965,1.9523149
3.6635616461296463,1.9523149
3.3568971227655755,1.9523149
3.5890591188317256,3.221014
4.549657476057832,1.9523149
3.830812950002602,1.9523149
4.255612709818223,1.9523149
2.803360380906535,1.9523149
4.51852237926242,1.9523149
3.6136169696133895,3.221014
4.3489867805956814,1.9523149
4.882801922586371,1.9523149
2.468099531471619,3.5279875
4.000033882750859,3.221014
5.332718793265369,3.221014
3.6375861597263857,3.5279875
4.1059436980654525,3.221014
4.350277936359301,3.221014
3.725693427236653,3.5279875
6.634633357861686,3.221014
4.61512051684126,3.221014
3.5145260669691587,3.5279875
3.7999735016195233,3.221014
3.737669618283368,3.221014
2.3933394562625097,3.5279875
3.0349529867072724,3.221014
3.735285826928092,3.5279875
3.9080149840306073,3.5279875
3.446807892914208,3.5279875
3.893859034800475,3.5279875
4.110873864173311,3.221014
3.8480176754522337,3.5279875
0.0,3.221014
0.0,3.5279875
1.7595805708638197,1.4320042
2.8903717578961645,2.1363158
2.379546134130174,1.4320042
3.845883202923601,1.4320042
4.375757021660286,1.4320042
4.3694478524670215,1.4320042
3.8155121050473024,2.1363158
4.290459441148391,1.4320042
4.085976312551584,1.4320042
3.8691155044168695,1.4320042
4.203198967134183,1.4320042
2.31352503303238,1.4320042
3.910021002757473,1.4320042
4.380775852772229,1.4320042
2.8094026953624978,1.4320042
2.376764491168297,1.4320042
3.214867803470662,1.4320042
4.418840607796598,1.4320042
4.394449154672439,1.4320042
3.1354942159291497,1.4320042
3.4011973816621555,1.4320042
4.68213122712422,1.4320042
5.017279836814924,1.4320042
4.540098189244376,2.1363158
2.954910279033736,2.1363158
4.976733742420574,1.798815
5.14166355650266,2.1363158
3.918005077105693,1.798815
4.338597076746545,2.1363158
2.681021528714291,1.798815
4.875197323201151,2.1363158
4.056988775678332,1.798815
4.02535169073515,2.1363158
4.009149716158869,2.1363158
3.5263605246161616,2.1363158
5.093750200806762,2.1363158
2.87919845729804,1.798815
3.80666248977032,2.1363158
3.49650756146648,1.798815
3.4404180948154366,1.798815
3.0492730404820207,1.798815
4.700480365792417,2.1363158
3.1654750481410856,1.798815
0.0,1.4320042
0.0,1.4320042
0.0,1.798815
0.0,2.1363158
3.198673117550681,2.1943014
3.1354942159291497,2.1943014
3.349904087274605,2.1943014
2.734367509419584,2.1943014
3.339321977944068,2.1943014
3.658420246629228,2.1943014
2.0412203288596382,3.2522557
2.6390573296152584,3.2522557
2.379546134130174,2.1943014
6.78105762593618,2.1943014
4.480740107609915,2.1943014
4.653960350157523,2.236827
3.676300671907076,2.1943014
2.5649493574615367,2.1943014
2.6390573296152584,2.1943014
2.3978952727983707,2.1943014
3.0007198150650303,2.1943014
3.3603753871419,2.1943014
3.843744164674852,2.1943014
5.293304824724492,2.236827
5.111987788356544,2.236827
3.883623530906448,2.1943014
3.720862499966987,2.236827
4.526126978647638,2.722132
5.1298987149230735,2.236827
2.9444389791664403,2.722132
4.051784947803305,2.236827
3.0633909220278057,2.236827
4.718498871295094,2.236827
4.30406509320417,2.236827
6.054439346269371,2.236827
3.58351893845611,2.236827
3.56953269648137,2.1943014
3.068052935133617,2.236827
3.968403338864253,2.236827
4.534747721691546,2.236827
5.030437921392435,2.236827
2.740840023925201,2.1943014
4.258445572902527,2.236827
4.023564380161053,2.1943014
5.075173815233827,2.236827
4.2710950739666,2.236827
4.051784947803305,2.236827
3.295836866004329,2.236827
4.007333185232471,2.236827
5.081404364984463,2.236827
4.174387269895637,2.236827
5.14166355650266,2.236827
4.290459441148391,2.236827
5.351858133476067,2.236827
2.4849066497880004,2.236827
4.59511985013459,2.1943014
3.0155349008501706,2.1943014
4.158883083359672,2.236827
4.382026634673881,2.236827
7.050989447068045,2.236827
6.580639137284949,2.722132
6.806829360392176,2.236827
6.1092475827643655,2.236827
4.539030383483547,2.236827
6.823286122355687,2.236827
2.4849066497880004,2.236827
6.306275286948016,2.236827
3.7328963395307104,2.236827
3.0155349008501706,2.236827
6.608000625296087,2.236827
7.635786861395585,2.236827
7.01301578963963,2.236827
4.02535169073515,2.722132
2.995732273553991,3.2522557
6.335054251498059,2.722132
2.6390573296152584,3.948462
4.219507705176107,3.2522557
3.711130063048756,3.948462
2.6878474937846906,3.948462
3.258096538021482,3.2522557
4.509760001183433,3.948462
4.709530201312334,3.2522557
1.916922612182061,3.948462
3.044522437723423,3.2522557
2.6390573296152584,2.722132
3.218875824868201,3.2522557
5.198497031265826,3.2522557
3.091042453358316,3.2522557
0.0,2.1943014
0.0,2.1943014
0.0,2.1943014
0.0,2.1943014
0.0,2.1943014
0.0,2.1943014
0.0,2.236827
0.0,3.2522557
0.0,3.2522557
0.0,3.948462
0.0,3.948462
0.0,3.948462
4.787491742782046,1.4485217
5.356586274672012,1.4485217
5.093750200806762,1.4485217
5.147494476813453,1.4485217
5.560681631015528,2.6134017
6.255750041753367,1.4485217
3.784189633918261,1.4485217
6.1463292576688975,1.4485217
3.80666248977032,1.4485217
4.440295542797857,2.6134017
6.154858094016418,1.4485217
6.09807428216624,1.4485217
5.0369526024136295,1.4485217
4.092676505121403,1.4485217
3.927896354584436,1.4485217
5.886104031450156,1.4485217
5.62040086571715,1.4485217
3.972176928247893,1.4485217
6.059123195581797,1.4485217
5.068904202220232,1.4485217
6.035481432524756,1.4485217
6.408528791059498,1.4485217
6.748759547491679,1.4485217
5.4510384535657,1.4485217
5.730099782973574,1.4485217
6.091309882077698,1.4485217
5.627621113690637,1.4485217
3.5263605246161616,1.4485217
6.218600119691729,1.4485217
5.594711379601839,1.4485217
4.579852378003801,1.4485217
4.387014176184921,1.4485217
5.111987788356544,1.4485217
3.779633817382401,1.4485217
6.18826412308259,1.4485217
6.111467339502679,1.4485217
6.608000625296087,1.4485217
5.736572297479192,1.4485217
5.541263545158426,1.4485217
4.481871969643598,1.4485217
3.478158422798284,1.4485217
4.104294893075269,1.4485217
3.561046082604052,1.4485217
4.812184355372417,1.4485217
3.658420246629228,1.4485217
3.6216707044204863,1.4485217
3.972176928247893,1.4485217
3.572345637857985,1.4485217
3.981549068076757,1.4485217
3.8264651170664994,1.4485217
6.335054251498059,1.4485217
2.4159137783010487,1.4485217
2.778819271990417,1.4485217
4.580877493419047,1.4485217
3.5263605246161616,1.4485217
4.603168183317418,1.4485217
3.845883202923601,1.4485217
4.251348311031766,1.4485217
4.163559631243574,1.4485217
3.173878458937465,1.4485217
4.663439094112067,1.4485217
2.9496883350525844,1.4485217
3.751854253275325,1.4485217
4.072439726834051,1.4485217
3.3978584803966405,1.4485217
3.299533727885655,2.6134017
2.2407096892759584,1.3830557
1.724550719534605,1.3830557
1.4539530095937052,1.3830557
1.8578592709325787,1.3830557
1.7369512327330598,1.3830557
3.819907716520341,1.3830557
1.5432981099295553,1.3830557
2.5572273113676265,1.3830557
2.6878474937846906,1.3830557
2.6390573296152584,2.1196132
2.244955980157409,1.3830557
2.9652730660692823,1.3830557
2.970414465569701,1.3830557
4.736198448394496,1.3830557
3.871201010907891,1.3830557
3.258096538021482,2.1196132
3.713572066704308,1.3830557
2.6390573296152584,1.3830557
2.70805020110221,2.1196132
3.332204510175204,1.3830557
4.109233174715851,1.3830557
3.339321977944068,1.3830557
3.949318790171843,1.3830557
3.487375077903208,1.3830557
2.278292400425001,1.3830557
4.423648309364701,1.3830557
3.086486636822455,1.3830557
3.951243718581428,1.3830557
3.775057150354989,1.3830557
3.9889840465642745,1.3830557
2.995732273553991,1.3830557
3.3603753871419,1.3830557
3.367295829986474,1.3830557
4.07753744390572,1.3830557
4.034240638152395,1.3830557
3.580737295494233,1.3830557
3.58351893845611,1.3830557
3.58351893845611,1.3830557
3.242592351485517,2.2010894
2.4069451083182885,2.2010894
4.605170185988092,2.1196132
2.4849066497880004,2.2010894
2.175887439948088,2.1196132
2.2407096892759584,2.1196132
4.248495242049359,2.1196132
1.5644405465033644,2.1196132
2.797281334830153,2.2010894
1.7749523509116738,2.2010894
2.1838015570040787,2.1196132
1.7984040119467235,2.1196132
3.629660094453965,2.1196132
3.0204248861443626,2.1196132
4.204692619390966,2.1196132
1.9712993830601329,2.2010894
2.6390573296152584,2.2010894
4.02535169073515,2.1196132
2.4159137783010487,2.1196132
3.2386784521643803,2.2010894
0.0,2.1196132
0.0,2.1196132
0.0,1.3830557
0.0,1.3830557
0.0,1.3830557
0.0,1.3830557
0.0,1.3830557
0.0,1.3830557
0.0,1.3830557
0.0,1.3830557
0.0,1.3830557
0.0,1.3830557
0.0,1.3830557
0.0,1.3830557
0.0,1.3830557
0.0,1.3830557
0.0,1.3830557
0.0,2.1196132
0.0,2.2010894
0.0,2.2010894
0.0,2.2010894
0.0,2.2010894
0.0,2.2010894
0.0,2.2010894
0.0,2.1196132
0.0,2.2010894
0.0,2.2010894
0.0,2.2010894
2.91235066461494,2.3158398
3.6136169696133895,2.3158398
2.5649493574615367,1.4914925
6.052089168924417,2.3158398
7.346655163176539,2.3158398
4.574710978503383,2.3158398
5.916202062607435,2.3158398
3.4657359027997265,2.3158398
4.709530201312334,2.3158398
4.158883083359672,2.3158398
2.302585092994046,2.3158398
2.6390573296152584,1.4914925
3.104586678466073,2.3158398
4.795790545596741,1.4914925
4.356708826689592,2.3158398
4.727387818712341,2.3158398
5.869296913133774,2.3158398
3.871201010907891,2.3158398
2.251291798606496,2.3158398
3.044522437723423,2.3158398
3.828641396489095,2.3158398
7.507141079727608,2.3158398
4.26549281841793,2.3158398
4.762173934797756,2.3158398
4.276666119016055,2.3158398
3.349904087274605,2.3158398
9.539716058977092,2.3158398
2.3978952727983707,2.3158398
6.398594934535208,2.3158398
4.33729074083249,2.3158398
9.852246888342531,2.3158398
3.5263605246161616,2.3158398
5.69035945432406,2.3158398
7.550135342488429,2.3158398
6.723832440821209,2.3158398
4.672828834461906,2.3158398
2.501435951739211,3.9701324
2.884800712846709,3.9701324
3.8416005411316,3.9701324
5.771441123130016,3.9701324
3.784189633918261,1.4914925
3.1441522786722644,3.9701324
1.5303947050936475,3.9701324
7.804251383528112,1.4914925
4.48863636973214,1.4914925
1.7404661748405046,3.9701324
3.4657359027997265,3.9701324
3.937690752176724,3.9701324
8.114025442356757,1.4914925
3.686376323895818,3.9701324
4.200204952921578,1.4914925
5.25227342804663,1.4914925
2.151762203259462,3.9701324
7.378383712996714,1.4914925
3.1354942159291497,1.4914925
3.713572066704308,1.4914925
3.295836866004329,1.4914925
8.131824785007195,1.4914925
8.131824785007195,1.4914925
3.824284091120139,3.9701324
6.300785794663244,1.4914925
4.709530201312334,1.4914925
3.610917912644224,1.4914925
7.438971592395862,1.4914925
8.922791623969637,1.4914925
2.0719132752590443,3.9701324
4.262679877041316,1.4914925
4.333361462692601,1.4914925
3.632309102625542,3.9701324
4.997212273764115,1.4914925
6.040254711277414,1.4914925
2.451005098112319,3.9701324
3.32862668882732,3.9701324
6.836259277277067,1.4914925
3.202746442938317,3.9701324
4.110873864173311,1.4914925
4.204692619390966,1.4914925
9.61587214452889,1.4914925
3.4657359027997265,1.4914925
2.995732273553991,1.4914925
3.5263605246161616,1.4914925
3.1780538303479458,1.4914925
5.602118820879701,1.4914925
3.068052935133617,1.4914925
0.0,2.3158398
0.0,2.3158398
0.0,2.3158398
0.0,2.3158398
0.0,1.4914925
0.0,1.4914925
0.0,1.4914925
3.054001181677967,1.6367021
3.044522437723423,1.6367021
3.218875824868201,1.6367021
3.1780538303479458,1.6367021
2.3978952727983707,1.6367021
3.7612001156935615,1.6367021
3.091042453358316,1.6367021
2.312535423847214,1.6367021
1.1314021114911006,1.6367021
1.9600947840472696,1.6367021
1.1939224684724346,1.6367021
1.88706964903238,1.3275912
1.5686159179138452,1.6367021
2.3978952727983707,1.6367021
2.2823823856765264,1.6367021
2.3978952727983707,1.6367021
1.4350845252893227,1.6367021
1.5686159179138452,1.6367021
2.2300144001592104,1.6367021
2.5649493574615367,1.6367021
1.9600947840472696,1.6367021
1.9021075263969205,1.6367021
1.791759469228055,1.6367021
1.9878743481543453,1.6367021
2.028148247292285,1.6367021
2.19722457733622,1.6367021
2.0541237336955462,1.6367021
2.70805020110221,1.6367021
3.332204510175204,1.6367021
2.8903717578961645,1.6367021
1.9387416595767009,1.6367021
3.4657359027997265,1.6367021
1.80005827204275,1.6367021
2.772588722239781,1.6367021
2.079441541679836,1.6367021
2.5649493574615367,1.6367021
0.0,1.6367021
0.0,1.6367021
0.0,1.6367021
0.0,1.6367021
0.0,1.6367021
0.0,1.6367021
0.0,1.6367021
0.0,1.6367021
0.0,1.6367021
0.0,1.6367021
0.0,1.6367021
0.0,1.6367021
0.0,1.6367021
0.0,1.6367021
0.0,1.6367021
0.0,1.6367021
0.0,1.6367021
0.0,1.6367021
0.0,1.6367021
0.0,1.6367021
0.0,1.6367021
0.0,1.6367021
0.0,1.6367021
0.0,1.3275912
0.0,1.6367021
0.0,1.6367021
0.0,1.6367021
0.0,1.6367021
0.0,1.6367021
0.0,1.6367021
0.0,1.6367021
0.0,1.6367021
0.0,1.3275912
0.0,1.6367021
0.0,1.6367021
0.0,1.6367021
0.0,1.6367021
0.0,1.6367021
0.0,1.6367021
0.0,1.6367021
0.0,1.6367021
0.0,1.6367021
0.0,1.6367021
0.0,1.6367021
0.0,1.6367021
0.0,1.6367021
0.0,1.6367021
0.0,1.6367021
0.0,1.6367021
0.0,1.6367021
0.0,1.6367021
0.0,1.6367021
0.0,1.6367021
0.0,1.6367021
0.0,1.6367021
0.0,1.6367021
0.0,1.6367021
0.0,1.6367021
0.0,1.6367021
0.0,1.6367021
0.0,1.6367021
0.0,1.6367021
0.0,1.6367021
3.3568971227655755,2.2934914
1.9600947840472696,2.2934914
2.5416019934645457,2.2934914
1.8825138324965192,2.2934914
2.5649493574615367,2.2934914
3.1780538303479458,2.2934914
3.044522437723423,2.2934914
2.312535423847214,2.2934914
1.7749523509116738,2.2934914
1.8961194845522973,2.2934914
2.4849066497880004,2.2934914
2.251291798606496,2.2934914
2.533696813957432,2.2934914
2.5572273113676265,2.2934914
2.171336806384092,2.2934914
1.9021075263969205,2.2934914
2.6741486494265287,2.2934914
2.2975725511705014,2.2934914
2.066862759472976,2.2934914
2.928523523860541,2.2934914
2.075684492802124,2.2934914
1.88706964903238,2.2934914
2.70805020110221,2.2934914
2.2823823856765264,2.2934914
2.0541237336955462,2.2934914
2.856470206220483,2.2934914
2.233235014859253,2.2934914
2.274185618472348,2.2934914
2.157559320943788,2.2934914
0.0,2.2934914
0.0,2.2934914
0.0,2.2934914
0.0,2.2934914
0.0,2.2934914
0.0,2.2934914
0.0,2.2934914
0.0,2.2934914
0.0,2.2934914
0.0,2.2934914
0.0,2.2934914
0.0,2.2934914
0.0,2.2934914
0.0,2.2934914
0.0,2.2934914
0.0,2.2934914
0.0,2.2934914
0.0,2.2934914
0.0,2.2934914
0.0,2.2934914
0.0,2.2934914
0.0,2.2934914
0.0,2.2934914
0.0,2.2934914
0.0,2.2934914
0.0,2.2934914
0.0,2.2934914
0.0,2.2934914
0.0,2.2934914
0.0,2.2934914
0.0,2.2934914
0.0,2.2934914
0.0,2.2934914
0.0,2.2934914
0.0,2.2934914
0.0,2.2934914
0.0,2.2934914
0.0,2.2934914
0.0,2.2934914
0.0,2.2934914
0.0,2.2934914
0.0,2.2934914
0.0,2.2934914
0.0,2.2934914
0.0,2.2934914
0.0,2.2934914
0.0,2.2934914
0.0,2.2934914
0.0,2.2934914
0.0,2.2934914
0.0,2.2934914
0.0,2.2934914
0.0,2.2934914
0.0,2.2934914
0.0,2.2934914
0.0,2.2934914
0.0,2.2934914
0.0,2.2934914
0.0,2.2934914
0.0,2.2934914
0.0,2.2934914
0.0,2.2934914
0.0,2.2934914
0.0,2.2934914
0.0,2.2934914
0.0,2.2934914
0.0,2.2934914
0.0,2.2934914
0.0,2.2934914
0.0,2.2934914
0.0,2.2934914
0.0,2.2934914
0.0,2.2934914
0.0,2.2934914
0.0,2.2934914
0.0,2.2934914
0.0,2.2934914
0.0,2.2934914
0.0,2.2934914
0.0,2.2934914
0.0,2.2934914
0.0,2.2934914
0.0,2.2934914
0.0,2.2934914
2.451005098112319,4.3999605
3.543853682063679,3.0202072
3.676300671907076,3.0202072
2.0476928433652555,3.0202072
3.830812950002602,3.0202072
3.1822118404966093,4.3999605
2.8094026953624978,3.0202072
2.815408719422709,4.3999605
3.906004933102583,3.0202072
3.632309102625542,4.3999605
3.462606009790799,3.0202072
2.6100697927420065,3.0202072
3.391147045808654,3.0202072
4.191168746857641,3.0202072
4.087655574071304,4.3999605
2.9496883350525844,3.0202072
2.34660197841082,4.3999605
1.4609379041156565,3.0202072
3.407841924380824,3.0202072
3.822098297900159,3.0202072
3.3068867021909143,3.0202072
3.202746442938317,3.0202072
4.222444564849416,3.0202072
3.903990833730882,3.0202072
4.198704577546343,3.0202072
5.613128106388071,3.0202072
3.9982007016692,4.3999605
2.517696472610991,4.3999605
2.6461747973841225,3.0202072
3.3250360206965914,3.0202072
3.563882963939251,3.0202072
2.079441541679836,3.0202072
1.9021075263969205,3.0202072
2.2925347571405443,3.0202072
1.916922612182061,3.0202072
2.4849066497880004,3.0202072
3.871201010907891,3.0202072
2.4849066497880004,4.3999605
2.302585092994046,4.3999605
4.554928969551344,4.3999605
4.762173934797756,3.0202072
4.787491742782046,3.0202072
4.6443908991413725,4.3999605
5.19295685089021,4.3999605
4.449685283147696,3.0202072
5.733341276897746,3.0202072
4.110873864173311,3.0202072
4.624972813284271,4.3999605
4.5612182984589085,3.0202072
2.451005098112319,3.0202072
1.80005827204275,3.0202072
1.8389610707123487,3.0202072
2.8390784635086144,3.0202072
3.218875824868201,3.0202072
3.6712245188752153,3.0202072
4.313480092138772,3.0202072
3.131136910560194,3.0202072
3.7328963395307104,3.0202072
4.912654885736052,3.0202072
2.815408719422709,3.0202072
2.803360380906535,3.0202072
2.6100697927420065,3.0202072
2.4423470353692043,3.0202072
2.4849066497880004,3.0202072
3.095577608523707,3.0202072
1.4350845252893227,3.0202072
2.1610215286722587,3.0202072
1.9050881545350584,3.0202072
2.424802725718295,3.0202072
5.71042701737487,3.0202072
1.8066480817218056,3.0202072
4.037774210733707,3.0202072
3.095577608523707,3.0202072
2.624668592163159,3.0202072
1.87640694328834,3.0202072
2.347558458636777,3.0202072
1.4701758451005926,3.0202072
3.964615455547317,3.0202072
2.8903717578961645,3.0202072
2.760009940032921,3.0202072
2.200552367428894,3.0202072
2.394252281519869,3.0202072
2.9391619220655967,3.0202072
3.4011973816621555,3.0202072
1.7369512327330598,3.0202072
3.912023005428146,4.3999605
2.8213788864092133,3.0202072
3.0726933146901194,3.0202072
2.766319109226186,3.0202072
2.3664984187376983,3.0202072
1.7749523509116738,3.0202072
2.785011242238338,3.0202072
2.0831845279586703,3.0202072
2.525728644308256,3.0202072
3.873282177111716,3.0202072
3.493472657771326,3.0202072
2.91235066461494,3.0202072
2.0149030205422647,3.0202072
2.390595970316759,3.0202072
2.5572273113676265,3.0202072
3.186352633162641,3.0202072
2.9014215940827497,3.0202072
1.9530276168241767,3.0202072
1.8991179875485544,3.0202072
5.081404364984463,3.0202072
3.4436180975461075,3.0202072
2.1234584270966104,3.0202072
3.2068032436339315,3.0202072
3.4372078191851885,3.0202072
2.373043556642607,3.0202072
4.060443010546419,4.3999605
3.56953269648137,4.3999605
4.56746831880408,4.3999605
0.0,3.0202072
0.0,3.0202072
0.0,3.0202072
0.0,4.3999605
0.0,3.0202072
0.0,4.3999605
0.0,3.0202072
0.0,4.3999605
0.0,4.3999605
0.0,3.0202072
0.0,4.3999605
0.0,3.0202072
0.0,4.3999605
0.0,3.0202072
0.0,3.0202072
0.0,3.0202076
0.0,4.3999605
0.0,3.0202072
0.0,3.0202072
0.0,3.0202072
0.0,3.0202072
0.0,3.0202072
0.0,3.0202072
0.0,4.3999605
0.0,3.0202072
0.0,3.0202072
0.0,3.0202072
0.0,3.0202072
0.0,3.0202072
0.0,3.0202072
0.0,3.0202072
0.0,3.0202072
0.0,3.0202072
0.0,3.0202072
0.0,3.0202072
0.0,3.0202072
0.0,4.3999605
0.0,3.0202072
0.0,3.0202072
0.0,3.0202072
1.3137236682850553,2.0749576
2.0149030205422647,2.0749576
2.5494451709255714,2.0749576
1.791759469228055,2.0749576
3.077312260546414,2.0749576
1.597365331199831,2.0749576
1.5085119938441398,2.0749576
1.7404661748405046,2.0749576
1.851599469584072,2.0749576
0.0,2.0749576
0.0,2.0749576
0.0,2.0749576
0.0,2.0749576
0.0,2.0749576
0.0,2.0749576
0.0,2.0749576
0.0,2.0749576
0.0,2.0749576
0.0,2.0749576
0.0,2.0749576
0.0,2.0749576
0.0,2.0749576
0.0,2.0749576
0.0,2.0749576
0.0,2.0749576
0.0,2.0749576
0.0,2.0749576
0.0,2.0749576
0.0,2.0749576
0.0,2.0749576
0.0,2.0749576
0.0,2.0749576
0.0,2.0749576
0.0,2.0749576
0.0,2.0749576
0.0,2.0749576
0.0,2.0749576
0.0,2.0749576
0.0,2.0749576
0.0,2.0749576
0.0,1.4326756
0.0,2.0749576
0.0,2.0749576
0.0,2.0749576
0.0,2.0749576
0.0,2.0749576
0.0,2.0749576
0.0,2.0749576
0.0,2.0749576
0.0,2.0749576
0.0,2.0749576
0.0,2.0749576
0.0,2.0749576
0.0,2.0749576
0.0,2.0749576
0.0,2.0749576
0.0,2.0749576
0.0,2.0749576
0.0,2.0749576
0.0,2.0749576
0.0,2.0749576
0.0,2.0749576
0.0,2.0749576
0.0,2.0749576
0.0,2.0749576
0.0,2.0749576
0.0,2.0749576
0.0,2.0749576
0.0,2.0749576
0.0,2.0749576
0.0,2.0749576
0.0,2.0749576
0.0,1.4326756
0.0,2.0749576
0.0,2.0749576
0.0,2.0749576
0.0,2.0749576
0.0,2.0749576
0.0,2.0749576
0.0,2.0749576
0.0,2.0749576
0.0,2.0749576
0.0,2.0749576
0.0,2.0749576
0.0,2.0749576
0.0,2.0749576
0.0,2.0749576
0.0,2.0749576
0.0,2.0749576
0.0,2.0749576
0.0,2.0749576
0.0,2.0749576
0.0,2.0749576
0.0,2.0749576
0.0,2.0749576
0.0,2.0749576
0.0,2.0749576
0.0,2.0749576
0.0,2.0749576
0.0,2.0749576
0.0,2.0749576
0.0,2.0749576
0.0,2.0749576
0.0,2.0749576
0.0,2.0749576
0.0,2.0749576
0.0,2.0749576
0.0,2.0749576
0.0,2.0749576
0.0,2.0749576
0.0,2.0749576
0.0,2.0749576
0.0,2.0749576
0.0,2.0749576
0.0,2.0749576
0.0,2.0749576
0.0,2.0749576
0.0,2.0749576
0.0,2.0749576
0.0,2.0749576
0.0,2.0749576
0.0,2.0749576
0.0,2.0749576
0.0,2.0749576
0.0,2.0749576
0.0,2.0749576
0.0,2.0749576
0.0,2.0749576
0.0,2.0749576
0.0,2.0749576
0.0,2.0749576
0.0,2.0749576
0.0,2.0749576
0.0,2.0749576
0.0,2.0749576
0.0,2.0749576
0.0,2.0749576
0.0,2.0749576
0.0,2.0749576
0.0,2.0749576
0.0,2.0749576
0.0,2.0749576
0.0,2.0749576
0.0,1.4326756
0.0,2.0749576
0.0,2.0749576
0.0,2.0749576
0.0,2.0749576
0.0,2.0749576
0.0,2.0749576
0.0,2.0749576
0.0,2.0749576
0.0,2.0749576
0.0,2.0749576
0.0,2.0749576
0.0,2.0749576
0.0,2.0749576
2.4932054526026954,1.512117
3.962716119743664,1.512117
4.239886867512759,1.512117
3.9318256327243257,1.512117
3.629660094453965,1.512117
2.833213344056216,1.512117
3.091042453358316,1.512117
2.5726122302071057,1.512117
2.325324579963535,1.512117
2.772588722239781,1.512117
2.272125885509337,1.512117
3.258096538021482,1.512117
1.7749523509116738,1.512117
4.0943445622221,1.3044162
3.555348061489413,1.512117
1.5260563034950492,1.512117
2.5649493574615367,1.512117
1.9740810260220096,1.3044162
3.1780538303479458,1.512117
2.6390573296152584,1.512117
2.9444389791664403,1.512117
2.8903717578961645,1.512117
3.367295829986474,1.512117
4.110873864173311,1.512117
2.9444389791664403,1.5121171
2.5649493574615367,1.5121171
2.302585092994046,1.512117
2.341805806147327,1.512117
2.2407096892759584,1.3044162
2.169053700369523,1.512117
2.4849066497880004,1.512117
2.785011242238338,1.512117
2.451005098112319,1.512117
2.3978952727983707,1.512117
1.9021075263969205,1.512117
2.833213344056216,1.512117
2.0014800002101243,1.512117
1.791759469228055,1.512117
2.631888840136646,1.512117
1.9671123567059163,1.512117
2.70805020110221,1.512117
2.70805020110221,1.512117
2.3702437414678603,1.512117
2.2192034840549946,1.512117
2.19722457733622,1.512117
2.862200880929469,1.512117
5.517452896464707,1.512117
0.0,1.512117
0.0,1.512117
0.0,1.512117
0.0,1.512117
0.0,1.512117
0.0,1.512117
0.0,1.512117
0.0,1.512117
0.0,1.512117
0.0,1.512117
0.0,1.512117
0.0,1.512117
0.0,1.512117
0.0,1.512117
0.0,1.3044162
0.0,1.512117
0.0,1.512117
0.0,1.512117
0.0,1.512117
0.0,1.512117
0.0,1.512117
0.0,1.512117
0.0,1.512117
0.0,1.512117
0.0,1.512117
0.0,1.512117
0.0,1.512117
0.0,1.512117
0.0,1.512117
0.0,1.512117
0.0,1.512117
0.0,1.512117
0.0,1.512117
0.0,1.512117
0.0,1.512117
0.0,1.512117
0.0,1.512117
0.0,1.512117
0.0,1.512117
0.0,1.512117
0.0,1.512117
0.0,1.512117
0.0,1.512117
0.0,1.512117
0.0,1.512117
0.0,1.3044162
0.0,1.512117
0.0,1.512117
0.0,1.512117
0.0,1.512117
0.0,1.512117
0.0,1.512117
0.0,1.512117
0.0,1.512117
0.0,1.512117
0.0,1.512117
0.0,1.512117
0.0,1.512117
0.0,1.512117
0.0,1.512117
0.0,1.512117
0.0,1.512117
0.0,1.512117
0.0,1.512117
0.0,1.512117
0.0,1.512117
0.0,1.512117
0.0,1.512117
0.0,1.512117
0.0,1.512117
0.0,1.512117
0.0,1.512117
0.0,1.512117
0.0,1.512117
0.0,1.512117
0.0,1.512117
0.0,1.512117
0.0,1.512117
0.0,1.512117
0.0,1.512117
0.0,1.512117
0.0,1.512117
0.0,1.512117
0.0,1.512117
0.0,1.512117
0.0,1.512117
0.0,1.512117
0.0,1.512117
0.0,1.512117
0.0,1.512117
0.0,1.512117
0.0,1.512117
0.0,1.512117
0.0,1.512117
0.0,1.512117
0.0,1.512117
0.0,1.512117
0.0,1.512117
0.0,1.512117
0.0,1.512117
0.0,1.512117
0.0,1.512117
0.0,1.512117
0.0,1.512117
0.0,1.512117
0.0,1.512117
0.0,1.512117
0.0,1.512117
0.0,1.512117
0.0,1.512117
0.0,1.512117
0.0,1.512117
0.0,1.512117
0.0,1.512117
0.0,1.512117
0.0,1.512117
0.0,1.512117
0.0,1.512117
0.0,1.512117
0.0,1.512117
0.0,1.512117
0.0,1.512117
0.0,1.512117
0.0,1.512117
0.0,1.512117
0.0,1.512117
0.0,1.512117
0.0,1.512117
0.0,1.512117
0.0,1.512117
0.0,1.512117
0.0,1.512117
0.0,1.512117
0.0,1.512117
0.0,1.512117
0.0,1.512117
0.0,1.512117
3.190476350346503,1.7804962
2.390595970316759,1.7804962
2.624668592163159,1.7804962
2.844909383819408,1.7804962
3.4531571205928664,1.7804962
4.326778160443404,1.7804962
3.535145354171894,1.7804962
2.9806186357439426,1.7804962
4.055257173514054,1.7804962
2.5649493574615367,1.7804962
3.218875824868201,1.7804962
3.1354942159291497,1.7804962
2.379546134130174,1.7804962
3.091042453358316,1.7804962
1.5686159179138452,1.7804962
4.709530201312334,1.7804962
1.9315214116032136,1.7804962
2.2192034840549946,1.2978101
3.218875824868201,1.7804962
2.154085084675602,1.7804962
3.091042453358316,1.7804962
2.70805020110221,1.7804962
2.9444389791664403,1.7804962
2.2407096892759584,1.7804962
2.6390573296152584,1.7804962
2.26176309847379,1.7804962
2.6390573296152584,1.7804962
1.9154509415706047,1.7804962
2.3978952727983707,1.7804962
3.044522437723423,1.7804962
2.4159137783010487,1.7804962
2.322387720290225,1.7804962
2.3693087250369538,1.7804962
2.0412203288596382,1.7804962
2.2300144001592104,1.7804962
2.5649493574615367,1.7804962
2.990719731730447,1.7804962
2.186051276738094,1.7804962
1.791759469228055,1.7804962
2.4849066497880004,1.7804962
2.379546134130174,1.7804962
3.1354942159291497,1.7804962
2.25758772706331,1.7804962
2.6390573296152584,1.7804962
2.3933394562625097,1.7804962
1.9530276168241767,1.7804962
2.302585092994046,1.7804964
2.70805020110221,1.7804964
2.0412203288596382,1.7804962
1.8562979903656265,1.7804962
2.6390573296152584,1.7804962
2.772588722239781,1.7804962
1.8562979903656265,1.7804962
1.9459101490553128,1.7804962
1.824549292051046,1.7804962
2.163323025660538,1.7804962
2.9444389791664403,1.7804962
2.224623551524334,1.7804962
2.302585092994046,1.7804962
2.4849066497880004,1.7804962
2.6390573296152584,1.7804962
2.1400661634962708,1.7804962
2.269028309465203,1.7804962
2.995732273553991,1.7804962
2.151762203259462,1.7804962
2.6390573296152584,1.7804962
1.871802176901592,1.7804962
2.5649493574615367,1.7804962
1.8082887711792648,1.7804962
2.833213344056216,1.7804962
4.001863709427935,1.7804962
3.0349529867072724,1.7804962
1.506297153514587,1.7804962
4.273884476054178,1.7804962
4.762173934797756,1.7804962
2.131796772013764,1.7804962
2.9496883350525844,1.7804962
0.0,1.7804962
0.0,1.7804962
0.0,1.7804962
0.0,1.7804962
0.0,1.7804962
0.0,1.7804962
0.0,1.7804962
0.0,1.7804962
0.0,1.7804962
0.0,1.7804962
0.0,1.2978101
0.0,1.7804962
0.0,1.7804962
0.0,1.7804962
0.0,1.7804962
0.0,1.7804962
0.0,1.7804962
0.0,1.7804962
0.0,1.7804962
0.0,1.7804962
0.0,1.7804962
0.0,1.7804962
0.0,1.7804962
0.0,1.7804962
0.0,1.7804962
0.0,1.7804962
0.0,1.7804962
0.0,1.7804962
0.0,1.7804962
0.0,1.7804962
0.0,1.7804962
0.0,1.7804962
0.0,1.7804962
0.0,1.7804962
0.0,1.7804962
0.0,1.7804962
0.0,1.7804962
0.0,1.7804962
0.0,1.7804962
0.0,1.7804962
0.0,1.7804962
0.0,1.7804962
0.0,1.7804962
0.0,1.7804962
0.0,1.7804962
0.0,1.7804962
0.0,1.7804962
0.0,1.7804962
0.0,1.7804962
0.0,1.7804962
0.0,1.7804962
0.0,1.7804962
0.0,1.7804962
0.0,1.7804962
0.0,1.7804962
0.0,1.7804962
0.0,1.7804962
0.0,1.7804962
0.0,1.7804962
0.0,1.7804962
0.0,1.7804962
0.0,1.7804962
0.0,1.7804962
0.0,1.2978101
0.0,1.7804962
0.0,1.7804962
0.0,1.7804962
0.0,1.7804962
0.0,1.7804962
0.0,1.7804962
0.0,1.7804962
0.0,1.7804962
0.0,1.7804962
0.0,1.7804962
0.0,1.7804962
0.0,1.7804962
0.0,1.7804962
0.0,1.7804962
0.0,1.7804962
0.0,1.7804962
0.0,1.7804962
0.0,1.7804962
0.0,1.7804962
0.0,1.7804962
0.0,1.7804962
0.0,1.7804962
0.0,1.7804962
0.0,1.7804962
0.0,1.7804962
0.0,1.7804962
0.0,1.7804962
0.0,1.7804962
0.0,1.7804962
0.0,1.7804962
0.0,1.7804962
0.0,1.7804962
0.0,1.7804962
0.0,1.7804962
0.0,1.7804962
0.0,1.7804962
0.0,1.7804962
0.0,1.7804962
0.0,1.7804962
0.0,1.7804962
0.0,1.7804962
0.0,1.7804962
0.0,1.7804962
0.0,1.7804962
0.0,1.7804962
0.0,1.7804962
0.0,1.7804962
0.0,1.7804962
0.0,1.7804962
0.0,1.7804962
0.0,1.7804962
0.0,1.7804962
0.0,1.7804962
0.0,1.7804962
0.0,1.7804962
0.0,1.7804962
0.0,1.7804962
0.0,1.7804962
0.0,1.7804962
0.0,1.7804962
0.0,1.7804962
0.0,1.7804962
0.0,1.7804962
0.0,1.7804962
0.0,1.7804962
0.0,1.7804962
0.0,1.7804962
0.0,1.7804962
0.0,1.7804962
0.0,1.7804962
0.0,1.7804962
0.0,1.7804962
0.0,1.7804962
0.0,1.7804962
0.0,1.7804962
0.0,1.7804962
0.0,1.7804962
0.0,1.7804962
0.0,1.2978101
0.0,1.7804962
0.0,1.2978101
0.0,1.2978101
0.0,1.7804962
3.269568939183719,1.8823152
2.35232718488886,1.8823152
4.100989104940769,1.8823152
2.772588722239781,1.8823152
2.2793164660546914,1.8823152
2.424802725718295,1.8823152
3.0204248861443626,1.8823152
2.884800712846709,1.8823152
2.617395832834079,1.8823152
3.269568939183719,1.8823152
1.766441661243765,1.8823152
2.785011242238338,1.8823152
4.609162207257629,1.8823152
1.94876321803772,1.8823152
3.561046082604052,1.8823152
3.190476350346503,1.8823152
2.2793164660546914,3.4809656
3.095577608523707,1.8823152
2.694627180770069,1.8823152
2.923161580719156,1.8823152
2.4069451083182885,1.8823152
2.209372711271867,1.8823152
2.70805020110221,3.4809656
2.180417459019838,1.8823152
3.5890591188317256,1.8823152
3.478158422798284,1.8823152
4.216562194946349,1.8823152
3.186352633162641,1.8823152
3.152736022363656,1.8823153
3.7612001156935615,1.8823153
2.827313621929028,1.8823152
3.202746442938317,1.8823152
3.478158422798284,1.8823152
2.021547563260933,1.8823152
2.631888840136646,1.8823152
2.26176309847379,1.8823152
3.937690752176724,1.8823152
2.617395832834079,1.8823152
2.468099531471619,1.8823152
3.407841924380824,1.8823152
2.4336133554004498,1.8823152
3.411147712515324,1.8823152
2.26176309847379,1.8823152
3.310543013394025,1.8823152
2.8094026953624978,1.8823152
2.306577114263583,1.8823152
2.617395832834079,1.8823152
2.178155014615869,1.8823152
3.0349529867072724,1.8823152
4.310799125385514,1.8823152
3.0726933146901194,1.8823152
3.555348061489413,1.8823152
2.923161580719156,1.8823152
3.517497837358316,1.8823152
2.760009940032921,1.8823152
2.0769384114617173,1.8823152
2.347558458636777,1.8823152
2.2793164660546914,3.4809656
2.653241964607215,1.8823152
2.451005098112319,1.8823152
1.7681496035889213,1.8823152
2.19722457733622,3.4809656
2.322387720290225,1.8823152
2.4849066497880004,1.8823152
2.995732273553991,1.8823152
3.758871825933971,1.8823152
3.292126286607793,3.4809656
3.2386784521643803,1.8823152
3.3603753871419,1.8823152
2.734367509419584,1.8823152
3.3978584803966405,1.8823152
3.005682604407159,1.8823152
3.370738174177447,1.8823152
3.7328963395307104,1.8823152
4.275276264727001,3.4809656
3.505557396986398,1.8823152
3.40452517175483,1.8823152
3.2228678461377385,1.8823152
3.317815772723105,1.8823152
3.414442608412176,1.8823152
2.3233676321765744,1.8823152
3.152736022363656,1.8823152
2.137710449803812,1.8823152
3.763522997109702,1.8823152
2.815408719422709,1.8823152
3.658420246629228,1.8823152
3.594568774642695,1.8823152
3.735285826928092,1.8823152
2.70805020110221,1.8823152
3.906004933102583,1.8823152
4.169761201506855,1.8823152
3.214867803470662,1.8823152
3.520460802488973,1.8823152
1.423108334242607,1.8823152
3.411147712515324,1.8823152
3.852273001022372,1.8823152
3.6609942506244,1.8823152
3.711130063048756,1.8823152
3.242592351485517,1.8823152
3.139832617527748,1.8823152
2.87919845729804,1.8823152
2.803360380906535,1.8823152
3.2228678461377385,1.8823152
2.797281334830153,1.8823152
2.970414465569701,1.8823152
2.1041341542702074,1.8823152
2.6390573296152584,1.8823152
1.900613874140137,1.8823152
1.5238800240724537,1.8823152
2.1210632163706555,1.8823152
3.299533727885655,1.8823152
3.655839600035736,1.8823152
3.342861804649192,1.8823152
3.517497837358316,1.8823152
1.780024213009634,1.8823152
2.9444389791664403,1.8823152
2.1826747963214883,1.8823152
2.163323025660538,1.8823152
4.410371107683024,1.8823152
2.4595888418037104,1.8823152
3.0155349008501706,1.8823152
4.325456283185488,1.8823152
2.5416019934645457,1.8823152
2.785011242238338,1.8823152
3.288401887516811,1.8823152
1.969905654611529,1.8823152
3.0106208860477417,1.8823152
2.862200880929469,1.8823152
2.87919845729804,1.8823152
2.3504224224082058,1.8823152
2.862200880929469,1.8823152
2.295560478057081,1.8823152
1.742219023667919,1.8823152
3.277144732992177,1.8823152
1.7850704810772584,1.8823152
2.617395832834079,1.8823152
2.856470206220483,1.8823152
3.6635616461296463,1.8823152
3.8607297110405954,1.8823152
2.791165107812717,1.8823152
2.4849066497880004,1.8823152
2.069391205826334,1.8823152
2.995732273553991,1.8823152
2.667228206581955,1.8823152
2.5952547069568657,1.8823152
3.1822118404966093,1.8823152
2.624668592163159,1.8823152
3.3638415951183864,1.8823152
4.23410650459726,3.4809656
3.1612467120315646,2.9334075
7.496097345175956,3.4809656
2.667228206581955,1.8823152
2.856470206220483,3.4809656
1.358409157630355,2.9334075
2.4069451083182885,3.4809656
3.828641396489095,3.4809656
2.333114298028869,2.9334075
3.261935314328648,2.9334075
3.2347491740244907,3.4809656
3.1484533605716547,3.4809656
2.299580583973747,2.9334075
4.477336814478207,3.4809656
2.5726122302071057,2.9334075
2.476538400117484,3.4809656
3.66612246699132,2.9334075
2.681021528714291,3.4809656
2.065596134857783,2.9334075
2.0135687975291283,2.9334075
2.354228326145884,3.4809656
4.204692619390966,3.4809656
0.0,1.8823152
0.0,1.8823152
0.0,1.8823152
0.0,3.4809656
0.0,1.8823152
0.0,1.8823152
0.0,3.4809656
0.0,1.8823152
0.0,1.8823152
0.0,1.8823152
0.0,1.8823152
0.0,1.8823152
0.0,1.8823152
0.0,1.8823152
0.0,1.8823152
0.0,3.4809656
0.0,3.4809656
0.0,1.8823152
0.0,1.8823152
0.0,1.8823152
0.0,1.8823152
0.0,1.8823152
0.0,1.8823152
0.0,1.8823152
0.0,1.8823152
0.0,1.8823152
0.0,1.8823152
0.0,1.8823152
0.0,1.8823152
0.0,1.8823152
0.0,1.8823152
0.0,1.8823152
0.0,3.4809656
0.0,1.8823152
0.0,1.8823152
0.0,1.8823152
0.0,1.8823152
0.0,1.8823152
0.0,1.8823152
0.0,1.8823152
0.0,1.8823152
0.0,1.8823152
0.0,1.8823152
0.0,1.8823152
0.0,1.8823152
0.0,1.8823152
0.0,1.8823152
0.0,1.8823152
0.0,1.8823152
0.0,1.8823152
0.0,1.8823152
0.0,1.8823152
0.0,1.8823152
0.0,1.8823152
0.0,1.8823152
0.0,1.8823152
0.0,1.8823152
0.0,1.8823152
0.0,1.8823152
0.0,1.8823152
0.0,1.8823152
0.0,1.8823152
0.0,1.8823152
0.0,1.8823152
0.0,1.8823153
0.0,1.8823153
0.0,1.8823152
0.0,1.8823152
0.0,1.8823152
0.0,1.8823152
0.0,1.8823152
0.0,1.8823152
0.0,1.8823152
0.0,1.8823152
0.0,1.8823152
0.0,1.8823152
0.0,1.8823152
0.0,1.8823152
0.0,1.8823152
0.0,1.8823152
0.0,1.8823152
0.0,1.8823152
0.0,1.8823152
0.0,1.8823152
0.0,1.8823152
0.0,1.8823152
0.0,1.8823152
0.0,1.8823152
0.0,1.8823152
0.0,1.8823152
0.0,1.8823152
0.0,1.8823152
0.0,1.8823152
0.0,1.8823152
0.0,1.8823152
0.0,1.8823152
0.0,1.8823152
0.0,1.8823152
0.0,1.8823152
0.0,1.8823152
0.0,1.8823152
0.0,1.8823152
0.0,1.8823152
0.0,1.8823152
0.0,1.8823152
0.0,1.8823152
0.0,1.8823152
0.0,1.8823152
0.0,1.8823152
0.0,1.8823152
0.0,1.8823152
0.0,1.8823152
0.0,1.8823152
0.0,1.8823152
0.0,1.8823152
0.0,1.8823152
0.0,1.8823152
0.0,1.8823152
0.0,1.8823152
0.0,1.8823152
0.0,1.8823152
0.0,1.8823152
0.0,1.8823152
0.0,1.8823152
0.0,1.8823152
0.0,1.8823152
0.0,1.8823152
0.0,1.8823152
0.0,1.8823152
0.0,1.8823152
0.0,1.8823152
0.0,1.8823152
0.0,1.8823152
0.0,1.8823152
0.0,1.8823152
0.0,1.8823152
0.0,1.8823152
0.0,1.8823152
0.0,1.8823152
0.0,1.8823152
0.0,1.8823152
0.0,1.8823152
0.0,1.8823152
0.0,1.8823152
0.0,1.8823152
0.0,1.8823152
0.0,1.8823152
0.0,1.8823152
0.0,1.8823152
0.0,1.8823152
0.0,1.8823152
0.0,1.8823152
0.0,1.8823152
0.0,1.8823152
0.0,1.8823152
0.0,1.8823152
0.0,1.8823152
0.0,1.8823152
0.0,1.8823152
0.0,1.8823152
0.0,1.8823152
0.0,1.8823152
0.0,1.8823152
0.0,1.8823152
0.0,1.8823152
0.0,1.8823152
0.0,1.8823152
0.0,1.8823152
0.0,1.8823152
0.0,1.8823152
0.0,1.8823152
0.0,1.8823152
0.0,1.8823152
0.0,1.8823152
0.0,1.8823152
0.0,1.8823152
0.0,1.8823152
0.0,1.8823152
0.0,1.8823152
0.0,1.8823152
0.0,1.8823152
0.0,1.8823152
0.0,1.8823152
0.0,1.8823152
0.0,1.8823152
0.0,1.8823152
0.0,1.8823152
0.0,1.8823152
0.0,1.8823152
0.0,1.8823152
0.0,1.8823152
0.0,1.8823152
0.0,1.8823152
0.0,1.8823152
0.0,1.8823152
0.0,1.8823152
0.0,1.8823152
0.0,1.8823152
0.0,1.8823152
0.0,1.8823152
0.0,1.8823152
0.0,1.8823152
0.0,1.8823152
0.0,1.8823152
0.0,1.8823152
0.0,1.8823152
0.0,1.8823152
0.0,1.8823152
0.0,1.8823152
0.0,1.8823152
0.0,1.8823152
0.0,1.8823152
0.0,1.8823152
0.0,1.8823152
0.0,1.8823152
0.0,1.8823152
0.0,1.8823152
0.0,1.8823152
0.0,1.8823152
0.0,1.8823152
0.0,1.8823152
0.0,1.8823152
0.0,1.8823152
0.0,1.8823152
0.0,1.8823152
0.0,1.8823152
0.0,1.8823152
0.0,1.8823152
0.0,1.8823152
0.0,1.8823152
0.0,1.8823152
0.0,1.8823152
0.0,1.8823152
0.0,1.8823152
0.0,1.8823152
0.0,1.8823152
0.0,1.8823152
0.0,1.8823152
0.0,1.8823152
0.0,1.8823152
0.0,1.8823152
0.0,1.8823152
0.0,1.8823152
0.0,1.8823152
0.0,1.8823152
0.0,1.8823152
0.0,1.8823152
0.0,1.8823152
0.0,1.8823152
0.0,1.8823152
0.0,1.8823152
0.0,1.8823152
0.0,1.8823152
0.0,1.8823152
0.0,1.8823152
0.0,1.8823152
0.0,1.8823152
0.0,1.8823152
0.0,1.8823152
0.0,1.8823152
0.0,1.8823152
0.0,1.8823152
0.0,1.8823152
0.0,1.8823152
0.0,1.8823152
0.0,1.8823152
0.0,1.8823152
0.0,1.8823152
0.0,1.8823152
0.0,1.8823152
0.0,1.8823153
0.0,1.8823153
0.0,1.8823152
0.0,1.8823152
0.0,1.8823152
0.0,1.8823152
0.0,1.8823152
0.0,1.8823152
0.0,1.8823152
0.0,1.8823152
0.0,1.8823152
0.0,1.8823152
0.0,1.8823152
0.0,1.8823152
0.0,1.8823152
0.0,1.8823152
0.0,1.8823152
0.0,1.8823152
0.0,1.8823152
0.0,1.8823152
0.0,1.8823152
0.0,1.8823152
0.0,3.4809656
0.0,2.9334075
0.0,2.9334075
0.0,2.9334075
0.0,2.9334075
0.0,2.9334075
0.0,2.9334075
0.0,2.9334075
0.0,2.9334075
0.0,2.9334075
3.254242968705492,1.7635796
2.5649493574615367,1.388505
4.345103280569283,1.7635796
3.8501476017100575,1.7635796
3.493472657771326,1.7635796
4.506454213048934,1.7635796
1.7749523509116738,1.7635796
3.55820113047182,1.388505
2.468099531471619,1.7635796
3.242592351485517,1.7635796
3.242592351485517,1.7635796
3.3843902633457743,1.388505
3.824284091120139,1.7635796
3.742420221041966,1.7635796
1.7749523509116738,1.7635796
2.4932054526026954,1.7635796
3.6027767550605247,1.7635796
3.265759410767051,1.7635796
3.968403338864253,1.7635796
3.696351468952637,1.388505
5.974064032427815,1.7635796
3.777348102101545,1.7635796
5.627621113690637,1.7635796
5.049856007249537,1.388505
3.8501476017100575,1.388505
3.4011973816621555,1.7635796
2.091864061678393,1.7635796
3.218875824868201,1.7635796
2.359910159613315,1.7635796
3.139832617527748,1.7635796
3.862832761237376,1.7635796
3.0155349008501706,1.388505
3.005682604407159,1.7635796
3.380994674344636,1.7635796
3.572345637857985,1.7635796
3.131136910560194,1.7635796
3.0633909220278057,1.7635796
3.9871304779149512,1.7635796
2.533696813957432,1.7635796
4.055257173514054,1.7635796
3.529297384289471,1.7635796
2.631888840136646,1.388505
3.242592351485517,1.7635796
3.4372078191851885,1.388505
1.9459101490553128,1.7635796
2.163323025660538,1.7635796
2.379546134130174,1.7635796
2.0541237336955462,1.388505
2.995732273553991,1.7635796
2.388762789235098,1.7635796
3.1780538303479458,1.7635796
3.044522437723423,1.7635796
2.772588722239781,1.7635796
2.6390573296152584,1.7635796
1.8082887711792648,1.7635796
2.2082744135228043,1.7635796
2.066862759472976,1.7635796
2.091864061678393,1.7635796
3.49650756146648,1.7635796
1.871802176901592,1.7635796
2.70805020110221,1.7635796
2.2407096892759584,1.7635796
3.555348061489413,1.7635796
1.1314021114911006,1.7635796
1.9878743481543453,1.7635796
2.4849066497880004,1.7635796
2.3978952727983707,1.7635796
1.7047480922384253,1.7635796
1.840549633397487,1.7635796
3.9318256327243257,1.7635796
2.70805020110221,1.7635796
3.258096538021482,1.7635796
2.4849066497880004,1.7635796
2.772588722239781,1.7635796
1.7578579175523736,1.7635796
2.6390573296152584,1.7635796
1.9600947840472696,1.7635796
2.70805020110221,1.7635796
1.1314021114911006,1.7635796
2.6390573296152584,1.7635796
4.276666119016055,1.7635796
2.6390573296152584,1.7635796
2.995732273553991,1.7635796
2.272125885509337,1.7635796
3.5263605246161616,1.7635796
3.091042453358316,1.7635796
2.9444389791664403,1.7635796
1.9110228900548727,1.7635796
1.791759469228055,1.388505
2.4849066497880004,1.7635796
2.5649493574615367,1.7635796
2.833213344056216,1.7635796
2.079441541679836,1.7635796
2.995732273553991,1.388505
2.079441541679836,1.7635796
3.218875824868201,1.7635796
2.6878474937846906,1.388505
2.4849066497880004,1.388505
3.044522437723423,1.7635796
2.9444389791664403,1.7635796
2.360854001118021,1.7635796
3.258096538021482,1.7635796
2.772588722239781,1.7635796
1.9459101490553128,1.388505
2.5649493574615367,1.7635796
2.5649493574615367,1.7635796
2.70805020110221,1.7635796
2.128231705849268,1.7635796
2.5649493574615367,1.7635796
2.079441541679836,1.7635796
2.079441541679836,1.7635796
2.995732273553991,1.7635796
2.96010509591084,1.388505
1.9459101490553128,1.388505
2.70805020110221,1.7635796
2.4849066497880004,1.7635796
2.079441541679836,1.388505
2.5649493574615367,1.7635796
2.833213344056216,1.7635796
3.218875824868201,1.7635796
2.079441541679836,1.388505
1.791759469228055,1.388505
1.791759469228055,1.388505
1.9459101490553128,1.7635796
2.302585092994046,1.7635796
2.8903717578961645,1.7635796
2.4849066497880004,1.7635796
2.4849066497880004,1.7635796
2.424802725718295,1.7635796
2.251291798606496,1.7635796
2.19722457733622,1.7635796
2.772588722239781,1.7635796
2.3513752571634776,1.388505
1.791759469228055,1.388505
2.0014800002101243,1.7635796
2.19722457733622,1.388505
2.5649493574615367,1.388505
2.028148247292285,1.7635796
2.302585092994046,1.7635796
2.19722457733622,1.7635796
2.079441541679836,1.7635796
2.3978952727983707,1.7635796
2.19722457733622,1.7635796
2.6390573296152584,1.7635796
2.26176309847379,1.7635796
3.1354942159291497,1.7635796
2.9444389791664403,1.7635796
2.19722457733622,1.7635796
2.4849066497880004,1.7635796
2.3978952727983707,1.7635796
2.272125885509337,1.7635796
2.4849066497880004,1.388505
2.70805020110221,1.7635796
2.0541237336955462,1.7635796
2.4849066497880004,1.7635796
1.9459101490553128,1.388505
2.186051276738094,1.7635796
2.3978952727983707,1.7635796
3.332204510175204,1.7635796
2.2925347571405443,1.7635796
2.70805020110221,1.7635796
1.9459101490553128,1.7635796
3.091042453358316,1.7635796
2.066862759472976,1.7635796
2.0541237336955462,1.388505
1.9459101490553128,1.7635796
2.1162555148025524,1.7635796
1.824549292051046,1.7635796
2.5649493574615367,1.7635796
2.5649493574615367,1.7635796
2.079441541679836,1.388505
2.19722457733622,1.388505
2.70805020110221,1.388505
2.379546134130174,1.7635796
2.312535423847214,1.7635797
2.995732273553991,1.7635797
2.8903717578961645,1.7635796
1.791759469228055,1.388505
2.833213344056216,1.388505
3.4339872044851463,1.7635796
2.091864061678393,1.7635796
3.4339872044851463,1.7635796
2.19722457733622,1.388505
2.70805020110221,1.7635796
2.0014800002101243,1.7635796
2.4849066497880004,1.388505
2.360854001118021,1.7635796
2.4849066497880004,1.7635796
1.9459101490553128,1.388505
2.624668592163159,1.388505
3.713572066704308,1.7635796
2.128231705849268,1.7635796
2.2925347571405443,1.7635796
2.70805020110221,1.7635796
2.1041341542702074,1.7635796
2.186051276738094,1.7635796
3.044522437723423,1.7635796
2.833213344056216,1.7635796
2.19722457733622,1.7635796
3.4657359027997265,1.7635796
2.186051276738094,1.7635796
2.70805020110221,1.388505
3.091042453358316,1.7635796
1.791759469228055,1.388505
2.5649493574615367,1.7635796
2.3513752571634776,1.7635796
1.9459101490553128,1.388505
2.302585092994046,1.7635796
2.70805020110221,1.7635796
3.044522437723423,1.7635796
2.19722457733622,1.7635796
3.218875824868201,1.7635796
2.5649493574615367,1.7635796
1.791759469228055,1.388505
2.0014800002101243,1.7635796
2.3978952727983707,1.7635796
2.995732273553991,1.7635796
2.079441541679836,1.388505
2.2192034840549946,1.7635796
2.70805020110221,1.7635796
2.714694743820879,1.7635796
2.6461747973841225,1.7635796
3.658420246629228,1.388505
3.173878458937465,1.7635796
2.8903717578961645,1.7635796
3.32862668882732,1.7635796
2.9444389791664403,1.7635796
3.0819099697950434,1.7635796
2.815408719422709,1.388505
2.9391619220655967,1.388505
2.6878474937846906,1.388505
2.3504224224082058,1.388505
2.188295946591918,1.388505
2.995732273553991,1.388505
1.6253112615903906,1.388505
2.4932054526026954,1.388505
1.6882490928583902,1.388505
2.451005098112319,1.388505
2.667228206581955,1.388505
2.4932054526026954,1.388505
1.8293763327993613,1.388505
2.2679936482244267,1.388505
2.4849066497880004,1.388505
5.043425116919247,1.388505
1.5496879080283263,1.388505
2.815408719422709,1.388505
2.2375130962503307,1.388505
2.3978952727983707,1.388505
2.740840023925201,1.388505
2.815408719422709,1.388505
4.127134385045092,1.388505
2.740840023925201,1.388505
2.70805020110221,1.388505
2.995732273553991,1.388505
1.4951487660319729,1.388505
3.864931397894296,1.388505
3.0633909220278057,1.388505
2.3398808777377424,1.388505
1.8961194845522973,1.388505
5.017279836814924,1.388505
2.5877640352277083,1.388505
3.972176928247893,1.388505
2.8507065015037334,1.388505
0.0,1.7635796
0.0,1.7635796
0.0,1.7635796
0.0,1.388505
0.0,1.7635796
0.0,1.7635796
0.0,1.388505
0.0,1.388505
0.0,1.7635796
0.0,1.7635796
0.0,1.7635796
0.0,1.7635796
0.0,1.7635796
0.0,1.388505
0.0,1.7635796
0.0,1.388505
0.0,1.7635796
0.0,1.388505
0.0,1.7635796
0.0,1.388505
0.0,1.7635796
0.0,1.7635796
0.0,1.7635796
0.0,1.7635796
0.0,1.7635796
0.0,1.7635796
0.0,1.388505
0.0,1.7635796
0.0,1.388505
0.0,1.388505
0.0,1.7635796
0.0,1.7635796
0.0,1.7635796
0.0,1.7635796
0.0,1.388505
0.0,1.388505
0.0,1.7635796
0.0,1.7635796
0.0,1.7635796
0.0,1.7635796
0.0,1.7635796
0.0,1.388505
0.0,1.388505
0.0,1.7635796
0.0,1.7635796
0.0,1.7635796
0.0,1.7635796
0.0,1.7635796
0.0,1.7635796
0.0,1.7635796
0.0,1.7635796
0.0,1.7635796
0.0,1.7635796
0.0,1.7635796
0.0,1.7635796
0.0,1.7635796
0.0,1.7635796
0.0,1.7635796
0.0,1.7635796
0.0,1.7635796
0.0,1.7635796
0.0,1.7635796
0.0,1.388505
0.0,1.7635796
0.0,1.7635796
0.0,1.7635796
0.0,1.7635796
0.0,1.388505
0.0,1.7635796
0.0,1.7635796
0.0,1.7635796
0.0,1.7635796
0.0,1.7635796
0.0,1.7635796
0.0,1.7635796
0.0,1.7635796
0.0,1.388505
0.0,1.388505
0.0,1.7635796
0.0,1.7635796
0.0,1.388505
0.0,1.7635796
0.0,1.7635796
0.0,1.7635796
0.0,1.7635796
0.0,1.7635796
0.0,1.388505
0.0,1.7635796
0.0,1.7635796
0.0,1.7635796
0.0,1.7635796
0.0,1.388505
0.0,1.7635796
0.0,1.7635796
0.0,1.7635796
0.0,1.7635796
0.0,1.7635796
0.0,1.7635796
0.0,1.7635796
0.0,1.7635796
0.0,1.7635796
0.0,1.7635796
0.0,1.7635796
0.0,1.7635796
0.0,1.7635796
0.0,1.7635796
0.0,1.7635796
0.0,1.7635796
0.0,1.7635796
0.0,1.7635796
0.0,1.7635796
0.0,1.388505
0.0,1.7635796
0.0,1.7635796
0.0,1.7635796
0.0,1.7635796
0.0,1.7635796
0.0,1.7635797
0.0,1.7635797
0.0,1.7635796
0.0,1.7635796
0.0,1.7635796
0.0,1.7635796
0.0,1.7635796
0.0,1.388505
0.0,1.7635796
0.0,1.7635796
0.0,1.7635796
0.0,1.7635796
0.0,1.7635796
0.0,1.7635796
0.0,1.7635796
0.0,1.7635796
0.0,1.7635796
0.0,1.7635796
0.0,1.7635796
0.0,1.7635796
0.0,1.7635796
0.0,1.7635796
0.0,1.7635796
0.0,1.7635796
0.0,1.7635796
0.0,1.7635796
0.0,1.7635796
0.0,1.7635796
0.0,1.7635796
0.0,1.7635796
0.0,1.7635796
0.0,1.7635796
0.0,1.7635796
0.0,1.388505
0.0,1.7635796
0.0,1.7635796
0.0,1.7635796
0.0,1.7635796
0.0,1.7635796
0.0,1.7635796
0.0,1.7635796
0.0,1.7635796
0.0,1.7635796
0.0,1.7635796
0.0,1.7635796
0.0,1.7635796
0.0,1.7635796
0.0,1.7635796
0.0,1.7635796
0.0,1.7635796
0.0,1.7635796
0.0,1.7635796
0.0,1.388505
0.0,1.7635796
0.0,1.7635796
0.0,1.7635796
0.0,1.7635796
0.0,1.7635796
0.0,1.7635796
0.0,1.7635796
0.0,1.7635796
0.0,1.388505
0.0,1.7635796
0.0,1.7635796
0.0,1.7635796
0.0,1.388505
0.0,1.7635796
0.0,1.7635796
0.0,1.7635796
0.0,1.7635796
0.0,1.7635796
0.0,1.7635796
0.0,1.7635796
0.0,1.7635796
0.0,1.7635796
0.0,1.7635796
0.0,1.7635796
0.0,1.7635796
0.0,1.7635796
0.0,1.7635796
0.0,1.7635796
0.0,1.388505
0.0,1.7635796
0.0,1.7635796
0.0,1.388505
0.0,1.7635796
0.0,1.7635796
0.0,1.7635796
0.0,1.7635796
0.0,1.7635796
0.0,1.388505
0.0,1.7635796
0.0,1.7635796
0.0,1.7635796
0.0,1.7635796
0.0,1.7635796
0.0,1.7635796
0.0,1.7635796
0.0,1.7635796
0.0,1.7635796
0.0,1.7635796
0.0,1.7635796
0.0,1.7635796
0.0,1.7635796
0.0,1.7635796
0.0,1.7635796
0.0,1.7635796
0.0,1.7635796
0.0,1.7635796
0.0,1.7635796
0.0,1.7635796
0.0,1.7635796
0.0,1.7635796
0.0,1.7635796
0.0,1.7635796
0.0,1.388505
0.0,1.7635796
0.0,1.7635796
0.0,1.7635796
0.0,1.7635796
0.0,1.388505
0.0,1.7635796
0.0,1.7635796
0.0,1.7635796
0.0,1.7635796
0.0,1.7635796
0.0,1.7635796
0.0,1.388505
0.0,1.7635796
0.0,1.7635796
0.0,1.7635796
0.0,1.7635796
0.0,1.7635796
0.0,1.388505
0.0,1.7635796
0.0,1.388505
0.0,1.388505
0.0,1.7635796
0.0,1.7635796
0.0,1.7635796
0.0,1.7635796
0.0,1.7635796
0.0,1.7635796
0.0,1.7635796
0.0,1.7635796
0.0,1.388505
0.0,1.7635796
0.0,1.7635796
0.0,1.7635796
0.0,1.388505
0.0,1.7635796
0.0,1.7635796
0.0,1.7635796
0.0,1.7635796
0.0,1.7635796
0.0,1.7635796
0.0,1.7635796
0.0,1.7635796
0.0,1.7635796
0.0,1.7635796
0.0,1.7635796
0.0,1.7635796
0.0,1.7635796
0.0,1.7635796
0.0,1.388505
0.0,1.7635796
0.0,1.388505
0.0,1.7635796
0.0,1.388505
0.0,1.388505
0.0,1.7635796
0.0,1.7635796
0.0,1.7635796
0.0,1.7635796
0.0,1.7635796
0.0,1.7635796
0.0,1.7635796
0.0,1.7635796
0.0,1.7635796
0.0,1.7635796
0.0,1.388505
0.0,1.7635796
0.0,1.7635796
0.0,1.388505
0.0,1.388505
0.0,1.7635796
0.0,1.7635796
0.0,1.388505
0.0,1.7635796
0.0,1.388505
0.0,1.7635796
0.0,1.7635796
0.0,1.7635796
0.0,1.7635796
0.0,1.388505
0.0,1.7635796
0.0,1.7635796
0.0,1.388505
0.0,1.7635796
0.0,1.7635796
0.0,1.7635796
0.0,1.7635796
0.0,1.7635796
0.0,1.388505
0.0,1.7635796
0.0,1.7635796
0.0,1.7635797
0.0,1.388505
0.0,1.7635796
0.0,1.7635796
0.0,1.388505
0.0,1.388505
0.0,1.7635796
0.0,1.7635796
0.0,1.7635796
0.0,1.7635796
0.0,1.7635796
0.0,1.7635796
0.0,1.388505
0.0,1.7635796
0.0,1.7635796
0.0,1.7635796
0.0,1.7635796
0.0,1.7635796
0.0,1.388505
0.0,1.7635796
0.0,1.7635796
0.0,1.7635796
0.0,1.7635796
0.0,1.7635796
0.0,1.7635796
0.0,1.388505
0.0,1.7635796
0.0,1.7635796
0.0,1.7635796
0.0,1.7635796
0.0,1.388505
0.0,1.7635796
0.0,1.7635796
0.0,1.7635796
0.0,1.7635796
0.0,1.7635796
0.0,1.7635796
0.0,1.7635796
0.0,1.7635796
0.0,1.7635796
0.0,1.7635796
0.0,1.7635796
0.0,1.7635796
0.0,1.7635796
0.0,1.7635796
0.0,1.388505
0.0,1.7635796
0.0,1.7635796
0.0,1.7635796
0.0,1.388505
0.0,1.7635796
0.0,1.7635796
0.0,1.7635796
0.0,1.7635796
0.0,1.7635796
0.0,1.7635796
0.0,1.388505
0.0,1.7635796
0.0,1.7635796
0.0,1.7635796
0.0,1.7635796
0.0,1.7635796
0.0,1.7635796
0.0,1.7635796
0.0,1.388505
0.0,1.7635796
0.0,1.7635796
0.0,1.7635796
0.0,1.7635796
0.0,1.388505
0.0,1.7635796
0.0,1.7635796
0.0,1.388505
0.0,1.7635796
0.0,1.7635796
0.0,1.388505
0.0,1.7635796
0.0,1.7635796
0.0,1.7635796
0.0,1.7635796
0.0,1.7635796
0.0,1.7635796
0.0,1.7635796
0.0,1.7635796
0.0,1.388505
0.0,1.7635796
0.0,1.7635796
0.0,1.7635796
0.0,1.7635796
0.0,1.7635796
0.0,1.7635796
0.0,1.7635796
0.0,1.7635796
0.0,1.7635796
0.0,1.7635796
0.0,1.7635796
0.0,1.388505
0.0,1.388505
0.0,1.7635796
0.0,1.7635796
0.0,1.7635796
0.0,1.7635796
0.0,1.7635796
0.0,1.7635796
0.0,1.7635796
0.0,1.7635796
0.0,1.7635796
0.0,1.7635796
0.0,1.7635796
0.0,1.7635796
0.0,1.7635796
0.0,1.7635796
0.0,1.388505
0.0,1.7635796
0.0,1.7635796
0.0,1.7635796
0.0,1.7635796
0.0,1.7635796
0.0,1.388505
0.0,1.388505
0.0,1.388505
0.0,1.388505
0.0,1.388505
0.0,1.388505
0.0,1.388505
11.695255355062796,6.8636856
10.373522431293592,6.8636856
10.62135173563291,6.8636856
10.933124826700707,6.8636856
9.798182590890704,6.8636856
10.203629181337648,6.8636856
10.34177474101152,6.8636856
9.852246888342531,6.8636856
10.165890277802454,6.8636856
9.472781556562168,6.8636856
10.203629181337648,6.8636856
9.952325334619427,6.8636856
8.748463629942055,6.8636856
9.39274525863144,6.8636856
9.546884034617923,6.8636856
8.665785595466064,6.8636856
10.736418414365376,7.115897
9.952325334619427,7.115897
9.99884318585288,7.115897
9.472781556562168,7.115897
9.305741456739437,7.115897
9.210440366976515,7.115897
8.881975184248867,7.115897
8.03947991910045,7.115897
9.472781556562168,7.115897
8.881975184248867,7.115897
8.31898612539206,7.115897
8.537191877922927,7.115897
8.537191877922927,7.115897
8.45553053102413,7.115897
7.550135342488429,7.115897
7.313886831633462,7.115897
9.39274525863144,7.351556
8.999742789830492,7.351556
7.496097345175956,7.351556
9.249657234353132,7.351556
9.169622538697624,7.351556
9.210440366976515,7.351556
9.093918908958932,7.351556
8.764209507142004,7.351556
9.15915233520675,7.351556
9.546884034617923,7.351556
8.853808274977197,7.351556
9.012011377036412,7.351556
10.714439990727769,6.8636856
9.99884318585288,6.8636856
10.518700218288163,6.8636856
10.714439990727769,6.8636856
10.275085591132717,6.8636856
10.714439990727769,6.8636856
10.373522431293592,6.8636856
10.043292972227004,6.8636856
10.463131911491969,6.8636856
9.798182590890704,6.8636856
10.34177474101152,6.8636856
10.404293143019792,6.8636856
8.881975184248867,6.8636856
9.305741456739437,6.8636856
9.305741456739437,6.8636856
9.546884034617923,6.8636856
10.87806606028079,7.115897
9.680406499268877,7.115897
9.61587214452889,7.115897
9.036106025364846,7.115897
9.04793908261736,7.115897
9.472781556562168,7.115897
7.438971592395862,7.115897
8.732465848349879,7.115897
8.630700432209832,7.115897
8.77971129020447,7.115897
8.24301946898925,7.115897
7.313886831633462,7.115897
8.682877107057168,7.115897
8.31898612539206,7.115897
7.650168700845001,7.115897
6.68586094706836,7.115897
10.34177474101152,7.351556
9.90353755128617,7.351556
9.093918908958932,7.351556
10.518700218288163,7.351556
10.691967639914864,7.351556
9.61587214452889,7.351556
10.12667110305036,7.351556
9.680406499268877,7.351556
10.12667110305036,7.351556
10.239995502805316,7.351556
9.90353755128617,7.351556
9.39274525863144,7.351556
9.61587214452889,5.491888
9.05963375455148,5.491888
9.952325334619427,5.491888
9.082620630373812,5.491888
9.071193240566023,5.491888
9.472781556562168,5.491888
9.741027444837728,5.491888
9.305741456739437,5.491888
9.105090961257083,5.491888
9.148571345578551,5.491888
9.093918908958932,5.491888
11.097425172408933,6.6955376
10.933124826700707,6.6955376
9.680406499268877,6.6955376
10.66897865021924,6.6955376
9.852246888342531,6.6955376
9.39274525863144,6.6955376
9.546884034617923,6.6955376
9.741027444837728,6.6955376
8.922791623969637,6.6955376
8.556606193773073,6.6955376
10.275085591132717,8.611077
10.373522431293592,8.510703
7.696667081526462,6.1260643
5.968707559985366,6.1260643
4.90527477843843,6.1260643
9.546884034617923,9.259518
10.275085591132717,8.754694
7.824445930877619,6.1260643
4.23410650459726,6.1260643
3.610917912644224,6.1260643
10.859018228147889,9.135658
10.645448706505872,8.970493
7.438971592395862,6.125517
5.802118375377063,6.125517
4.465908118654584,6.125517
9.680406499268877,9.288688
10.404293143019792,8.844343
7.313886831633462,6.125517
5.831882477283517,6.125517
5.198497031265826,6.125517
9.39274525863144,8.970493
9.852246888342531,8.460135
6.878326468291325,6.125517
5.564520407322694,6.125517
4.110873864173311,6.125517
11.127277689932466,9.010788
9.99884318585288,8.042428
6.493753839851686,6.125495
5.3981627015177525,6.125495
4.127134385045092,6.125495
10.12667110305036,8.844339
10.203629181337648,8.121749
6.508769136971682,6.125495
4.59511985013459,6.125495
3.8918202981106265,6.125495
10.491301994830229,8.423549
10.043292972227004,8.26563
6.803505257608338,6.810437
4.859812404361672,6.810437
4.465908118654584,6.810437
9.680406499268877,8.410831
10.308985993422082,8.1116
6.792344427470809,6.810437
4.61512051684126,6.810437
3.6375861597263857,6.810437
9.546884034617923,8.420016
10.373522431293592,8.261061
7.496097345175956,6.810437
6.19644412779452,6.810437
4.51085950651685,6.810437
11.0186455364637,8.058144
10.043292972227004,8.449688
6.673297967767654,6.8100157
5.802118375377063,6.8100157
4.465908118654584,6.8100157
10.275085591132717,8.075891
10.275085591132717,8.579256
7.090909822079984,6.8100157
5.525452939131784,6.8100157
4.875197323201151,6.8100157
10.66897865021924,8.412645
10.691967639914864,8.093045
7.696667081526462,6.8104286
5.602118820879701,6.8104286
4.465908118654584,6.8104286
10.043292972227004,8.310834
10.778977123006351,8.171796
7.00397413672268,6.8104286
5.14166355650266,6.8104286
4.07753744390572,6.8104286
9.472781556562168,8.410837
9.852246888342531,8.715033
6.698268054115413,6.8104286
5.081404364984463,6.8104286
4.330733340286331,6.8104286
10.59665973278358,8.416042
10.491301994830229,8.419731
7.783640596221253,6.809989
5.181783550292085,6.809989
4.709530201312334,6.809989
10.165890277802454,8.384973
10.518700218288163,8.412353
8.03947991910045,6.809989
5.3981627015177525,6.809989
4.553876891600541,6.809989
9.39274525863144,8.410734
10.043292972227004,8.172025
7.438971592395862,6.809989
5.771441123130016,6.809989
4.61512051684126,6.809989
10.757924157061597,8.337369
10.434145214930489,8.232625
8.006700845440367,6.8102455
6.566672429803241,6.8102455
4.564348191467836,6.8102455
10.308985993422082,8.285797
10.518700218288163,8.111487
8.101980731853192,6.8102455
6.311734809152915,6.8102455
4.605170185988092,6.8102455
10.12667110305036,8.411944
10.404293143019792,8.411337
8.268988209506656,6.80997
4.919980925828125,6.80997
3.1780538303479458,6.80997
10.043292972227004,8.428105
10.275085591132717,8.411337
7.937731775260109,6.80997
4.499809670330265,6.80997
3.610917912644224,6.80997
9.546884034617923,8.4445915
9.90353755128617,8.406475
6.846943139585379,6.80997
5.017279836814924,6.80997
3.367295829986474,6.80997
5.802118375377063,6.4799395
6.311734809152915,6.4799395
5.564520407322694,6.4799395
5.860786223465865,6.4799395
5.968707559985366,6.4799395
5.602118820879701,6.4799395
5.525452939131784,6.4799395
5.525452939131784,6.4799395
6.634633357861686,6.4799395
6.594413459749778,6.4799395
7.273092595999522,6.4799395
6.566672429803241,6.4799395
6.918695219020472,6.4799395
5.604841798032464,6.4799395
4.5217885770490405,6.4799395
5.575284824599628,6.4799395
5.928218672962563,6.4799395
4.937910994780049,6.4799395
5.929094952311624,6.4799395
5.035986149240867,6.4799395
5.879834273236242,6.4799395
4.268014110118782,6.4799395
7.747751160247139,6.4799395
4.067961425456161,6.4799395
4.930224706427823,6.4799395
4.83854987051571,6.4799395
8.910720661951359,6.4810915
8.986071187374463,6.4810915
9.44943600950432,6.4810915
9.814710982145282,6.4810915
9.577133949436078,6.4810915
9.010791269515602,6.4810915
7.905072849498666,6.4810915
7.919719760924575,6.4810915
8.704668113450987,6.4810915
7.186144304522325,6.4810915
7.919719760924575,6.4810915
8.634264863002075,6.4810915
9.324530829443727,6.4810915
6.662087650988759,6.4810915
7.523090150099138,6.4810915
8.00122561957902,6.4810915
8.801837263576504,6.4810915
8.086755860254893,6.4810915
8.185722917430967,6.4810915
7.470324601853731,6.4810915
4.948759890378168,6.4780254
5.484796933490655,6.4780254
5.198497031265826,6.4780254
5.525452939131784,6.4780254
5.225746673713202,6.4780254
5.62040086571715,6.4780254
2.3978952727983707,6.4780254
5.25227342804663,6.4780254
4.394449154672439,6.4780254
5.198497031265826,6.4780254
4.795790545596741,6.4780254
3.9318256327243257,6.4780254
2.6461747973841225,6.4780254
2.681021528714291,6.4780254
2.565718292524414,6.4780254
2.336019869080283,6.4780254
2.3739750890807185,6.4780254
2.7447035187502458,6.4780254
2.808800104202353,6.4780254
