Actual,RF_Predicted
2.050270164379556,4.127123860301017
3.977810745966149,4.127123860301017
4.577798989191959,4.127123860301017
3.655839600035736,3.863262401079154
2.342766882626877,1.3881279701217268
2.246014741505652,1.3881279701217268
2.286455711064162,1.3881279701217268
2.4159137783010487,1.3881279701217268
4.383275854074314,4.208782123325637
2.476538400117484,4.412017680195119
4.541164856012179,4.208782123325637
4.005513348515485,4.208782123325637
4.506454213048934,4.412017680195119
3.4210000089583352,4.412017680195119
4.852030263919617,4.127123860301017
2.5649493574615367,4.208782123325637
3.624340932976365,4.208782123325637
3.970291913552122,1.7876052745099185
0.0,1.3881279701217268
0.0,1.3881279701217268
0.0,1.3881279701217268
0.0,1.3881279701217268
0.0,1.3881279701217268
0.0,4.208782123325637
0.0,4.208782123325637
2.3978952727983707,3.229914963732748
2.2438960966453663,3.229914963732748
5.468060141135132,3.229914963732748
4.186619838331271,2.1400548585286967
5.420534999272286,2.1400548585286967
5.318119993844216,2.1400548585286967
4.383275854074314,2.1400548585286967
3.693866995624976,2.1400548585286967
4.502029427068578,2.1400548585286967
2.382320061012899,3.229914963732748
2.660259537265861,3.229914963732748
2.1983350716202463,3.229914963732748
5.10594547390058,2.1400548585286967
5.556828061699537,2.1400548585286967
4.727387818712341,3.1157954692513665
3.632309102625542,2.1400548585286967
5.081404364984463,2.1400548585286967
2.424802725718295,3.229914963732748
2.424802725718295,3.229914963732748
4.290459441148391,3.229914963732748
0.0,3.229914963732748
0.0,3.229914963732748
3.698829784967105,2.917610406035198
1.3912819026309295,2.917610406035198
2.3580197998821464,2.917610406035198
3.05870707271538,2.917610406035198
2.933856869835904,2.917610406035198
2.0014800002101243,2.917610406035198
1.9459101490553128,2.917610406035198
1.6620303625532709,2.917610406035198
0.0,2.917610406035198
0.0,2.917610406035198
0.0,2.917610406035198
0.0,2.917610406035198
2.2925347571405443,0.9132474455491015
3.8155121050473024,1.232716636759929
4.536891345234797,0.1295173674080533
2.8678989020441064,1.232716636759929
3.095577608523707,1.232716636759929
2.174751721484161,0.5966763206698146
2.128231705849268,1.232716636759929
2.970414465569701,1.232716636759929
2.19722457733622,1.232716636759929
1.6956156086751528,0.5966763206698146
2.7212954278522306,0.5966763206698146
1.673351238177753,0.5966763206698146
2.517696472610991,0.5966763206698146
3.555348061489413,0.5966763206698146
2.080690761080268,0.5966763206698146
0.0,0.9132474455491015
0.0,0.9132474455491015
0.0,1.232716636759929
0.0,1.232716636759929
0.0,2.224372415199277
0.0,0.9132474455491015
0.0,0.1295173674080533
0.0,0.9132474455491015
0.0,0.9132474455491015
0.0,0.9132474455491015
0.0,0.9132474455491015
0.0,0.9132474455491015
0.0,1.232716636759929
0.0,0.9132474455491015
0.0,1.232716636759929
0.0,1.232716636759929
0.0,1.232716636759929
0.0,0.9132474455491015
0.0,0.9132474455491015
0.0,0.1295173674080533
0.0,0.9132474455491015
0.0,1.232716636759929
0.0,0.9132474455491015
0.0,1.232716636759929
0.0,1.232716636759929
0.0,0.5966763206698146
0.0,0.5966763206698146
0.0,0.5966763206698146
0.0,0.5966763206698146
0.0,0.5966763206698146
2.451005098112319,0.9915613458384958
2.295560478057081,0.9915613458384958
0.0,0.9915613458384958
0.0,0.9915613458384958
0.0,0.9915613458384958
0.0,0.9915613458384958
0.0,0.9915613458384958
0.0,0.9915613458384958
0.0,0.9915613458384958
0.0,0.9915613458384958
0.0,0.9915613458384958
0.0,0.9915613458384958
0.0,0.9915613458384958
0.0,0.9915613458384958
0.0,1.3740850176302697
0.0,0.9915613458384958
3.198673117550681,3.184260090036757
2.995732273553991,3.4011632209053055
2.89591193827178,3.184260090036757
2.0294631718735947,3.184260090036757
3.4307561839036995,3.184260090036757
2.509599262378372,3.184260090036757
3.655839600035736,2.028674412021499
4.548599834499697,2.028674412021499
2.476538400117484,3.184260090036757
4.189654742026425,2.028674412021499
5.3981627015177525,2.8083493772796904
5.777652323222656,2.028674412021499
5.402677381872279,2.028674412021499
5.351858133476067,2.8083493772796904
5.25227342804663,2.8083493772796904
4.709530201312334,3.4011632209053055
3.517497837358316,2.9579753151981354
3.1179499062782403,2.9579753151981354
3.1822118404966093,2.8083493772796904
1.623340817603092,2.9579753151981354
3.688879454113936,2.9579753151981354
3.332204510175204,3.4011632209053055
0.0,3.184260090036757
0.0,2.8083493772796904
0.0,2.028674412021499
0.0,3.4011632209053055
0.0,2.8083493772796904
0.0,3.4011632209053055
0.0,3.496850431453144
0.0,2.8083493772796904
0.0,3.4011632209053055
0.0,3.496850431453144
0.0,3.4011632209053055
0.0,3.496850431453144
3.332204510175204,1.83375177783742
5.700443573390687,2.77890761692052
2.8903717578961645,2.77890761692052
3.4307561839036995,1.83375177783742
4.298645025734831,1.83375177783742
3.912023005428146,1.83375177783742
3.246490991901174,1.83375177783742
3.5779478934066544,1.83375177783742
3.8372994592322094,1.83375177783742
3.555348061489413,1.83375177783742
3.40452517175483,1.83375177783742
4.4272389774954295,1.83375177783742
3.698829784967105,1.83375177783742
2.302585092994046,2.5622577094863344
3.893859034800475,2.77890761692052
3.493472657771326,2.5622577094863344
4.50313746042294,1.83375177783742
2.833213344056216,2.77890761692052
3.068052935133617,2.77890761692052
2.509599262378372,2.77890761692052
2.128231705849268,2.77890761692052
2.5649493574615367,2.77890761692052
1.0986122886681098,2.5622577094863344
4.089332020398556,2.77890761692052
4.489759334476764,2.77890761692052
2.5877640352277083,1.83375177783742
2.923161580719156,1.83375177783742
4.060443010546419,1.83375177783742
3.6027767550605247,2.045190433662976
0.0,2.77890761692052
0.0,2.5622577094863344
0.0,2.5622577094863344
0.0,2.77890761692052
0.0,2.77890761692052
0.0,1.83375177783742
0.0,2.5622577094863344
0.0,2.045190433662976
0.0,2.045190433662976
1.615419984111648,1.155863875567465
3.40452517175483,1.155863875567465
4.175924549214524,1.155863875567465
7.528869256642251,0.7987332524275341
3.3068867021909143,0.7987332524275341
2.995732273553991,0.8679945444120354
3.9357395320454622,3.771671489224802
3.9357395320454622,3.6919786984097533
4.091005660956586,3.771671489224802
2.833213344056216,0.8679945444120354
3.658420246629228,3.6919786984097533
2.624668592163159,3.771671489224802
2.8903717578961645,2.1766524669007294
2.815408719422709,3.771671489224802
5.484796933490655,1.4766050087300413
4.574710978503383,1.4766050087300413
3.765840495250065,1.155863875567465
3.8501476017100575,3.771671489224802
4.543294782270004,3.6919786984097533
3.367295829986474,3.6919786984097533
4.075841090657541,3.6919786984097533
3.0204248861443626,1.155863875567465
3.4531571205928664,3.6919786984097533
3.086486636822455,3.6919786984097533
3.471966452550362,3.6919786984097533
3.3141860046725258,3.771671489224802
4.804021044733257,1.155863875567465
2.4159137783010487,2.1289730541805185
2.975529566236472,2.1289730541805185
2.248128907197987,2.1289730541805185
2.258633205464863,2.1766524669007294
3.784189633918261,0.7987332524275341
3.481240089335692,3.6919786984097533
3.459466289786131,3.6919786984097533
3.456316680883235,1.155863875567465
3.054001181677967,3.6919786984097533
3.044522437723423,0.7987332524275341
3.4657359027997265,0.7987332524275341
2.833213344056216,0.7987332524275341
3.254242968705492,1.155863875567465
4.428433007488037,1.155863875567465
2.862200880929469,1.155863875567465
2.6390573296152584,2.1766524669007294
4.709530201312334,0.8679945444120354
7.438971592395862,0.8679945444120354
3.091042453358316,2.1766524669007294
6.042632833682381,0.8679945444120354
5.771441123130016,0.8679945444120354
3.4339872044851463,0.8679945444120354
3.091042453358316,2.1766524669007294
7.170888478512505,0.8679945444120354
3.1354942159291497,2.1766524669007294
7.244941546337007,0.8679945444120354
3.0492730404820207,3.7768140217501927
2.150598735996164,2.1830154500640075
7.824445930877619,0.8679945444120354
6.878326468291325,0.8679945444120354
9.305741456739437,0.8679945444120354
2.5726122302071057,1.4766050087300413
3.202746442938317,3.771671489224802
0.0,0.8679945444120354
0.0,2.1289730541805185
0.0,2.1289730541805185
0.0,2.1289730541805185
0.0,1.155863875567465
0.0,2.1289730541805185
0.0,1.155863875567465
0.0,1.155863875567465
0.0,0.7987332524275341
0.0,1.155863875567465
0.0,1.155863875567465
0.0,1.155863875567465
0.0,1.4766050087300413
0.0,2.1830154500640075
0.0,2.1830154500640075
0.0,2.1830154500640075
0.0,2.1766524669007294
0.0,2.1830154500640075
0.0,0.8679945444120354
0.0,2.1766524669007294
0.0,2.1830154500640075
0.0,1.4766050087300413
0.0,3.771671489224802
0.0,3.771671489224802
1.4816045409242156,1.4050912682183778
4.27151398062636,1.4050912682183778
3.4242626545931514,1.4050912682183778
3.713572066704308,1.4050912682183778
3.122364924487357,1.4050912682183778
3.284663565406204,1.4050912682183778
3.258096538021482,1.4050912682183778
2.5649493574615367,1.4050912682183778
2.833213344056216,1.4050912682183778
4.570578741218473,1.4050912682183778
3.610917912644224,1.5811302629354813
3.044522437723423,1.5811302629354813
3.4657359027997265,1.5811302629354813
2.4849066497880004,1.5811302629354813
3.5263605246161616,1.5811302629354813
3.713572066704308,1.5811302629354813
2.9444389791664403,1.5811302629354813
3.218875824868201,1.5811302629354813
0.0,1.4050912682183778
0.0,1.4050912682183778
0.0,1.4050912682183778
0.0,1.4050912682183778
0.0,1.4050912682183778
5.181783550292085,3.6921031833814997
4.709530201312334,3.6921031833814997
5.1647859739235145,3.2991560192009843
4.56954300834494,3.6921031833814997
4.941642422609304,3.6921031833814997
4.934473933130692,3.6921031833814997
4.123903364463645,3.2991560192009843
4.074141854904581,3.6921031833814997
4.941642422609304,3.6921031833814997
4.663439094112067,3.6921031833814997
4.941642422609304,3.6921031833814997
4.983606621708336,3.6921031833814997
5.934894195619588,3.6921031833814997
4.406719247264253,3.6921031833814997
4.770684624465665,3.6921031833814997
4.691347882229144,3.6921031833814997
3.109060958860994,3.6921031833814997
4.180522258463153,3.6921031833814997
6.6293632534374485,3.6921031833814997
3.8897773964808255,3.6921031833814997
3.218875824868201,3.6921031833814997
5.030437921392435,3.6921031833814997
4.691347882229144,3.2991560192009843
4.997212273764115,3.6921031833814997
5.472270673671475,3.6921031833814997
5.272999558563747,3.6921031833814997
2.6461747973841225,1.31500856422037
3.775057150354989,1.31500856422037
1.3454723665996355,1.31500856422037
3.610917912644224,1.31500856422037
2.580216829592325,1.31500856422037
2.1644717908644115,1.31500856422037
0.9932517730102832,1.31500856422037
1.9459101490553128,1.31500856422037
3.0204248861443626,1.31500856422037
0.0,1.31500856422037
0.0,1.4727804184358824
0.0,1.31500856422037
0.0,1.31500856422037
0.0,1.31500856422037
0.0,1.31500856422037
0.0,1.31500856422037
0.0,1.31500856422037
0.0,1.31500856422037
0.0,1.31500856422037
0.0,1.31500856422037
0.0,1.31500856422037
0.0,1.31500856422037
0.0,1.31500856422037
0.0,1.31500856422037
0.0,1.31500856422037
0.0,1.31500856422037
0.0,1.31500856422037
0.0,1.31500856422037
0.0,1.31500856422037
0.0,1.31500856422037
0.0,1.31500856422037
0.0,1.31500856422037
0.0,1.31500856422037
3.3775875160230218,0.2982697784136084
1.916922612182061,0.22614690456980416
2.4159137783010487,0.22614690456980416
5.673323267171493,0.484791632433386
4.423648309364701,0.484791632433386
2.424802725718295,0.484791632433386
4.1713056033582285,0.484791632433386
1.9878743481543453,0.484791632433386
3.955082494888593,0.484791632433386
4.691347882229144,0.484791632433386
4.198704577546343,0.484791632433386
3.835141961092188,0.2982697784136084
2.862200880929469,0.484791632433386
4.437934266612178,0.484791632433386
3.591817741270805,0.484791632433386
2.9856819377004897,0.2982697784136084
2.298577071596507,0.2982697784136084
4.597138014290827,0.484791632433386
4.210645017918261,0.484791632433386
4.611152257665639,0.484791632433386
2.4336133554004498,0.484791632433386
2.0001277349601105,0.22614690456980416
2.05668455455722,0.22614690456980416
1.864080130807681,0.22614690456980416
2.772588722239781,0.484791632433386
2.4932054526026954,0.22614690456980416
2.602689685444384,0.22614690456980416
2.87919845729804,0.22614690456980416
2.079441541679836,0.22614690456980416
2.533696813957432,0.22614690456980416
3.962716119743664,0.484791632433386
3.8897773964808255,0.484791632433386
3.720862499966987,0.484791632433386
2.72785282839839,0.484791632433386
3.169685580677429,0.484791632433386
3.597312260588446,0.484791632433386
3.186352633162641,0.22614690456980416
3.9889840465642745,0.484791632433386
3.068052935133617,0.484791632433386
3.845883202923601,0.484791632433386
3.897924081048645,0.22614690456980416
2.295560478057081,0.484791632433386
3.3250360206965914,0.484791632433386
4.141546163706395,0.484791632433386
3.591817741270805,0.2982697784136084
2.468099531471619,0.22614690456980416
3.277144732992177,1.128202630789416
2.8903717578961645,1.128202630789416
3.091042453358316,1.128202630789416
2.91235066461494,1.128202630789416
2.5649493574615367,1.128202630789416
3.202746442938317,1.128202630789416
1.7298840655099674,1.128202630789416
1.9974177062012453,1.128202630789416
0.0,0.22614690456980416
0.0,0.22614690456980416
0.0,0.22614690456980416
0.0,0.22614690456980416
0.0,0.22614690456980416
0.0,0.22614690456980416
0.0,0.22614690456980416
0.0,0.484791632433386
0.0,0.22614690456980416
0.0,0.484791632433386
0.0,0.22614690456980416
0.0,1.128202630789416
0.0,1.128202630789416
0.0,1.128202630789416
0.0,1.128202630789416
0.0,1.128202630789416
2.0844290831908747,3.9633954744435305
1.3480731482996928,3.9633954744435305
5.8971538676367405,3.9633954744435305
2.388762789235098,3.9633954744435305
3.730501128804756,3.9633954744435305
4.069026754237811,3.9633954744435305
2.259677591982769,3.9633954744435305
5.916202062607435,3.9633954744435305
2.354228326145884,3.9633954744435305
2.1041341542702074,3.9633954744435305
7.090909822079984,3.9633954744435305
2.844909383819408,3.538876223990498
3.1780538303479458,3.538876223990498
5.886104031450156,3.9633954744435305
3.6635616461296463,3.538876223990498
3.258096538021482,3.9633954744435305
2.4336133554004498,3.9633954744435305
3.529297384289471,3.9633954744435305
4.505349850705881,3.9633954744435305
4.273884476054178,3.9633954744435305
5.241747015059643,3.9633954744435305
2.5649493574615367,3.9633954744435305
6.089044875446846,3.538876223990498
2.734367509419584,3.538876223990498
2.206074192613202,3.5825282012838544
2.3702437414678603,3.5825282012838544
3.0155349008501706,3.538876223990498
3.8501476017100575,3.538876223990498
4.574710978503383,3.538876223990498
2.9444389791664403,3.538876223990498
5.384495062789089,3.538876223990498
5.673323267171493,3.538876223990498
0.0,3.9633954744435305
0.0,3.9633954744435305
0.0,3.9633954744435305
0.0,3.9633954744435305
0.0,3.5825282012838544
4.441474093317302,2.1493673537015776
4.4796069630127455,2.1493673537015776
4.127134385045092,2.3275397445531736
3.4372078191851885,2.3275397445531736
2.9069010598473755,2.1493673537015776
3.4011973816621555,2.1493673537015776
3.703768066607687,2.1493673537015776
4.2710950739666,2.1493673537015776
5.1647859739235145,2.1493673537015776
5.8664680569332965,2.1493673537015776
3.6635616461296463,2.1493673537015776
3.3568971227655755,2.1493673537015776
3.5890591188317256,2.3275397445531736
4.549657476057832,2.1493673537015776
3.830812950002602,2.1493673537015776
4.255612709818223,2.1493673537015776
2.803360380906535,2.1493673537015776
4.51852237926242,2.1493673537015776
3.6136169696133895,2.3275397445531736
4.3489867805956814,2.1493673537015776
4.882801922586371,2.1493673537015776
2.468099531471619,2.9191460931389765
4.000033882750859,2.3275397445531736
5.332718793265369,2.3275397445531736
3.6375861597263857,2.9191460931389765
4.1059436980654525,2.3275397445531736
4.350277936359301,2.3275397445531736
3.725693427236653,2.9191460931389765
6.634633357861686,2.3275397445531736
4.61512051684126,2.3275397445531736
3.5145260669691587,2.9191460931389765
3.7999735016195233,2.3275397445531736
3.737669618283368,2.3275397445531736
2.3933394562625097,2.9191460931389765
3.0349529867072724,2.3275397445531736
3.735285826928092,2.9191460931389765
3.9080149840306073,2.9191460931389765
3.446807892914208,2.9191460931389765
3.893859034800475,2.9191460931389765
4.110873864173311,2.3275397445531736
3.8480176754522337,2.9191460931389765
0.0,2.3275397445531736
0.0,2.9191460931389765
1.7595805708638197,1.540898125526417
2.8903717578961645,1.9718022222890508
2.379546134130174,1.540898125526417
3.845883202923601,1.540898125526417
4.375757021660286,1.540898125526417
4.3694478524670215,1.540898125526417
3.8155121050473024,1.9718022222890508
4.290459441148391,1.540898125526417
4.085976312551584,1.540898125526417
3.8691155044168695,1.540898125526417
4.203198967134183,1.540898125526417
2.31352503303238,1.540898125526417
3.910021002757473,1.540898125526417
4.380775852772229,1.540898125526417
2.8094026953624978,1.540898125526417
2.376764491168297,1.540898125526417
3.214867803470662,1.540898125526417
4.418840607796598,1.540898125526417
4.394449154672439,1.540898125526417
3.1354942159291497,1.540898125526417
3.4011973816621555,1.540898125526417
4.68213122712422,1.540898125526417
5.017279836814924,1.540898125526417
4.540098189244376,1.9718022222890508
2.954910279033736,1.9718022222890508
4.976733742420574,2.0756169028127966
5.14166355650266,1.9718022222890508
3.918005077105693,2.0756169028127966
4.338597076746545,1.9718022222890508
2.681021528714291,2.0756169028127966
4.875197323201151,1.9718022222890508
4.056988775678332,2.0756169028127966
4.02535169073515,1.9718022222890508
4.009149716158869,1.9718022222890508
3.5263605246161616,1.9718022222890508
5.093750200806762,1.9718022222890508
2.87919845729804,2.0756169028127966
3.80666248977032,1.9718022222890508
3.49650756146648,2.0756169028127966
3.4404180948154366,2.0756169028127966
3.0492730404820207,2.0756169028127966
4.700480365792417,1.9718022222890508
3.1654750481410856,2.0756169028127966
0.0,1.540898125526417
0.0,1.540898125526417
0.0,2.0756169028127966
0.0,1.9718022222890508
3.198673117550681,1.8074637695894575
3.1354942159291497,1.8074637695894575
3.349904087274605,1.8074637695894575
2.734367509419584,1.8074637695894575
3.339321977944068,1.8074637695894575
3.658420246629228,1.8074637695894575
2.0412203288596382,2.903909356510032
2.6390573296152584,2.903909356510032
2.379546134130174,1.8074637695894575
6.78105762593618,1.8074637695894575
4.480740107609915,1.8074637695894575
4.653960350157523,1.5211758130160453
3.676300671907076,1.8074637695894575
2.5649493574615367,1.8074637695894575
2.6390573296152584,1.8074637695894575
2.3978952727983707,1.8074637695894575
3.0007198150650303,1.8074637695894575
3.3603753871419,1.8074637695894575
3.843744164674852,1.8074637695894575
5.293304824724492,1.5211758130160453
5.111987788356544,1.5211758130160453
3.883623530906448,1.8074637695894575
3.720862499966987,1.5211758130160453
4.526126978647638,1.8717938843295463
5.1298987149230735,1.5211758130160453
2.9444389791664403,1.8717938843295463
4.051784947803305,1.5211758130160453
3.0633909220278057,1.5211758130160453
4.718498871295094,1.5211758130160453
4.30406509320417,1.5211758130160453
6.054439346269371,1.5211758130160453
3.58351893845611,1.5211758130160453
3.56953269648137,1.8074637695894575
3.068052935133617,1.5211758130160453
3.968403338864253,1.5211758130160453
4.534747721691546,1.5211758130160453
5.030437921392435,1.5211758130160453
2.740840023925201,1.8074637695894575
4.258445572902527,1.5211758130160453
4.023564380161053,1.8074637695894575
5.075173815233827,1.5211758130160453
4.2710950739666,1.5211758130160453
4.051784947803305,1.5211758130160453
3.295836866004329,1.5211758130160453
4.007333185232471,1.5211758130160453
5.081404364984463,1.5211758130160453
4.174387269895637,1.5211758130160453
5.14166355650266,1.5211758130160453
4.290459441148391,1.5211758130160453
5.351858133476067,1.5211758130160453
2.4849066497880004,1.5211758130160453
4.59511985013459,1.8074637695894575
3.0155349008501706,1.8074637695894575
4.158883083359672,1.5211758130160453
4.382026634673881,1.5211758130160453
7.050989447068045,1.5211758130160453
6.580639137284949,1.8717938843295463
6.806829360392176,1.5211758130160453
6.1092475827643655,1.5211758130160453
4.539030383483547,1.5211758130160453
6.823286122355687,1.5211758130160453
2.4849066497880004,1.5211758130160453
6.306275286948016,1.5211758130160453
3.7328963395307104,1.5211758130160453
3.0155349008501706,1.5211758130160453
6.608000625296087,1.5211758130160453
7.635786861395585,1.5211758130160453
7.01301578963963,1.5211758130160453
4.02535169073515,1.8717938843295463
2.995732273553991,2.903909356510032
6.335054251498059,1.8717938843295463
2.6390573296152584,2.971176936247213
4.219507705176107,2.903909356510032
3.711130063048756,2.971176936247213
2.6878474937846906,2.971176936247213
3.258096538021482,2.903909356510032
4.509760001183433,2.971176936247213
4.709530201312334,2.903909356510032
1.916922612182061,2.971176936247213
3.044522437723423,2.903909356510032
2.6390573296152584,1.8717938843295463
3.218875824868201,2.903909356510032
5.198497031265826,2.903909356510032
3.091042453358316,2.903909356510032
0.0,1.8074637695894575
0.0,1.8074637695894575
0.0,1.8074637695894575
0.0,1.8074637695894575
0.0,1.8074637695894575
0.0,1.8074637695894575
0.0,1.5211758130160453
0.0,2.903909356510032
0.0,2.903909356510032
0.0,2.971176936247213
0.0,2.971176936247213
0.0,2.971176936247213
4.787491742782046,2.5420666313136224
5.356586274672012,2.5420666313136224
5.093750200806762,2.5420666313136224
5.147494476813453,2.5420666313136224
5.560681631015528,3.393498366819694
6.255750041753367,2.5420666313136224
3.784189633918261,2.5420666313136224
6.1463292576688975,2.5420666313136224
3.80666248977032,2.5420666313136224
4.440295542797857,3.393498366819694
6.154858094016418,2.5420666313136224
6.09807428216624,2.5420666313136224
5.0369526024136295,2.5420666313136224
4.092676505121403,2.5420666313136224
3.927896354584436,2.5420666313136224
5.886104031450156,2.5420666313136224
5.62040086571715,2.5420666313136224
3.972176928247893,2.5420666313136224
6.059123195581797,2.5420666313136224
5.068904202220232,2.5420666313136224
6.035481432524756,2.5420666313136224
6.408528791059498,2.5420666313136224
6.748759547491679,2.5420666313136224
5.4510384535657,2.5420666313136224
5.730099782973574,2.5420666313136224
6.091309882077698,2.5420666313136224
5.627621113690637,2.5420666313136224
3.5263605246161616,2.5420666313136224
6.218600119691729,2.5420666313136224
5.594711379601839,2.5420666313136224
4.579852378003801,2.5420666313136224
4.387014176184921,2.5420666313136224
5.111987788356544,2.5420666313136224
3.779633817382401,2.5420666313136224
6.18826412308259,2.5420666313136224
6.111467339502679,2.5420666313136224
6.608000625296087,2.5420666313136224
5.736572297479192,2.5420666313136224
5.541263545158426,2.5420666313136224
4.481871969643598,2.5420666313136224
3.478158422798284,2.5420666313136224
4.104294893075269,2.5420666313136224
3.561046082604052,2.5420666313136224
4.812184355372417,2.5420666313136224
3.658420246629228,2.5420666313136224
3.6216707044204863,2.5420666313136224
3.972176928247893,2.5420666313136224
3.572345637857985,2.5420666313136224
3.981549068076757,2.5420666313136224
3.8264651170664994,2.5420666313136224
6.335054251498059,2.5420666313136224
2.4159137783010487,2.5420666313136224
2.778819271990417,2.5420666313136224
4.580877493419047,2.5420666313136224
3.5263605246161616,2.5420666313136224
4.603168183317418,2.5420666313136224
3.845883202923601,2.5420666313136224
4.251348311031766,2.5420666313136224
4.163559631243574,2.5420666313136224
3.173878458937465,2.5420666313136224
4.663439094112067,2.5420666313136224
2.9496883350525844,2.5420666313136224
3.751854253275325,2.5420666313136224
4.072439726834051,2.5420666313136224
3.3978584803966405,2.5420666313136224
3.299533727885655,3.393498366819694
2.2407096892759584,2.149934885729385
1.724550719534605,2.149934885729385
1.4539530095937052,2.149934885729385
1.8578592709325787,2.149934885729385
1.7369512327330598,2.149934885729385
3.819907716520341,2.149934885729385
1.5432981099295553,2.149934885729385
2.5572273113676265,2.149934885729385
2.6878474937846906,2.149934885729385
2.6390573296152584,2.1728664701995215
2.244955980157409,2.149934885729385
2.9652730660692823,2.149934885729385
2.970414465569701,2.149934885729385
4.736198448394496,2.149934885729385
3.871201010907891,2.149934885729385
3.258096538021482,2.1728664701995215
3.713572066704308,2.149934885729385
2.6390573296152584,2.149934885729385
2.70805020110221,2.1728664701995215
3.332204510175204,2.149934885729385
4.109233174715851,2.149934885729385
3.339321977944068,2.149934885729385
3.949318790171843,2.149934885729385
3.487375077903208,2.149934885729385
2.278292400425001,2.149934885729385
4.423648309364701,2.149934885729385
3.086486636822455,2.149934885729385
3.951243718581428,2.149934885729385
3.775057150354989,2.149934885729385
3.9889840465642745,2.149934885729385
2.995732273553991,2.149934885729385
3.3603753871419,2.149934885729385
3.367295829986474,2.149934885729385
4.07753744390572,2.149934885729385
4.034240638152395,2.149934885729385
3.580737295494233,2.149934885729385
3.58351893845611,2.149934885729385
3.58351893845611,2.149934885729385
3.242592351485517,2.1728664701995215
2.4069451083182885,2.1728664701995215
4.605170185988092,2.1728664701995215
2.4849066497880004,2.1728664701995215
2.175887439948088,2.1728664701995215
2.2407096892759584,2.1728664701995215
4.248495242049359,2.1728664701995215
1.5644405465033644,2.1728664701995215
2.797281334830153,2.1728664701995215
1.7749523509116738,2.1728664701995215
2.1838015570040787,2.1728664701995215
1.7984040119467235,2.1728664701995215
3.629660094453965,2.1728664701995215
3.0204248861443626,2.1728664701995215
4.204692619390966,2.1728664701995215
1.9712993830601329,2.1728664701995215
2.6390573296152584,2.1728664701995215
4.02535169073515,2.1728664701995215
2.4159137783010487,2.1728664701995215
3.2386784521643803,2.1728664701995215
0.0,2.1728664701995215
0.0,2.1728664701995215
0.0,2.149934885729385
0.0,2.149934885729385
0.0,2.149934885729385
0.0,2.149934885729385
0.0,2.149934885729385
0.0,2.149934885729385
0.0,2.149934885729385
0.0,2.149934885729385
0.0,2.149934885729385
0.0,2.149934885729385
0.0,2.149934885729385
0.0,2.149934885729385
0.0,2.149934885729385
0.0,2.149934885729385
0.0,2.149934885729385
0.0,2.1728664701995215
0.0,2.1728664701995215
0.0,2.1728664701995215
0.0,2.1728664701995215
0.0,2.1728664701995215
0.0,2.1728664701995215
0.0,2.1728664701995215
0.0,2.1728664701995215
0.0,2.1728664701995215
0.0,2.1728664701995215
0.0,2.1728664701995215
2.91235066461494,0.8047810752463443
3.6136169696133895,0.8047810752463443
2.5649493574615367,0.826539220437406
6.052089168924417,0.8047810752463443
7.346655163176539,0.8047810752463443
4.574710978503383,0.8047810752463443
5.916202062607435,0.8047810752463443
3.4657359027997265,0.8047810752463443
4.709530201312334,0.8047810752463443
4.158883083359672,0.8047810752463443
2.302585092994046,0.8047810752463443
2.6390573296152584,0.826539220437406
3.104586678466073,0.8047810752463443
4.795790545596741,0.826539220437406
4.356708826689592,0.8047810752463443
4.727387818712341,0.8047810752463443
5.869296913133774,0.8047810752463443
3.871201010907891,0.8047810752463443
2.251291798606496,0.8047810752463443
3.044522437723423,0.8047810752463443
3.828641396489095,0.8047810752463443
7.507141079727608,0.8047810752463443
4.26549281841793,0.8047810752463443
4.762173934797756,0.8047810752463443
4.276666119016055,0.8047810752463443
3.349904087274605,0.8047810752463443
9.539716058977092,0.8047810752463443
2.3978952727983707,0.8047810752463443
6.398594934535208,0.8047810752463443
4.33729074083249,0.8047810752463443
9.852246888342531,0.8047810752463443
3.5263605246161616,0.8047810752463443
5.69035945432406,0.8047810752463443
7.550135342488429,0.8047810752463443
6.723832440821209,0.8047810752463443
4.672828834461906,0.8047810752463443
2.501435951739211,0.826539220437406
2.884800712846709,0.826539220437406
3.8416005411316,0.826539220437406
5.771441123130016,0.826539220437406
3.784189633918261,0.826539220437406
3.1441522786722644,0.826539220437406
1.5303947050936475,0.826539220437406
7.804251383528112,0.826539220437406
4.48863636973214,0.826539220437406
1.7404661748405046,0.826539220437406
3.4657359027997265,0.826539220437406
3.937690752176724,0.826539220437406
8.114025442356757,0.826539220437406
3.686376323895818,0.826539220437406
4.200204952921578,0.826539220437406
5.25227342804663,0.826539220437406
2.151762203259462,0.826539220437406
7.378383712996714,0.826539220437406
3.1354942159291497,0.826539220437406
3.713572066704308,0.826539220437406
3.295836866004329,0.826539220437406
8.131824785007195,0.826539220437406
8.131824785007195,0.826539220437406
3.824284091120139,0.826539220437406
6.300785794663244,0.826539220437406
4.709530201312334,0.826539220437406
3.610917912644224,0.826539220437406
7.438971592395862,0.826539220437406
8.922791623969637,0.826539220437406
2.0719132752590443,0.826539220437406
4.262679877041316,0.826539220437406
4.333361462692601,0.826539220437406
3.632309102625542,0.826539220437406
4.997212273764115,0.826539220437406
6.040254711277414,0.826539220437406
2.451005098112319,0.826539220437406
3.32862668882732,0.826539220437406
6.836259277277067,0.826539220437406
3.202746442938317,0.826539220437406
4.110873864173311,0.826539220437406
4.204692619390966,0.826539220437406
9.61587214452889,0.826539220437406
3.4657359027997265,0.826539220437406
2.995732273553991,0.826539220437406
3.5263605246161616,0.826539220437406
3.1780538303479458,0.826539220437406
5.602118820879701,0.826539220437406
3.068052935133617,0.826539220437406
0.0,0.8047810752463443
0.0,0.8047810752463443
0.0,0.8047810752463443
0.0,0.8047810752463443
0.0,0.826539220437406
0.0,0.826539220437406
0.0,0.826539220437406
3.054001181677967,2.2964286944560386
3.044522437723423,2.2964286944560386
3.218875824868201,2.2964286944560386
3.1780538303479458,2.2964286944560386
2.3978952727983707,2.2964286944560386
3.7612001156935615,2.2964286944560386
3.091042453358316,2.2964286944560386
2.312535423847214,2.2964286944560386
1.1314021114911006,2.2964286944560386
1.9600947840472696,2.2964286944560386
1.1939224684724346,2.2964286944560386
1.88706964903238,2.2410306486990548
1.5686159179138452,2.2964286944560386
2.3978952727983707,2.2964286944560386
2.2823823856765264,2.2964286944560386
2.3978952727983707,2.2964286944560386
1.4350845252893227,2.2964286944560386
1.5686159179138452,2.2964286944560386
2.2300144001592104,2.2964286944560386
2.5649493574615367,2.2964286944560386
1.9600947840472696,2.2964286944560386
1.9021075263969205,2.2964286944560386
1.791759469228055,2.2964286944560386
1.9878743481543453,2.2964286944560386
2.028148247292285,2.2964286944560386
2.19722457733622,2.2964286944560386
2.0541237336955462,2.2964286944560386
2.70805020110221,2.2964286944560386
3.332204510175204,2.2964286944560386
2.8903717578961645,2.2964286944560386
1.9387416595767009,2.2964286944560386
3.4657359027997265,2.2964286944560386
1.80005827204275,2.2964286944560386
2.772588722239781,2.2964286944560386
2.079441541679836,2.2964286944560386
2.5649493574615367,2.2964286944560386
0.0,2.2964286944560386
0.0,2.2964286944560386
0.0,2.2964286944560386
0.0,2.2964286944560386
0.0,2.2964286944560386
0.0,2.2964286944560386
0.0,2.2964286944560386
0.0,2.2964286944560386
0.0,2.2964286944560386
0.0,2.2964286944560386
0.0,2.2964286944560386
0.0,2.2964286944560386
0.0,2.2964286944560386
0.0,2.2964286944560386
0.0,2.2964286944560386
0.0,2.2964286944560386
0.0,2.2964286944560386
0.0,2.2964286944560386
0.0,2.2964286944560386
0.0,2.2964286944560386
0.0,2.2964286944560386
0.0,2.2964286944560386
0.0,2.2964286944560386
0.0,2.2410306486990548
0.0,2.2964286944560386
0.0,2.2964286944560386
0.0,2.2964286944560386
0.0,2.2964286944560386
0.0,2.2964286944560386
0.0,2.2964286944560386
0.0,2.2964286944560386
0.0,2.2964286944560386
0.0,2.2410306486990548
0.0,2.2964286944560386
0.0,2.2964286944560386
0.0,2.2964286944560386
0.0,2.2964286944560386
0.0,2.2964286944560386
0.0,2.2964286944560386
0.0,2.2964286944560386
0.0,2.2964286944560386
0.0,2.2964286944560386
0.0,2.2964286944560386
0.0,2.2964286944560386
0.0,2.2964286944560386
0.0,2.2964286944560386
0.0,2.2964286944560386
0.0,2.2964286944560386
0.0,2.2964286944560386
0.0,2.2964286944560386
0.0,2.2964286944560386
0.0,2.2964286944560386
0.0,2.2964286944560386
0.0,2.2964286944560386
0.0,2.2964286944560386
0.0,2.2964286944560386
0.0,2.2964286944560386
0.0,2.2964286944560386
0.0,2.2964286944560386
0.0,2.2964286944560386
0.0,2.2964286944560386
0.0,2.2964286944560386
0.0,2.2964286944560386
3.3568971227655755,1.1844165237945097
1.9600947840472696,1.1844165237945097
2.5416019934645457,1.1844165237945097
1.8825138324965192,1.1844165237945097
2.5649493574615367,1.1844165237945097
3.1780538303479458,1.1844165237945097
3.044522437723423,1.1844165237945097
2.312535423847214,1.1844165237945097
1.7749523509116738,1.1844165237945097
1.8961194845522973,1.1844165237945097
2.4849066497880004,1.1844165237945097
2.251291798606496,1.1844165237945097
2.533696813957432,1.1844165237945097
2.5572273113676265,1.1844165237945097
2.171336806384092,1.1844165237945097
1.9021075263969205,1.1844165237945097
2.6741486494265287,1.1844165237945097
2.2975725511705014,1.1844165237945097
2.066862759472976,1.1844165237945097
2.928523523860541,1.1844165237945097
2.075684492802124,1.1844165237945097
1.88706964903238,1.1844165237945097
2.70805020110221,1.1844165237945097
2.2823823856765264,1.1844165237945097
2.0541237336955462,1.1844165237945097
2.856470206220483,1.1844165237945097
2.233235014859253,1.1844165237945097
2.274185618472348,1.1844165237945097
2.157559320943788,1.1844165237945097
0.0,1.1844165237945097
0.0,1.1844165237945097
0.0,1.1844165237945097
0.0,1.1844165237945097
0.0,1.1844165237945097
0.0,1.1844165237945097
0.0,1.1844165237945097
0.0,1.1844165237945097
0.0,1.1844165237945097
0.0,1.1844165237945097
0.0,1.1844165237945097
0.0,1.1844165237945097
0.0,1.1844165237945097
0.0,1.1844165237945097
0.0,1.1844165237945097
0.0,1.1844165237945097
0.0,1.1844165237945097
0.0,1.1844165237945097
0.0,1.1844165237945097
0.0,1.1844165237945097
0.0,1.1844165237945097
0.0,1.1844165237945097
0.0,1.1844165237945097
0.0,1.1844165237945097
0.0,1.1844165237945097
0.0,1.1844165237945097
0.0,1.1844165237945097
0.0,1.1844165237945097
0.0,1.1844165237945097
0.0,1.1844165237945097
0.0,1.1844165237945097
0.0,1.1844165237945097
0.0,1.1844165237945097
0.0,1.1844165237945097
0.0,1.1844165237945097
0.0,1.1844165237945097
0.0,1.1844165237945097
0.0,1.1844165237945097
0.0,1.1844165237945097
0.0,1.1844165237945097
0.0,1.1844165237945097
0.0,1.1844165237945097
0.0,1.1844165237945097
0.0,1.1844165237945097
0.0,1.1844165237945097
0.0,1.1844165237945097
0.0,1.1844165237945097
0.0,1.1844165237945097
0.0,1.1844165237945097
0.0,1.1844165237945097
0.0,1.1844165237945097
0.0,1.1844165237945097
0.0,1.1844165237945097
0.0,1.1844165237945097
0.0,1.1844165237945097
0.0,1.1844165237945097
0.0,1.1844165237945097
0.0,1.1844165237945097
0.0,1.1844165237945097
0.0,1.1844165237945097
0.0,1.1844165237945097
0.0,1.1844165237945097
0.0,1.1844165237945097
0.0,1.1844165237945097
0.0,1.1844165237945097
0.0,1.1844165237945097
0.0,1.1844165237945097
0.0,1.1844165237945097
0.0,1.1844165237945097
0.0,1.1844165237945097
0.0,1.1844165237945097
0.0,1.1844165237945097
0.0,1.1844165237945097
0.0,1.1844165237945097
0.0,1.1844165237945097
0.0,1.1844165237945097
0.0,1.1844165237945097
0.0,1.1844165237945097
0.0,1.1844165237945097
0.0,1.1844165237945097
0.0,1.1844165237945097
0.0,1.1844165237945097
0.0,1.1844165237945097
0.0,1.1844165237945097
2.451005098112319,2.5761002015741554
3.543853682063679,2.8628725227976406
3.676300671907076,2.8628725227976406
2.0476928433652555,2.8628725227976406
3.830812950002602,2.8628725227976406
3.1822118404966093,2.5761002015741554
2.8094026953624978,2.8628725227976406
2.815408719422709,2.5761002015741554
3.906004933102583,2.8628725227976406
3.632309102625542,2.5761002015741554
3.462606009790799,2.8628725227976406
2.6100697927420065,2.8628725227976406
3.391147045808654,2.8628725227976406
4.191168746857641,2.8628725227976406
4.087655574071304,2.5761002015741554
2.9496883350525844,2.8628725227976406
2.34660197841082,2.5761002015741554
1.4609379041156565,2.8628725227976406
3.407841924380824,2.8628725227976406
3.822098297900159,2.8628725227976406
3.3068867021909143,2.8628725227976406
3.202746442938317,2.8628725227976406
4.222444564849416,2.8628725227976406
3.903990833730882,2.8628725227976406
4.198704577546343,2.8628725227976406
5.613128106388071,2.8628725227976406
3.9982007016692,2.5761002015741554
2.517696472610991,2.5761002015741554
2.6461747973841225,2.8628725227976406
3.3250360206965914,2.8628725227976406
3.563882963939251,2.8628725227976406
2.079441541679836,2.8628725227976406
1.9021075263969205,2.8628725227976406
2.2925347571405443,2.8628725227976406
1.916922612182061,2.8628725227976406
2.4849066497880004,2.8628725227976406
3.871201010907891,2.8628725227976406
2.4849066497880004,2.5761002015741554
2.302585092994046,2.5761002015741554
4.554928969551344,2.5761002015741554
4.762173934797756,2.8628725227976406
4.787491742782046,2.8628725227976406
4.6443908991413725,2.5761002015741554
5.19295685089021,2.5761002015741554
4.449685283147696,2.8628725227976406
5.733341276897746,2.8628725227976406
4.110873864173311,2.8628725227976406
4.624972813284271,2.5761002015741554
4.5612182984589085,2.8628725227976406
2.451005098112319,2.8628725227976406
1.80005827204275,2.8628725227976406
1.8389610707123487,2.8628725227976406
2.8390784635086144,2.8628725227976406
3.218875824868201,2.8628725227976406
3.6712245188752153,2.8628725227976406
4.313480092138772,2.8628725227976406
3.131136910560194,2.8628725227976406
3.7328963395307104,2.8628725227976406
4.912654885736052,2.8628725227976406
2.815408719422709,2.8628725227976406
2.803360380906535,2.8628725227976406
2.6100697927420065,2.8628725227976406
2.4423470353692043,2.8628725227976406
2.4849066497880004,2.8628725227976406
3.095577608523707,2.8628725227976406
1.4350845252893227,2.8628725227976406
2.1610215286722587,2.8628725227976406
1.9050881545350584,2.8628725227976406
2.424802725718295,2.8628725227976406
5.71042701737487,2.8628725227976406
1.8066480817218056,2.8628725227976406
4.037774210733707,2.8628725227976406
3.095577608523707,2.8628725227976406
2.624668592163159,2.8628725227976406
1.87640694328834,2.8628725227976406
2.347558458636777,2.8628725227976406
1.4701758451005926,2.8628725227976406
3.964615455547317,2.8628725227976406
2.8903717578961645,2.8628725227976406
2.760009940032921,2.8628725227976406
2.200552367428894,2.8628725227976406
2.394252281519869,2.8628725227976406
2.9391619220655967,2.8628725227976406
3.4011973816621555,2.8628725227976406
1.7369512327330598,2.8628725227976406
3.912023005428146,2.5761002015741554
2.8213788864092133,2.8628725227976406
3.0726933146901194,2.8628725227976406
2.766319109226186,2.8628725227976406
2.3664984187376983,2.8628725227976406
1.7749523509116738,2.8628725227976406
2.785011242238338,2.8628725227976406
2.0831845279586703,2.8628725227976406
2.525728644308256,2.8628725227976406
3.873282177111716,2.8628725227976406
3.493472657771326,2.8628725227976406
2.91235066461494,2.8628725227976406
2.0149030205422647,2.8628725227976406
2.390595970316759,2.8628725227976406
2.5572273113676265,2.8628725227976406
3.186352633162641,2.8628725227976406
2.9014215940827497,2.8628725227976406
1.9530276168241767,2.8628725227976406
1.8991179875485544,2.8628725227976406
5.081404364984463,2.8628725227976406
3.4436180975461075,2.8628725227976406
2.1234584270966104,2.8628725227976406
3.2068032436339315,2.8628725227976406
3.4372078191851885,2.8628725227976406
2.373043556642607,2.8628725227976406
4.060443010546419,2.5761002015741554
3.56953269648137,2.5761002015741554
4.56746831880408,2.5761002015741554
0.0,2.8628725227976406
0.0,2.8628725227976406
0.0,2.8628725227976406
0.0,2.5761002015741554
0.0,2.8628725227976406
0.0,2.5761002015741554
0.0,2.8628725227976406
0.0,2.5761002015741554
0.0,2.5761002015741554
0.0,2.8628725227976406
0.0,2.5761002015741554
0.0,2.8628725227976406
0.0,2.5761002015741554
0.0,2.8628725227976406
0.0,2.8628725227976406
0.0,2.8628725227976406
0.0,2.5761002015741554
0.0,2.8628725227976406
0.0,2.8628725227976406
0.0,2.8628725227976406
0.0,2.8628725227976406
0.0,2.8628725227976406
0.0,2.8628725227976406
0.0,2.5761002015741554
0.0,2.8628725227976406
0.0,2.8628725227976406
0.0,2.8628725227976406
0.0,2.8628725227976406
0.0,2.8628725227976406
0.0,2.8628725227976406
0.0,2.8628725227976406
0.0,2.8628725227976406
0.0,2.8628725227976406
0.0,2.8628725227976406
0.0,2.8628725227976406
0.0,2.8628725227976406
0.0,2.5761002015741554
0.0,2.8628725227976406
0.0,2.8628725227976406
0.0,2.8628725227976406
1.3137236682850553,0.25386250664047444
2.0149030205422647,0.25386250664047444
2.5494451709255714,0.25386250664047444
1.791759469228055,0.25386250664047444
3.077312260546414,0.25386250664047444
1.597365331199831,0.25386250664047444
1.5085119938441398,0.25386250664047444
1.7404661748405046,0.25386250664047444
1.851599469584072,0.25386250664047444
0.0,0.25386250664047444
0.0,0.25386250664047444
0.0,0.25386250664047444
0.0,0.25386250664047444
0.0,0.25386250664047444
0.0,0.25386250664047444
0.0,0.25386250664047444
0.0,0.25386250664047444
0.0,0.25386250664047444
0.0,0.25386250664047444
0.0,0.25386250664047444
0.0,0.25386250664047444
0.0,0.25386250664047444
0.0,0.25386250664047444
0.0,0.25386250664047444
0.0,0.25386250664047444
0.0,0.25386250664047444
0.0,0.25386250664047444
0.0,0.25386250664047444
0.0,0.25386250664047444
0.0,0.25386250664047444
0.0,0.25386250664047444
0.0,0.25386250664047444
0.0,0.25386250664047444
0.0,0.25386250664047444
0.0,0.25386250664047444
0.0,0.25386250664047444
0.0,0.25386250664047444
0.0,0.25386250664047444
0.0,0.25386250664047444
0.0,0.25386250664047444
0.0,0.572591310681072
0.0,0.25386250664047444
0.0,0.25386250664047444
0.0,0.25386250664047444
0.0,0.25386250664047444
0.0,0.25386250664047444
0.0,0.25386250664047444
0.0,0.25386250664047444
0.0,0.25386250664047444
0.0,0.25386250664047444
0.0,0.25386250664047444
0.0,0.25386250664047444
0.0,0.25386250664047444
0.0,0.25386250664047444
0.0,0.25386250664047444
0.0,0.25386250664047444
0.0,0.25386250664047444
0.0,0.25386250664047444
0.0,0.25386250664047444
0.0,0.25386250664047444
0.0,0.25386250664047444
0.0,0.25386250664047444
0.0,0.25386250664047444
0.0,0.25386250664047444
0.0,0.25386250664047444
0.0,0.25386250664047444
0.0,0.25386250664047444
0.0,0.25386250664047444
0.0,0.25386250664047444
0.0,0.25386250664047444
0.0,0.25386250664047444
0.0,0.25386250664047444
0.0,0.572591310681072
0.0,0.25386250664047444
0.0,0.25386250664047444
0.0,0.25386250664047444
0.0,0.25386250664047444
0.0,0.25386250664047444
0.0,0.25386250664047444
0.0,0.25386250664047444
0.0,0.25386250664047444
0.0,0.25386250664047444
0.0,0.25386250664047444
0.0,0.25386250664047444
0.0,0.25386250664047444
0.0,0.25386250664047444
0.0,0.25386250664047444
0.0,0.25386250664047444
0.0,0.25386250664047444
0.0,0.25386250664047444
0.0,0.25386250664047444
0.0,0.25386250664047444
0.0,0.25386250664047444
0.0,0.25386250664047444
0.0,0.25386250664047444
0.0,0.25386250664047444
0.0,0.25386250664047444
0.0,0.25386250664047444
0.0,0.25386250664047444
0.0,0.25386250664047444
0.0,0.25386250664047444
0.0,0.25386250664047444
0.0,0.25386250664047444
0.0,0.25386250664047444
0.0,0.25386250664047444
0.0,0.25386250664047444
0.0,0.25386250664047444
0.0,0.25386250664047444
0.0,0.25386250664047444
0.0,0.25386250664047444
0.0,0.25386250664047444
0.0,0.25386250664047444
0.0,0.25386250664047444
0.0,0.25386250664047444
0.0,0.25386250664047444
0.0,0.25386250664047444
0.0,0.25386250664047444
0.0,0.25386250664047444
0.0,0.25386250664047444
0.0,0.25386250664047444
0.0,0.25386250664047444
0.0,0.25386250664047444
0.0,0.25386250664047444
0.0,0.25386250664047444
0.0,0.25386250664047444
0.0,0.25386250664047444
0.0,0.25386250664047444
0.0,0.25386250664047444
0.0,0.25386250664047444
0.0,0.25386250664047444
0.0,0.25386250664047444
0.0,0.25386250664047444
0.0,0.25386250664047444
0.0,0.25386250664047444
0.0,0.25386250664047444
0.0,0.25386250664047444
0.0,0.25386250664047444
0.0,0.25386250664047444
0.0,0.25386250664047444
0.0,0.25386250664047444
0.0,0.25386250664047444
0.0,0.25386250664047444
0.0,0.25386250664047444
0.0,0.572591310681072
0.0,0.25386250664047444
0.0,0.25386250664047444
0.0,0.25386250664047444
0.0,0.25386250664047444
0.0,0.25386250664047444
0.0,0.25386250664047444
0.0,0.25386250664047444
0.0,0.25386250664047444
0.0,0.25386250664047444
0.0,0.25386250664047444
0.0,0.25386250664047444
0.0,0.25386250664047444
0.0,0.25386250664047444
2.4932054526026954,0.8206058690445036
3.962716119743664,0.8206058690445036
4.239886867512759,0.8206058690445036
3.9318256327243257,0.8206058690445036
3.629660094453965,0.8206058690445036
2.833213344056216,0.8206058690445036
3.091042453358316,0.8206058690445036
2.5726122302071057,0.8206058690445036
2.325324579963535,0.8206058690445036
2.772588722239781,0.8206058690445036
2.272125885509337,0.8206058690445036
3.258096538021482,0.8206058690445036
1.7749523509116738,0.8206058690445036
4.0943445622221,0.9655086739089039
3.555348061489413,0.8206058690445036
1.5260563034950492,0.8206058690445036
2.5649493574615367,0.8206058690445036
1.9740810260220096,0.9655086739089039
3.1780538303479458,0.8206058690445036
2.6390573296152584,0.8206058690445036
2.9444389791664403,0.8206058690445036
2.8903717578961645,0.8206058690445036
3.367295829986474,0.8206058690445036
4.110873864173311,0.8206058690445036
2.9444389791664403,0.8206058690445036
2.5649493574615367,0.8206058690445036
2.302585092994046,0.8206058690445036
2.341805806147327,0.8206058690445036
2.2407096892759584,0.9655086739089039
2.169053700369523,0.8206058690445036
2.4849066497880004,0.8206058690445036
2.785011242238338,0.8206058690445036
2.451005098112319,0.8206058690445036
2.3978952727983707,0.8206058690445036
1.9021075263969205,0.8206058690445036
2.833213344056216,0.8206058690445036
2.0014800002101243,0.8206058690445036
1.791759469228055,0.8206058690445036
2.631888840136646,0.8206058690445036
1.9671123567059163,0.8206058690445036
2.70805020110221,0.8206058690445036
2.70805020110221,0.8206058690445036
2.3702437414678603,0.8206058690445036
2.2192034840549946,0.8206058690445036
2.19722457733622,0.8206058690445036
2.862200880929469,0.8206058690445036
5.517452896464707,0.8206058690445036
0.0,0.8206058690445036
0.0,0.8206058690445036
0.0,0.8206058690445036
0.0,0.8206058690445036
0.0,0.8206058690445036
0.0,0.8206058690445036
0.0,0.8206058690445036
0.0,0.8206058690445036
0.0,0.8206058690445036
0.0,0.8206058690445036
0.0,0.8206058690445036
0.0,0.8206058690445036
0.0,0.8206058690445036
0.0,0.8206058690445036
0.0,0.9655086739089039
0.0,0.8206058690445036
0.0,0.8206058690445036
0.0,0.8206058690445036
0.0,0.8206058690445036
0.0,0.8206058690445036
0.0,0.8206058690445036
0.0,0.8206058690445036
0.0,0.8206058690445036
0.0,0.8206058690445036
0.0,0.8206058690445036
0.0,0.8206058690445036
0.0,0.8206058690445036
0.0,0.8206058690445036
0.0,0.8206058690445036
0.0,0.8206058690445036
0.0,0.8206058690445036
0.0,0.8206058690445036
0.0,0.8206058690445036
0.0,0.8206058690445036
0.0,0.8206058690445036
0.0,0.8206058690445036
0.0,0.8206058690445036
0.0,0.8206058690445036
0.0,0.8206058690445036
0.0,0.8206058690445036
0.0,0.8206058690445036
0.0,0.8206058690445036
0.0,0.8206058690445036
0.0,0.8206058690445036
0.0,0.8206058690445036
0.0,0.9655086739089039
0.0,0.8206058690445036
0.0,0.8206058690445036
0.0,0.8206058690445036
0.0,0.8206058690445036
0.0,0.8206058690445036
0.0,0.8206058690445036
0.0,0.8206058690445036
0.0,0.8206058690445036
0.0,0.8206058690445036
0.0,0.8206058690445036
0.0,0.8206058690445036
0.0,0.8206058690445036
0.0,0.8206058690445036
0.0,0.8206058690445036
0.0,0.8206058690445036
0.0,0.8206058690445036
0.0,0.8206058690445036
0.0,0.8206058690445036
0.0,0.8206058690445036
0.0,0.8206058690445036
0.0,0.8206058690445036
0.0,0.8206058690445036
0.0,0.8206058690445036
0.0,0.8206058690445036
0.0,0.8206058690445036
0.0,0.8206058690445036
0.0,0.8206058690445036
0.0,0.8206058690445036
0.0,0.8206058690445036
0.0,0.8206058690445036
0.0,0.8206058690445036
0.0,0.8206058690445036
0.0,0.8206058690445036
0.0,0.8206058690445036
0.0,0.8206058690445036
0.0,0.8206058690445036
0.0,0.8206058690445036
0.0,0.8206058690445036
0.0,0.8206058690445036
0.0,0.8206058690445036
0.0,0.8206058690445036
0.0,0.8206058690445036
0.0,0.8206058690445036
0.0,0.8206058690445036
0.0,0.8206058690445036
0.0,0.8206058690445036
0.0,0.8206058690445036
0.0,0.8206058690445036
0.0,0.8206058690445036
0.0,0.8206058690445036
0.0,0.8206058690445036
0.0,0.8206058690445036
0.0,0.8206058690445036
0.0,0.8206058690445036
0.0,0.8206058690445036
0.0,0.8206058690445036
0.0,0.8206058690445036
0.0,0.8206058690445036
0.0,0.8206058690445036
0.0,0.8206058690445036
0.0,0.8206058690445036
0.0,0.8206058690445036
0.0,0.8206058690445036
0.0,0.8206058690445036
0.0,0.8206058690445036
0.0,0.8206058690445036
0.0,0.8206058690445036
0.0,0.8206058690445036
0.0,0.8206058690445036
0.0,0.8206058690445036
0.0,0.8206058690445036
0.0,0.8206058690445036
0.0,0.8206058690445036
0.0,0.8206058690445036
0.0,0.8206058690445036
0.0,0.8206058690445036
0.0,0.8206058690445036
0.0,0.8206058690445036
0.0,0.8206058690445036
0.0,0.8206058690445036
0.0,0.8206058690445036
0.0,0.8206058690445036
0.0,0.8206058690445036
0.0,0.8206058690445036
0.0,0.8206058690445036
0.0,0.8206058690445036
0.0,0.8206058690445036
0.0,0.8206058690445036
0.0,0.8206058690445036
0.0,0.8206058690445036
0.0,0.8206058690445036
3.190476350346503,0.8198530374415774
2.390595970316759,0.8198530374415774
2.624668592163159,0.8198530374415774
2.844909383819408,0.8198530374415774
3.4531571205928664,0.8198530374415774
4.326778160443404,0.8198530374415774
3.535145354171894,0.8198530374415774
2.9806186357439426,0.8198530374415774
4.055257173514054,0.8198530374415774
2.5649493574615367,0.8198530374415774
3.218875824868201,0.8198530374415774
3.1354942159291497,0.8198530374415774
2.379546134130174,0.8198530374415774
3.091042453358316,0.8198530374415774
1.5686159179138452,0.8198530374415774
4.709530201312334,0.8198530374415774
1.9315214116032136,0.8198530374415774
2.2192034840549946,1.5484689610625182
3.218875824868201,0.8198530374415774
2.154085084675602,0.8198530374415774
3.091042453358316,0.8198530374415774
2.70805020110221,0.8198530374415774
2.9444389791664403,0.8198530374415774
2.2407096892759584,0.8198530374415774
2.6390573296152584,0.8198530374415774
2.26176309847379,0.8198530374415774
2.6390573296152584,0.8198530374415774
1.9154509415706047,0.8198530374415774
2.3978952727983707,0.8198530374415774
3.044522437723423,0.8198530374415774
2.4159137783010487,0.8198530374415774
2.322387720290225,0.8198530374415774
2.3693087250369538,0.8198530374415774
2.0412203288596382,0.8198530374415774
2.2300144001592104,0.8198530374415774
2.5649493574615367,0.8198530374415774
2.990719731730447,0.8198530374415774
2.186051276738094,0.8198530374415774
1.791759469228055,0.8198530374415774
2.4849066497880004,0.8198530374415774
2.379546134130174,0.8198530374415774
3.1354942159291497,0.8198530374415774
2.25758772706331,0.8198530374415774
2.6390573296152584,0.8198530374415774
2.3933394562625097,0.8198530374415774
1.9530276168241767,0.8198530374415774
2.302585092994046,0.8198530374415774
2.70805020110221,0.8198530374415774
2.0412203288596382,0.8198530374415774
1.8562979903656265,0.8198530374415774
2.6390573296152584,0.8198530374415774
2.772588722239781,0.8198530374415774
1.8562979903656265,0.8198530374415774
1.9459101490553128,0.8198530374415774
1.824549292051046,0.8198530374415774
2.163323025660538,0.8198530374415774
2.9444389791664403,0.8198530374415774
2.224623551524334,0.8198530374415774
2.302585092994046,0.8198530374415774
2.4849066497880004,0.8198530374415774
2.6390573296152584,0.8198530374415774
2.1400661634962708,0.8198530374415774
2.269028309465203,0.8198530374415774
2.995732273553991,0.8198530374415774
2.151762203259462,0.8198530374415774
2.6390573296152584,0.8198530374415774
1.871802176901592,0.8198530374415774
2.5649493574615367,0.8198530374415774
1.8082887711792648,0.8198530374415774
2.833213344056216,0.8198530374415774
4.001863709427935,0.8198530374415774
3.0349529867072724,0.8198530374415774
1.506297153514587,0.8198530374415774
4.273884476054178,0.8198530374415774
4.762173934797756,0.8198530374415774
2.131796772013764,0.8198530374415774
2.9496883350525844,0.8198530374415774
0.0,0.8198530374415774
0.0,0.8198530374415774
0.0,0.8198530374415774
0.0,0.8198530374415774
0.0,0.8198530374415774
0.0,0.8198530374415774
0.0,0.8198530374415774
0.0,0.8198530374415774
0.0,0.8198530374415774
0.0,0.8198530374415774
0.0,1.5484689610625182
0.0,0.8198530374415774
0.0,0.8198530374415774
0.0,0.8198530374415774
0.0,0.8198530374415774
0.0,0.8198530374415774
0.0,0.8198530374415774
0.0,0.8198530374415774
0.0,0.8198530374415774
0.0,0.8198530374415774
0.0,0.8198530374415774
0.0,0.8198530374415774
0.0,0.8198530374415774
0.0,0.8198530374415774
0.0,0.8198530374415774
0.0,0.8198530374415774
0.0,0.8198530374415774
0.0,0.8198530374415774
0.0,0.8198530374415774
0.0,0.8198530374415774
0.0,0.8198530374415774
0.0,0.8198530374415774
0.0,0.8198530374415774
0.0,0.8198530374415774
0.0,0.8198530374415774
0.0,0.8198530374415774
0.0,0.8198530374415774
0.0,0.8198530374415774
0.0,0.8198530374415774
0.0,0.8198530374415774
0.0,0.8198530374415774
0.0,0.8198530374415774
0.0,0.8198530374415774
0.0,0.8198530374415774
0.0,0.8198530374415774
0.0,0.8198530374415774
0.0,0.8198530374415774
0.0,0.8198530374415774
0.0,0.8198530374415774
0.0,0.8198530374415774
0.0,0.8198530374415774
0.0,0.8198530374415774
0.0,0.8198530374415774
0.0,0.8198530374415774
0.0,0.8198530374415774
0.0,0.8198530374415774
0.0,0.8198530374415774
0.0,0.8198530374415774
0.0,0.8198530374415774
0.0,0.8198530374415774
0.0,0.8198530374415774
0.0,0.8198530374415774
0.0,0.8198530374415774
0.0,1.5484689610625182
0.0,0.8198530374415774
0.0,0.8198530374415774
0.0,0.8198530374415774
0.0,0.8198530374415774
0.0,0.8198530374415774
0.0,0.8198530374415774
0.0,0.8198530374415774
0.0,0.8198530374415774
0.0,0.8198530374415774
0.0,0.8198530374415774
0.0,0.8198530374415774
0.0,0.8198530374415774
0.0,0.8198530374415774
0.0,0.8198530374415774
0.0,0.8198530374415774
0.0,0.8198530374415774
0.0,0.8198530374415774
0.0,0.8198530374415774
0.0,0.8198530374415774
0.0,0.8198530374415774
0.0,0.8198530374415774
0.0,0.8198530374415774
0.0,0.8198530374415774
0.0,0.8198530374415774
0.0,0.8198530374415774
0.0,0.8198530374415774
0.0,0.8198530374415774
0.0,0.8198530374415774
0.0,0.8198530374415774
0.0,0.8198530374415774
0.0,0.8198530374415774
0.0,0.8198530374415774
0.0,0.8198530374415774
0.0,0.8198530374415774
0.0,0.8198530374415774
0.0,0.8198530374415774
0.0,0.8198530374415774
0.0,0.8198530374415774
0.0,0.8198530374415774
0.0,0.8198530374415774
0.0,0.8198530374415774
0.0,0.8198530374415774
0.0,0.8198530374415774
0.0,0.8198530374415774
0.0,0.8198530374415774
0.0,0.8198530374415774
0.0,0.8198530374415774
0.0,0.8198530374415774
0.0,0.8198530374415774
0.0,0.8198530374415774
0.0,0.8198530374415774
0.0,0.8198530374415774
0.0,0.8198530374415774
0.0,0.8198530374415774
0.0,0.8198530374415774
0.0,0.8198530374415774
0.0,0.8198530374415774
0.0,0.8198530374415774
0.0,0.8198530374415774
0.0,0.8198530374415774
0.0,0.8198530374415774
0.0,0.8198530374415774
0.0,0.8198530374415774
0.0,0.8198530374415774
0.0,0.8198530374415774
0.0,0.8198530374415774
0.0,0.8198530374415774
0.0,0.8198530374415774
0.0,0.8198530374415774
0.0,0.8198530374415774
0.0,0.8198530374415774
0.0,0.8198530374415774
0.0,0.8198530374415774
0.0,0.8198530374415774
0.0,0.8198530374415774
0.0,0.8198530374415774
0.0,0.8198530374415774
0.0,0.8198530374415774
0.0,1.5484689610625182
0.0,0.8198530374415774
0.0,1.5484689610625182
0.0,1.5484689610625182
0.0,0.8198530374415774
3.269568939183719,1.057698653600105
2.35232718488886,1.057698653600105
4.100989104940769,1.057698653600105
2.772588722239781,1.057698653600105
2.2793164660546914,1.057698653600105
2.424802725718295,1.057698653600105
3.0204248861443626,1.057698653600105
2.884800712846709,1.057698653600105
2.617395832834079,1.057698653600105
3.269568939183719,1.057698653600105
1.766441661243765,1.057698653600105
2.785011242238338,1.057698653600105
4.609162207257629,1.057698653600105
1.94876321803772,1.057698653600105
3.561046082604052,1.057698653600105
3.190476350346503,1.057698653600105
2.2793164660546914,1.700500376544842
3.095577608523707,1.057698653600105
2.694627180770069,1.057698653600105
2.923161580719156,1.057698653600105
2.4069451083182885,1.057698653600105
2.209372711271867,1.057698653600105
2.70805020110221,1.700500376544842
2.180417459019838,1.057698653600105
3.5890591188317256,1.057698653600105
3.478158422798284,1.057698653600105
4.216562194946349,1.057698653600105
3.186352633162641,1.057698653600105
3.152736022363656,1.057698653600105
3.7612001156935615,1.057698653600105
2.827313621929028,1.057698653600105
3.202746442938317,1.057698653600105
3.478158422798284,1.057698653600105
2.021547563260933,1.057698653600105
2.631888840136646,1.057698653600105
2.26176309847379,1.057698653600105
3.937690752176724,1.057698653600105
2.617395832834079,1.057698653600105
2.468099531471619,1.057698653600105
3.407841924380824,1.057698653600105
2.4336133554004498,1.057698653600105
3.411147712515324,1.057698653600105
2.26176309847379,1.057698653600105
3.310543013394025,1.057698653600105
2.8094026953624978,1.057698653600105
2.306577114263583,1.057698653600105
2.617395832834079,1.057698653600105
2.178155014615869,1.057698653600105
3.0349529867072724,1.057698653600105
4.310799125385514,1.057698653600105
3.0726933146901194,1.057698653600105
3.555348061489413,1.057698653600105
2.923161580719156,1.057698653600105
3.517497837358316,1.057698653600105
2.760009940032921,1.057698653600105
2.0769384114617173,1.057698653600105
2.347558458636777,1.057698653600105
2.2793164660546914,1.700500376544842
2.653241964607215,1.057698653600105
2.451005098112319,1.057698653600105
1.7681496035889213,1.057698653600105
2.19722457733622,1.700500376544842
2.322387720290225,1.057698653600105
2.4849066497880004,1.057698653600105
2.995732273553991,1.057698653600105
3.758871825933971,1.057698653600105
3.292126286607793,1.700500376544842
3.2386784521643803,1.057698653600105
3.3603753871419,1.057698653600105
2.734367509419584,1.057698653600105
3.3978584803966405,1.057698653600105
3.005682604407159,1.057698653600105
3.370738174177447,1.057698653600105
3.7328963395307104,1.057698653600105
4.275276264727001,1.700500376544842
3.505557396986398,1.057698653600105
3.40452517175483,1.057698653600105
3.2228678461377385,1.057698653600105
3.317815772723105,1.057698653600105
3.414442608412176,1.057698653600105
2.3233676321765744,1.057698653600105
3.152736022363656,1.057698653600105
2.137710449803812,1.057698653600105
3.763522997109702,1.057698653600105
2.815408719422709,1.057698653600105
3.658420246629228,1.057698653600105
3.594568774642695,1.057698653600105
3.735285826928092,1.057698653600105
2.70805020110221,1.057698653600105
3.906004933102583,1.057698653600105
4.169761201506855,1.057698653600105
3.214867803470662,1.057698653600105
3.520460802488973,1.057698653600105
1.423108334242607,1.057698653600105
3.411147712515324,1.057698653600105
3.852273001022372,1.057698653600105
3.6609942506244,1.057698653600105
3.711130063048756,1.057698653600105
3.242592351485517,1.057698653600105
3.139832617527748,1.057698653600105
2.87919845729804,1.057698653600105
2.803360380906535,1.057698653600105
3.2228678461377385,1.057698653600105
2.797281334830153,1.057698653600105
2.970414465569701,1.057698653600105
2.1041341542702074,1.057698653600105
2.6390573296152584,1.057698653600105
1.900613874140137,1.057698653600105
1.5238800240724537,1.057698653600105
2.1210632163706555,1.057698653600105
3.299533727885655,1.057698653600105
3.655839600035736,1.057698653600105
3.342861804649192,1.057698653600105
3.517497837358316,1.057698653600105
1.780024213009634,1.057698653600105
2.9444389791664403,1.057698653600105
2.1826747963214883,1.057698653600105
2.163323025660538,1.057698653600105
4.410371107683024,1.057698653600105
2.4595888418037104,1.057698653600105
3.0155349008501706,1.057698653600105
4.325456283185488,1.057698653600105
2.5416019934645457,1.057698653600105
2.785011242238338,1.057698653600105
3.288401887516811,1.057698653600105
1.969905654611529,1.057698653600105
3.0106208860477417,1.057698653600105
2.862200880929469,1.057698653600105
2.87919845729804,1.057698653600105
2.3504224224082058,1.057698653600105
2.862200880929469,1.057698653600105
2.295560478057081,1.057698653600105
1.742219023667919,1.057698653600105
3.277144732992177,1.057698653600105
1.7850704810772584,1.057698653600105
2.617395832834079,1.057698653600105
2.856470206220483,1.057698653600105
3.6635616461296463,1.057698653600105
3.8607297110405954,1.057698653600105
2.791165107812717,1.057698653600105
2.4849066497880004,1.057698653600105
2.069391205826334,1.057698653600105
2.995732273553991,1.057698653600105
2.667228206581955,1.057698653600105
2.5952547069568657,1.057698653600105
3.1822118404966093,1.057698653600105
2.624668592163159,1.057698653600105
3.3638415951183864,1.057698653600105
4.23410650459726,1.700500376544842
3.1612467120315646,2.4533044679041507
7.496097345175956,1.700500376544842
2.667228206581955,1.057698653600105
2.856470206220483,1.700500376544842
1.358409157630355,2.4533044679041507
2.4069451083182885,1.700500376544842
3.828641396489095,1.700500376544842
2.333114298028869,2.4533044679041507
3.261935314328648,2.4533044679041507
3.2347491740244907,1.700500376544842
3.1484533605716547,1.700500376544842
2.299580583973747,2.4533044679041507
4.477336814478207,1.700500376544842
2.5726122302071057,2.4533044679041507
2.476538400117484,1.700500376544842
3.66612246699132,2.4533044679041507
2.681021528714291,1.700500376544842
2.065596134857783,2.4533044679041507
2.0135687975291283,2.4533044679041507
2.354228326145884,1.700500376544842
4.204692619390966,1.700500376544842
0.0,1.057698653600105
0.0,1.057698653600105
0.0,1.057698653600105
0.0,1.700500376544842
0.0,1.057698653600105
0.0,1.057698653600105
0.0,1.700500376544842
0.0,1.057698653600105
0.0,1.057698653600105
0.0,1.057698653600105
0.0,1.057698653600105
0.0,1.057698653600105
0.0,1.057698653600105
0.0,1.057698653600105
0.0,1.057698653600105
0.0,1.700500376544842
0.0,1.700500376544842
0.0,1.057698653600105
0.0,1.057698653600105
0.0,1.057698653600105
0.0,1.057698653600105
0.0,1.057698653600105
0.0,1.057698653600105
0.0,1.057698653600105
0.0,1.057698653600105
0.0,1.057698653600105
0.0,1.057698653600105
0.0,1.057698653600105
0.0,1.057698653600105
0.0,1.057698653600105
0.0,1.057698653600105
0.0,1.057698653600105
0.0,1.700500376544842
0.0,1.057698653600105
0.0,1.057698653600105
0.0,1.057698653600105
0.0,1.057698653600105
0.0,1.057698653600105
0.0,1.057698653600105
0.0,1.057698653600105
0.0,1.057698653600105
0.0,1.057698653600105
0.0,1.057698653600105
0.0,1.057698653600105
0.0,1.057698653600105
0.0,1.057698653600105
0.0,1.057698653600105
0.0,1.057698653600105
0.0,1.057698653600105
0.0,1.057698653600105
0.0,1.057698653600105
0.0,1.057698653600105
0.0,1.057698653600105
0.0,1.057698653600105
0.0,1.057698653600105
0.0,1.057698653600105
0.0,1.057698653600105
0.0,1.057698653600105
0.0,1.057698653600105
0.0,1.057698653600105
0.0,1.057698653600105
0.0,1.057698653600105
0.0,1.057698653600105
0.0,1.057698653600105
0.0,1.057698653600105
0.0,1.057698653600105
0.0,1.057698653600105
0.0,1.057698653600105
0.0,1.057698653600105
0.0,1.057698653600105
0.0,1.057698653600105
0.0,1.057698653600105
0.0,1.057698653600105
0.0,1.057698653600105
0.0,1.057698653600105
0.0,1.057698653600105
0.0,1.057698653600105
0.0,1.057698653600105
0.0,1.057698653600105
0.0,1.057698653600105
0.0,1.057698653600105
0.0,1.057698653600105
0.0,1.057698653600105
0.0,1.057698653600105
0.0,1.057698653600105
0.0,1.057698653600105
0.0,1.057698653600105
0.0,1.057698653600105
0.0,1.057698653600105
0.0,1.057698653600105
0.0,1.057698653600105
0.0,1.057698653600105
0.0,1.057698653600105
0.0,1.057698653600105
0.0,1.057698653600105
0.0,1.057698653600105
0.0,1.057698653600105
0.0,1.057698653600105
0.0,1.057698653600105
0.0,1.057698653600105
0.0,1.057698653600105
0.0,1.057698653600105
0.0,1.057698653600105
0.0,1.057698653600105
0.0,1.057698653600105
0.0,1.057698653600105
0.0,1.057698653600105
0.0,1.057698653600105
0.0,1.057698653600105
0.0,1.057698653600105
0.0,1.057698653600105
0.0,1.057698653600105
0.0,1.057698653600105
0.0,1.057698653600105
0.0,1.057698653600105
0.0,1.057698653600105
0.0,1.057698653600105
0.0,1.057698653600105
0.0,1.057698653600105
0.0,1.057698653600105
0.0,1.057698653600105
0.0,1.057698653600105
0.0,1.057698653600105
0.0,1.057698653600105
0.0,1.057698653600105
0.0,1.057698653600105
0.0,1.057698653600105
0.0,1.057698653600105
0.0,1.057698653600105
0.0,1.057698653600105
0.0,1.057698653600105
0.0,1.057698653600105
0.0,1.057698653600105
0.0,1.057698653600105
0.0,1.057698653600105
0.0,1.057698653600105
0.0,1.057698653600105
0.0,1.057698653600105
0.0,1.057698653600105
0.0,1.057698653600105
0.0,1.057698653600105
0.0,1.057698653600105
0.0,1.057698653600105
0.0,1.057698653600105
0.0,1.057698653600105
0.0,1.057698653600105
0.0,1.057698653600105
0.0,1.057698653600105
0.0,1.057698653600105
0.0,1.057698653600105
0.0,1.057698653600105
0.0,1.057698653600105
0.0,1.057698653600105
0.0,1.057698653600105
0.0,1.057698653600105
0.0,1.057698653600105
0.0,1.057698653600105
0.0,1.057698653600105
0.0,1.057698653600105
0.0,1.057698653600105
0.0,1.057698653600105
0.0,1.057698653600105
0.0,1.057698653600105
0.0,1.057698653600105
0.0,1.057698653600105
0.0,1.057698653600105
0.0,1.057698653600105
0.0,1.057698653600105
0.0,1.057698653600105
0.0,1.057698653600105
0.0,1.057698653600105
0.0,1.057698653600105
0.0,1.057698653600105
0.0,1.057698653600105
0.0,1.057698653600105
0.0,1.057698653600105
0.0,1.057698653600105
0.0,1.057698653600105
0.0,1.057698653600105
0.0,1.057698653600105
0.0,1.057698653600105
0.0,1.057698653600105
0.0,1.057698653600105
0.0,1.057698653600105
0.0,1.057698653600105
0.0,1.057698653600105
0.0,1.057698653600105
0.0,1.057698653600105
0.0,1.057698653600105
0.0,1.057698653600105
0.0,1.057698653600105
0.0,1.057698653600105
0.0,1.057698653600105
0.0,1.057698653600105
0.0,1.057698653600105
0.0,1.057698653600105
0.0,1.057698653600105
0.0,1.057698653600105
0.0,1.057698653600105
0.0,1.057698653600105
0.0,1.057698653600105
0.0,1.057698653600105
0.0,1.057698653600105
0.0,1.057698653600105
0.0,1.057698653600105
0.0,1.057698653600105
0.0,1.057698653600105
0.0,1.057698653600105
0.0,1.057698653600105
0.0,1.057698653600105
0.0,1.057698653600105
0.0,1.057698653600105
0.0,1.057698653600105
0.0,1.057698653600105
0.0,1.057698653600105
0.0,1.057698653600105
0.0,1.057698653600105
0.0,1.057698653600105
0.0,1.057698653600105
0.0,1.057698653600105
0.0,1.057698653600105
0.0,1.057698653600105
0.0,1.057698653600105
0.0,1.057698653600105
0.0,1.057698653600105
0.0,1.057698653600105
0.0,1.057698653600105
0.0,1.057698653600105
0.0,1.057698653600105
0.0,1.057698653600105
0.0,1.057698653600105
0.0,1.057698653600105
0.0,1.057698653600105
0.0,1.057698653600105
0.0,1.057698653600105
0.0,1.057698653600105
0.0,1.057698653600105
0.0,1.057698653600105
0.0,1.057698653600105
0.0,1.057698653600105
0.0,1.057698653600105
0.0,1.057698653600105
0.0,1.057698653600105
0.0,1.057698653600105
0.0,1.057698653600105
0.0,1.057698653600105
0.0,1.057698653600105
0.0,1.057698653600105
0.0,1.057698653600105
0.0,1.057698653600105
0.0,1.057698653600105
0.0,1.057698653600105
0.0,1.057698653600105
0.0,1.057698653600105
0.0,1.057698653600105
0.0,1.057698653600105
0.0,1.057698653600105
0.0,1.057698653600105
0.0,1.057698653600105
0.0,1.057698653600105
0.0,1.057698653600105
0.0,1.057698653600105
0.0,1.057698653600105
0.0,1.057698653600105
0.0,1.057698653600105
0.0,1.057698653600105
0.0,1.057698653600105
0.0,1.057698653600105
0.0,1.057698653600105
0.0,1.057698653600105
0.0,1.057698653600105
0.0,1.057698653600105
0.0,1.057698653600105
0.0,1.057698653600105
0.0,1.057698653600105
0.0,1.057698653600105
0.0,1.057698653600105
0.0,1.057698653600105
0.0,1.057698653600105
0.0,1.057698653600105
0.0,1.057698653600105
0.0,1.057698653600105
0.0,1.057698653600105
0.0,1.057698653600105
0.0,1.057698653600105
0.0,1.057698653600105
0.0,1.057698653600105
0.0,1.057698653600105
0.0,1.057698653600105
0.0,1.057698653600105
0.0,1.057698653600105
0.0,1.057698653600105
0.0,1.700500376544842
0.0,2.4533044679041507
0.0,2.4533044679041507
0.0,2.4533044679041507
0.0,2.4533044679041507
0.0,2.4533044679041507
0.0,2.4533044679041507
0.0,2.4533044679041507
0.0,2.4533044679041507
0.0,2.4533044679041507
3.254242968705492,0.7497218441884548
2.5649493574615367,0.4838728215488265
4.345103280569283,0.7497218441884548
3.8501476017100575,0.7497218441884548
3.493472657771326,0.7497218441884548
4.506454213048934,0.7497218441884548
1.7749523509116738,0.7497218441884548
3.55820113047182,0.4838728215488265
2.468099531471619,0.7497218441884548
3.242592351485517,0.7497218441884548
3.242592351485517,0.7497218441884548
3.3843902633457743,0.4838728215488265
3.824284091120139,0.7497218441884548
3.742420221041966,0.7497218441884548
1.7749523509116738,0.7497218441884548
2.4932054526026954,0.7497218441884548
3.6027767550605247,0.7497218441884548
3.265759410767051,0.7497218441884548
3.968403338864253,0.7497218441884548
3.696351468952637,0.4838728215488265
5.974064032427815,0.7497218441884548
3.777348102101545,0.7497218441884548
5.627621113690637,0.7497218441884548
5.049856007249537,0.4838728215488265
3.8501476017100575,0.4838728215488265
3.4011973816621555,0.7497218441884548
2.091864061678393,0.7497218441884548
3.218875824868201,0.7497218441884548
2.359910159613315,0.7497218441884548
3.139832617527748,0.7497218441884548
3.862832761237376,0.7497218441884548
3.0155349008501706,0.4838728215488265
3.005682604407159,0.7497218441884548
3.380994674344636,0.7497218441884548
3.572345637857985,0.7497218441884548
3.131136910560194,0.7497218441884548
3.0633909220278057,0.7497218441884548
3.9871304779149512,0.7497218441884548
2.533696813957432,0.7497218441884548
4.055257173514054,0.7497218441884548
3.529297384289471,0.7497218441884548
2.631888840136646,0.4838728215488265
3.242592351485517,0.7497218441884548
3.4372078191851885,0.4838728215488265
1.9459101490553128,0.7497218441884548
2.163323025660538,0.7497218441884548
2.379546134130174,0.7497218441884548
2.0541237336955462,0.4838728215488265
2.995732273553991,0.7497218441884548
2.388762789235098,0.7497218441884548
3.1780538303479458,0.7497218441884548
3.044522437723423,0.7497218441884548
2.772588722239781,0.7497218441884548
2.6390573296152584,0.7497218441884548
1.8082887711792648,0.7497218441884548
2.2082744135228043,0.7497218441884548
2.066862759472976,0.7497218441884548
2.091864061678393,0.7497218441884548
3.49650756146648,0.7497218441884548
1.871802176901592,0.7497218441884548
2.70805020110221,0.7497218441884548
2.2407096892759584,0.7497218441884548
3.555348061489413,0.7497218441884548
1.1314021114911006,0.7497218441884548
1.9878743481543453,0.7497218441884548
2.4849066497880004,0.7497218441884548
2.3978952727983707,0.7497218441884548
1.7047480922384253,0.7497218441884548
1.840549633397487,0.7497218441884548
3.9318256327243257,0.7497218441884548
2.70805020110221,0.7497218441884548
3.258096538021482,0.7497218441884548
2.4849066497880004,0.7497218441884548
2.772588722239781,0.7497218441884548
1.7578579175523736,0.7497218441884548
2.6390573296152584,0.7497218441884548
1.9600947840472696,0.7497218441884548
2.70805020110221,0.7497218441884548
1.1314021114911006,0.7497218441884548
2.6390573296152584,0.7497218441884548
4.276666119016055,0.7497218441884548
2.6390573296152584,0.7497218441884548
2.995732273553991,0.7497218441884548
2.272125885509337,0.7497218441884548
3.5263605246161616,0.7497218441884548
3.091042453358316,0.7497218441884548
2.9444389791664403,0.7497218441884548
1.9110228900548727,0.7497218441884548
1.791759469228055,0.4838728215488265
2.4849066497880004,0.7497218441884548
2.5649493574615367,0.7497218441884548
2.833213344056216,0.7497218441884548
2.079441541679836,0.7497218441884548
2.995732273553991,0.4838728215488265
2.079441541679836,0.7497218441884548
3.218875824868201,0.7497218441884548
2.6878474937846906,0.4838728215488265
2.4849066497880004,0.4838728215488265
3.044522437723423,0.7497218441884548
2.9444389791664403,0.7497218441884548
2.360854001118021,0.7497218441884548
3.258096538021482,0.7497218441884548
2.772588722239781,0.7497218441884548
1.9459101490553128,0.4838728215488265
2.5649493574615367,0.7497218441884548
2.5649493574615367,0.7497218441884548
2.70805020110221,0.7497218441884548
2.128231705849268,0.7497218441884548
2.5649493574615367,0.7497218441884548
2.079441541679836,0.7497218441884548
2.079441541679836,0.7497218441884548
2.995732273553991,0.7497218441884548
2.96010509591084,0.4838728215488265
1.9459101490553128,0.4838728215488265
2.70805020110221,0.7497218441884548
2.4849066497880004,0.7497218441884548
2.079441541679836,0.4838728215488265
2.5649493574615367,0.7497218441884548
2.833213344056216,0.7497218441884548
3.218875824868201,0.7497218441884548
2.079441541679836,0.4838728215488265
1.791759469228055,0.4838728215488265
1.791759469228055,0.4838728215488265
1.9459101490553128,0.7497218441884548
2.302585092994046,0.7497218441884548
2.8903717578961645,0.7497218441884548
2.4849066497880004,0.7497218441884548
2.4849066497880004,0.7497218441884548
2.424802725718295,0.7497218441884548
2.251291798606496,0.7497218441884548
2.19722457733622,0.7497218441884548
2.772588722239781,0.7497218441884548
2.3513752571634776,0.4838728215488265
1.791759469228055,0.4838728215488265
2.0014800002101243,0.7497218441884548
2.19722457733622,0.4838728215488265
2.5649493574615367,0.4838728215488265
2.028148247292285,0.7497218441884548
2.302585092994046,0.7497218441884548
2.19722457733622,0.7497218441884548
2.079441541679836,0.7497218441884548
2.3978952727983707,0.7497218441884548
2.19722457733622,0.7497218441884548
2.6390573296152584,0.7497218441884548
2.26176309847379,0.7497218441884548
3.1354942159291497,0.7497218441884548
2.9444389791664403,0.7497218441884548
2.19722457733622,0.7497218441884548
2.4849066497880004,0.7497218441884548
2.3978952727983707,0.7497218441884548
2.272125885509337,0.7497218441884548
2.4849066497880004,0.4838728215488265
2.70805020110221,0.7497218441884548
2.0541237336955462,0.7497218441884548
2.4849066497880004,0.7497218441884548
1.9459101490553128,0.4838728215488265
2.186051276738094,0.7497218441884548
2.3978952727983707,0.7497218441884548
3.332204510175204,0.7497218441884548
2.2925347571405443,0.7497218441884548
2.70805020110221,0.7497218441884548
1.9459101490553128,0.7497218441884548
3.091042453358316,0.7497218441884548
2.066862759472976,0.7497218441884548
2.0541237336955462,0.4838728215488265
1.9459101490553128,0.7497218441884548
2.1162555148025524,0.7497218441884548
1.824549292051046,0.7497218441884548
2.5649493574615367,0.7497218441884548
2.5649493574615367,0.7497218441884548
2.079441541679836,0.4838728215488265
2.19722457733622,0.4838728215488265
2.70805020110221,0.4838728215488265
2.379546134130174,0.7497218441884548
2.312535423847214,0.7497218441884548
2.995732273553991,0.7497218441884548
2.8903717578961645,0.7497218441884548
1.791759469228055,0.4838728215488265
2.833213344056216,0.4838728215488265
3.4339872044851463,0.7497218441884548
2.091864061678393,0.7497218441884548
3.4339872044851463,0.7497218441884548
2.19722457733622,0.4838728215488265
2.70805020110221,0.7497218441884548
2.0014800002101243,0.7497218441884548
2.4849066497880004,0.4838728215488265
2.360854001118021,0.7497218441884548
2.4849066497880004,0.7497218441884548
1.9459101490553128,0.4838728215488265
2.624668592163159,0.4838728215488265
3.713572066704308,0.7497218441884548
2.128231705849268,0.7497218441884548
2.2925347571405443,0.7497218441884548
2.70805020110221,0.7497218441884548
2.1041341542702074,0.7497218441884548
2.186051276738094,0.7497218441884548
3.044522437723423,0.7497218441884548
2.833213344056216,0.7497218441884548
2.19722457733622,0.7497218441884548
3.4657359027997265,0.7497218441884548
2.186051276738094,0.7497218441884548
2.70805020110221,0.4838728215488265
3.091042453358316,0.7497218441884548
1.791759469228055,0.4838728215488265
2.5649493574615367,0.7497218441884548
2.3513752571634776,0.7497218441884548
1.9459101490553128,0.4838728215488265
2.302585092994046,0.7497218441884548
2.70805020110221,0.7497218441884548
3.044522437723423,0.7497218441884548
2.19722457733622,0.7497218441884548
3.218875824868201,0.7497218441884548
2.5649493574615367,0.7497218441884548
1.791759469228055,0.4838728215488265
2.0014800002101243,0.7497218441884548
2.3978952727983707,0.7497218441884548
2.995732273553991,0.7497218441884548
2.079441541679836,0.4838728215488265
2.2192034840549946,0.7497218441884548
2.70805020110221,0.7497218441884548
2.714694743820879,0.7497218441884548
2.6461747973841225,0.7497218441884548
3.658420246629228,0.4838728215488265
3.173878458937465,0.7497218441884548
2.8903717578961645,0.7497218441884548
3.32862668882732,0.7497218441884548
2.9444389791664403,0.7497218441884548
3.0819099697950434,0.7497218441884548
2.815408719422709,0.4838728215488265
2.9391619220655967,0.4838728215488265
2.6878474937846906,0.4838728215488265
2.3504224224082058,0.4838728215488265
2.188295946591918,0.4838728215488265
2.995732273553991,0.4838728215488265
1.6253112615903906,0.4838728215488265
2.4932054526026954,0.4838728215488265
1.6882490928583902,0.4838728215488265
2.451005098112319,0.4838728215488265
2.667228206581955,0.4838728215488265
2.4932054526026954,0.4838728215488265
1.8293763327993613,0.4838728215488265
2.2679936482244267,0.4838728215488265
2.4849066497880004,0.4838728215488265
5.043425116919247,0.4838728215488265
1.5496879080283263,0.4838728215488265
2.815408719422709,0.4838728215488265
2.2375130962503307,0.4838728215488265
2.3978952727983707,0.4838728215488265
2.740840023925201,0.4838728215488265
2.815408719422709,0.4838728215488265
4.127134385045092,0.4838728215488265
2.740840023925201,0.4838728215488265
2.70805020110221,0.4838728215488265
2.995732273553991,0.4838728215488265
1.4951487660319729,0.4838728215488265
3.864931397894296,0.4838728215488265
3.0633909220278057,0.4838728215488265
2.3398808777377424,0.4838728215488265
1.8961194845522973,0.4838728215488265
5.017279836814924,0.4838728215488265
2.5877640352277083,0.4838728215488265
3.972176928247893,0.4838728215488265
2.8507065015037334,0.4838728215488265
0.0,0.7497218441884548
0.0,0.7497218441884548
0.0,0.7497218441884548
0.0,0.4838728215488265
0.0,0.7497218441884548
0.0,0.7497218441884548
0.0,0.4838728215488265
0.0,0.4838728215488265
0.0,0.7497218441884548
0.0,0.7497218441884548
0.0,0.7497218441884548
0.0,0.7497218441884548
0.0,0.7497218441884548
0.0,0.4838728215488265
0.0,0.7497218441884548
0.0,0.4838728215488265
0.0,0.7497218441884548
0.0,0.4838728215488265
0.0,0.7497218441884548
0.0,0.4838728215488265
0.0,0.7497218441884548
0.0,0.7497218441884548
0.0,0.7497218441884548
0.0,0.7497218441884548
0.0,0.7497218441884548
0.0,0.7497218441884548
0.0,0.4838728215488265
0.0,0.7497218441884548
0.0,0.4838728215488265
0.0,0.4838728215488265
0.0,0.7497218441884548
0.0,0.7497218441884548
0.0,0.7497218441884548
0.0,0.7497218441884548
0.0,0.4838728215488265
0.0,0.4838728215488265
0.0,0.7497218441884548
0.0,0.7497218441884548
0.0,0.7497218441884548
0.0,0.7497218441884548
0.0,0.7497218441884548
0.0,0.4838728215488265
0.0,0.4838728215488265
0.0,0.7497218441884548
0.0,0.7497218441884548
0.0,0.7497218441884548
0.0,0.7497218441884548
0.0,0.7497218441884548
0.0,0.7497218441884548
0.0,0.7497218441884548
0.0,0.7497218441884548
0.0,0.7497218441884548
0.0,0.7497218441884548
0.0,0.7497218441884548
0.0,0.7497218441884548
0.0,0.7497218441884548
0.0,0.7497218441884548
0.0,0.7497218441884548
0.0,0.7497218441884548
0.0,0.7497218441884548
0.0,0.7497218441884548
0.0,0.7497218441884548
0.0,0.4838728215488265
0.0,0.7497218441884548
0.0,0.7497218441884548
0.0,0.7497218441884548
0.0,0.7497218441884548
0.0,0.4838728215488265
0.0,0.7497218441884548
0.0,0.7497218441884548
0.0,0.7497218441884548
0.0,0.7497218441884548
0.0,0.7497218441884548
0.0,0.7497218441884548
0.0,0.7497218441884548
0.0,0.7497218441884548
0.0,0.4838728215488265
0.0,0.4838728215488265
0.0,0.7497218441884548
0.0,0.7497218441884548
0.0,0.4838728215488265
0.0,0.7497218441884548
0.0,0.7497218441884548
0.0,0.7497218441884548
0.0,0.7497218441884548
0.0,0.7497218441884548
0.0,0.4838728215488265
0.0,0.7497218441884548
0.0,0.7497218441884548
0.0,0.7497218441884548
0.0,0.7497218441884548
0.0,0.4838728215488265
0.0,0.7497218441884548
0.0,0.7497218441884548
0.0,0.7497218441884548
0.0,0.7497218441884548
0.0,0.7497218441884548
0.0,0.7497218441884548
0.0,0.7497218441884548
0.0,0.7497218441884548
0.0,0.7497218441884548
0.0,0.7497218441884548
0.0,0.7497218441884548
0.0,0.7497218441884548
0.0,0.7497218441884548
0.0,0.7497218441884548
0.0,0.7497218441884548
0.0,0.7497218441884548
0.0,0.7497218441884548
0.0,0.7497218441884548
0.0,0.7497218441884548
0.0,0.4838728215488265
0.0,0.7497218441884548
0.0,0.7497218441884548
0.0,0.7497218441884548
0.0,0.7497218441884548
0.0,0.7497218441884548
0.0,0.7497218441884548
0.0,0.7497218441884548
0.0,0.7497218441884548
0.0,0.7497218441884548
0.0,0.7497218441884548
0.0,0.7497218441884548
0.0,0.7497218441884548
0.0,0.4838728215488265
0.0,0.7497218441884548
0.0,0.7497218441884548
0.0,0.7497218441884548
0.0,0.7497218441884548
0.0,0.7497218441884548
0.0,0.7497218441884548
0.0,0.7497218441884548
0.0,0.7497218441884548
0.0,0.7497218441884548
0.0,0.7497218441884548
0.0,0.7497218441884548
0.0,0.7497218441884548
0.0,0.7497218441884548
0.0,0.7497218441884548
0.0,0.7497218441884548
0.0,0.7497218441884548
0.0,0.7497218441884548
0.0,0.7497218441884548
0.0,0.7497218441884548
0.0,0.7497218441884548
0.0,0.7497218441884548
0.0,0.7497218441884548
0.0,0.7497218441884548
0.0,0.7497218441884548
0.0,0.7497218441884548
0.0,0.4838728215488265
0.0,0.7497218441884548
0.0,0.7497218441884548
0.0,0.7497218441884548
0.0,0.7497218441884548
0.0,0.7497218441884548
0.0,0.7497218441884548
0.0,0.7497218441884548
0.0,0.7497218441884548
0.0,0.7497218441884548
0.0,0.7497218441884548
0.0,0.7497218441884548
0.0,0.7497218441884548
0.0,0.7497218441884548
0.0,0.7497218441884548
0.0,0.7497218441884548
0.0,0.7497218441884548
0.0,0.7497218441884548
0.0,0.7497218441884548
0.0,0.4838728215488265
0.0,0.7497218441884548
0.0,0.7497218441884548
0.0,0.7497218441884548
0.0,0.7497218441884548
0.0,0.7497218441884548
0.0,0.7497218441884548
0.0,0.7497218441884548
0.0,0.7497218441884548
0.0,0.4838728215488265
0.0,0.7497218441884548
0.0,0.7497218441884548
0.0,0.7497218441884548
0.0,0.4838728215488265
0.0,0.7497218441884548
0.0,0.7497218441884548
0.0,0.7497218441884548
0.0,0.7497218441884548
0.0,0.7497218441884548
0.0,0.7497218441884548
0.0,0.7497218441884548
0.0,0.7497218441884548
0.0,0.7497218441884548
0.0,0.7497218441884548
0.0,0.7497218441884548
0.0,0.7497218441884548
0.0,0.7497218441884548
0.0,0.7497218441884548
0.0,0.7497218441884548
0.0,0.4838728215488265
0.0,0.7497218441884548
0.0,0.7497218441884548
0.0,0.4838728215488265
0.0,0.7497218441884548
0.0,0.7497218441884548
0.0,0.7497218441884548
0.0,0.7497218441884548
0.0,0.7497218441884548
0.0,0.4838728215488265
0.0,0.7497218441884548
0.0,0.7497218441884548
0.0,0.7497218441884548
0.0,0.7497218441884548
0.0,0.7497218441884548
0.0,0.7497218441884548
0.0,0.7497218441884548
0.0,0.7497218441884548
0.0,0.7497218441884548
0.0,0.7497218441884548
0.0,0.7497218441884548
0.0,0.7497218441884548
0.0,0.7497218441884548
0.0,0.7497218441884548
0.0,0.7497218441884548
0.0,0.7497218441884548
0.0,0.7497218441884548
0.0,0.7497218441884548
0.0,0.7497218441884548
0.0,0.7497218441884548
0.0,0.7497218441884548
0.0,0.7497218441884548
0.0,0.7497218441884548
0.0,0.7497218441884548
0.0,0.4838728215488265
0.0,0.7497218441884548
0.0,0.7497218441884548
0.0,0.7497218441884548
0.0,0.7497218441884548
0.0,0.4838728215488265
0.0,0.7497218441884548
0.0,0.7497218441884548
0.0,0.7497218441884548
0.0,0.7497218441884548
0.0,0.7497218441884548
0.0,0.7497218441884548
0.0,0.4838728215488265
0.0,0.7497218441884548
0.0,0.7497218441884548
0.0,0.7497218441884548
0.0,0.7497218441884548
0.0,0.7497218441884548
0.0,0.4838728215488265
0.0,0.7497218441884548
0.0,0.4838728215488265
0.0,0.4838728215488265
0.0,0.7497218441884548
0.0,0.7497218441884548
0.0,0.7497218441884548
0.0,0.7497218441884548
0.0,0.7497218441884548
0.0,0.7497218441884548
0.0,0.7497218441884548
0.0,0.7497218441884548
0.0,0.4838728215488265
0.0,0.7497218441884548
0.0,0.7497218441884548
0.0,0.7497218441884548
0.0,0.4838728215488265
0.0,0.7497218441884548
0.0,0.7497218441884548
0.0,0.7497218441884548
0.0,0.7497218441884548
0.0,0.7497218441884548
0.0,0.7497218441884548
0.0,0.7497218441884548
0.0,0.7497218441884548
0.0,0.7497218441884548
0.0,0.7497218441884548
0.0,0.7497218441884548
0.0,0.7497218441884548
0.0,0.7497218441884548
0.0,0.7497218441884548
0.0,0.4838728215488265
0.0,0.7497218441884548
0.0,0.4838728215488265
0.0,0.7497218441884548
0.0,0.4838728215488265
0.0,0.4838728215488265
0.0,0.7497218441884548
0.0,0.7497218441884548
0.0,0.7497218441884548
0.0,0.7497218441884548
0.0,0.7497218441884548
0.0,0.7497218441884548
0.0,0.7497218441884548
0.0,0.7497218441884548
0.0,0.7497218441884548
0.0,0.7497218441884548
0.0,0.4838728215488265
0.0,0.7497218441884548
0.0,0.7497218441884548
0.0,0.4838728215488265
0.0,0.4838728215488265
0.0,0.7497218441884548
0.0,0.7497218441884548
0.0,0.4838728215488265
0.0,0.7497218441884548
0.0,0.4838728215488265
0.0,0.7497218441884548
0.0,0.7497218441884548
0.0,0.7497218441884548
0.0,0.7497218441884548
0.0,0.4838728215488265
0.0,0.7497218441884548
0.0,0.7497218441884548
0.0,0.4838728215488265
0.0,0.7497218441884548
0.0,0.7497218441884548
0.0,0.7497218441884548
0.0,0.7497218441884548
0.0,0.7497218441884548
0.0,0.4838728215488265
0.0,0.7497218441884548
0.0,0.7497218441884548
0.0,0.7497218441884548
0.0,0.4838728215488265
0.0,0.7497218441884548
0.0,0.7497218441884548
0.0,0.4838728215488265
0.0,0.4838728215488265
0.0,0.7497218441884548
0.0,0.7497218441884548
0.0,0.7497218441884548
0.0,0.7497218441884548
0.0,0.7497218441884548
0.0,0.7497218441884548
0.0,0.4838728215488265
0.0,0.7497218441884548
0.0,0.7497218441884548
0.0,0.7497218441884548
0.0,0.7497218441884548
0.0,0.7497218441884548
0.0,0.4838728215488265
0.0,0.7497218441884548
0.0,0.7497218441884548
0.0,0.7497218441884548
0.0,0.7497218441884548
0.0,0.7497218441884548
0.0,0.7497218441884548
0.0,0.4838728215488265
0.0,0.7497218441884548
0.0,0.7497218441884548
0.0,0.7497218441884548
0.0,0.7497218441884548
0.0,0.4838728215488265
0.0,0.7497218441884548
0.0,0.7497218441884548
0.0,0.7497218441884548
0.0,0.7497218441884548
0.0,0.7497218441884548
0.0,0.7497218441884548
0.0,0.7497218441884548
0.0,0.7497218441884548
0.0,0.7497218441884548
0.0,0.7497218441884548
0.0,0.7497218441884548
0.0,0.7497218441884548
0.0,0.7497218441884548
0.0,0.7497218441884548
0.0,0.4838728215488265
0.0,0.7497218441884548
0.0,0.7497218441884548
0.0,0.7497218441884548
0.0,0.4838728215488265
0.0,0.7497218441884548
0.0,0.7497218441884548
0.0,0.7497218441884548
0.0,0.7497218441884548
0.0,0.7497218441884548
0.0,0.7497218441884548
0.0,0.4838728215488265
0.0,0.7497218441884548
0.0,0.7497218441884548
0.0,0.7497218441884548
0.0,0.7497218441884548
0.0,0.7497218441884548
0.0,0.7497218441884548
0.0,0.7497218441884548
0.0,0.4838728215488265
0.0,0.7497218441884548
0.0,0.7497218441884548
0.0,0.7497218441884548
0.0,0.7497218441884548
0.0,0.4838728215488265
0.0,0.7497218441884548
0.0,0.7497218441884548
0.0,0.4838728215488265
0.0,0.7497218441884548
0.0,0.7497218441884548
0.0,0.4838728215488265
0.0,0.7497218441884548
0.0,0.7497218441884548
0.0,0.7497218441884548
0.0,0.7497218441884548
0.0,0.7497218441884548
0.0,0.7497218441884548
0.0,0.7497218441884548
0.0,0.7497218441884548
0.0,0.4838728215488265
0.0,0.7497218441884548
0.0,0.7497218441884548
0.0,0.7497218441884548
0.0,0.7497218441884548
0.0,0.7497218441884548
0.0,0.7497218441884548
0.0,0.7497218441884548
0.0,0.7497218441884548
0.0,0.7497218441884548
0.0,0.7497218441884548
0.0,0.7497218441884548
0.0,0.4838728215488265
0.0,0.4838728215488265
0.0,0.7497218441884548
0.0,0.7497218441884548
0.0,0.7497218441884548
0.0,0.7497218441884548
0.0,0.7497218441884548
0.0,0.7497218441884548
0.0,0.7497218441884548
0.0,0.7497218441884548
0.0,0.7497218441884548
0.0,0.7497218441884548
0.0,0.7497218441884548
0.0,0.7497218441884548
0.0,0.7497218441884548
0.0,0.7497218441884548
0.0,0.4838728215488265
0.0,0.7497218441884548
0.0,0.7497218441884548
0.0,0.7497218441884548
0.0,0.7497218441884548
0.0,0.7497218441884548
0.0,0.4838728215488265
0.0,0.4838728215488265
0.0,0.4838728215488265
0.0,0.4838728215488265
0.0,0.4838728215488265
0.0,0.4838728215488265
0.0,0.4838728215488265
11.695255355062796,8.353734972619044
10.373522431293592,8.353734972619044
10.62135173563291,8.353734972619044
10.933124826700707,8.353734972619044
9.798182590890704,8.353734972619044
10.203629181337648,8.353734972619044
10.34177474101152,8.353734972619044
9.852246888342531,8.353734972619044
10.165890277802454,8.353734972619044
9.472781556562168,8.353734972619044
10.203629181337648,8.353734972619044
9.952325334619427,8.353734972619044
8.748463629942055,8.353734972619044
9.39274525863144,8.353734972619044
9.546884034617923,8.353734972619044
8.665785595466064,8.353734972619044
10.736418414365376,8.353734972619044
9.952325334619427,8.353734972619044
9.99884318585288,8.353734972619044
9.472781556562168,8.353734972619044
9.305741456739437,8.353734972619044
9.210440366976515,8.353734972619044
8.881975184248867,8.353734972619044
8.03947991910045,8.353734972619044
9.472781556562168,8.353734972619044
8.881975184248867,8.353734972619044
8.31898612539206,8.353734972619044
8.537191877922927,8.353734972619044
8.537191877922927,8.353734972619044
8.45553053102413,8.353734972619044
7.550135342488429,8.353734972619044
7.313886831633462,8.353734972619044
9.39274525863144,8.732209959770897
8.999742789830492,8.732209959770897
7.496097345175956,8.732209959770897
9.249657234353132,8.732209959770897
9.169622538697624,8.732209959770897
9.210440366976515,8.732209959770897
9.093918908958932,8.732209959770897
8.764209507142004,8.732209959770897
9.15915233520675,8.732209959770897
9.546884034617923,8.732209959770897
8.853808274977197,8.732209959770897
9.012011377036412,8.732209959770897
10.714439990727769,8.353734972619044
9.99884318585288,8.353734972619044
10.518700218288163,8.353734972619044
10.714439990727769,8.353734972619044
10.275085591132717,8.353734972619044
10.714439990727769,8.353734972619044
10.373522431293592,8.353734972619044
10.043292972227004,8.353734972619044
10.463131911491969,8.353734972619044
9.798182590890704,8.353734972619044
10.34177474101152,8.353734972619044
10.404293143019792,8.353734972619044
8.881975184248867,8.353734972619044
9.305741456739437,8.353734972619044
9.305741456739437,8.353734972619044
9.546884034617923,8.353734972619044
10.87806606028079,8.353734972619044
9.680406499268877,8.353734972619044
9.61587214452889,8.353734972619044
9.036106025364846,8.353734972619044
9.04793908261736,8.353734972619044
9.472781556562168,8.353734972619044
7.438971592395862,8.353734972619044
8.732465848349879,8.353734972619044
8.630700432209832,8.353734972619044
8.77971129020447,8.353734972619044
8.24301946898925,8.353734972619044
7.313886831633462,8.353734972619044
8.682877107057168,8.353734972619044
8.31898612539206,8.353734972619044
7.650168700845001,8.353734972619044
6.68586094706836,8.353734972619044
10.34177474101152,8.732209959770897
9.90353755128617,8.732209959770897
9.093918908958932,8.732209959770897
10.518700218288163,8.732209959770897
10.691967639914864,8.732209959770897
9.61587214452889,8.732209959770897
10.12667110305036,8.732209959770897
9.680406499268877,8.732209959770897
10.12667110305036,8.732209959770897
10.239995502805316,8.732209959770897
9.90353755128617,8.732209959770897
9.39274525863144,8.732209959770897
9.61587214452889,8.069176712379894
9.05963375455148,8.069176712379894
9.952325334619427,8.069176712379894
9.082620630373812,8.069176712379894
9.071193240566023,8.069176712379894
9.472781556562168,8.069176712379894
9.741027444837728,8.069176712379894
9.305741456739437,8.069176712379894
9.105090961257083,8.069176712379894
9.148571345578551,8.069176712379894
9.093918908958932,8.069176712379894
11.097425172408933,8.397182102617846
10.933124826700707,8.397182102617846
9.680406499268877,8.397182102617846
10.66897865021924,8.397182102617846
9.852246888342531,8.397182102617846
9.39274525863144,8.397182102617846
9.546884034617923,8.397182102617846
9.741027444837728,8.397182102617846
8.922791623969637,8.397182102617846
8.556606193773073,8.397182102617846
10.275085591132717,5.808131743013648
10.373522431293592,5.7575384456705025
7.696667081526462,8.635307787058014
5.968707559985366,8.635307787058014
4.90527477843843,8.635307787058014
9.546884034617923,4.877876837664222
10.275085591132717,5.808131743013648
7.824445930877619,8.635307787058014
4.23410650459726,8.635307787058014
3.610917912644224,8.635307787058014
10.859018228147889,4.618424098660068
10.645448706505872,4.717750035420036
7.438971592395862,7.182591462222755
5.802118375377063,7.182591462222755
4.465908118654584,7.182591462222755
9.680406499268877,4.618424098660068
10.404293143019792,4.807683990921219
7.313886831633462,7.182591462222755
5.831882477283517,7.182591462222755
5.198497031265826,7.182591462222755
9.39274525863144,4.717750035420036
9.852246888342531,5.438392692961409
6.878326468291325,7.182591462222755
5.564520407322694,7.182591462222755
4.110873864173311,7.182591462222755
11.127277689932466,4.660569304964817
9.99884318585288,3.7164772980795573
6.493753839851686,7.672091096477435
5.3981627015177525,7.672091096477435
4.127134385045092,7.672091096477435
10.12667110305036,4.662545924406491
10.203629181337648,3.7164772980795573
6.508769136971682,7.672091096477435
4.59511985013459,7.672091096477435
3.8918202981106265,7.672091096477435
10.491301994830229,4.993615998058292
10.043292972227004,8.559964194068975
6.803505257608338,6.308489785478197
4.859812404361672,6.308489785478197
4.465908118654584,6.308489785478197
9.680406499268877,6.0998534883998285
10.308985993422082,7.180342095049269
6.792344427470809,6.308489785478197
4.61512051684126,6.308489785478197
3.6375861597263857,6.308489785478197
9.546884034617923,4.993615998058292
10.373522431293592,4.281890390804065
7.496097345175956,6.308489785478197
6.19644412779452,6.308489785478197
4.51085950651685,6.308489785478197
11.0186455364637,7.777970983149977
10.043292972227004,8.072375209039562
6.673297967767654,7.105249958957486
5.802118375377063,7.105249958957486
4.465908118654584,7.105249958957486
10.275085591132717,6.706255342598688
10.275085591132717,8.072375209039562
7.090909822079984,7.105249958957486
5.525452939131784,7.105249958957486
4.875197323201151,7.105249958957486
10.66897865021924,4.9361316934531265
10.691967639914864,7.779310231439853
7.696667081526462,6.533035887304646
5.602118820879701,6.533035887304646
4.465908118654584,6.533035887304646
10.043292972227004,5.713705095765813
10.778977123006351,7.892248468784678
7.00397413672268,6.533035887304646
5.14166355650266,6.533035887304646
4.07753744390572,6.533035887304646
9.472781556562168,5.858465586242786
9.852246888342531,8.360918050044326
6.698268054115413,6.533035887304646
5.081404364984463,6.533035887304646
4.330733340286331,6.533035887304646
10.59665973278358,5.2199261009535265
10.491301994830229,5.2199261009535265
7.783640596221253,7.100499535907101
5.181783550292085,7.100499535907101
4.709530201312334,7.100499535907101
10.165890277802454,6.036515019987267
10.518700218288163,5.310193570950764
8.03947991910045,7.100499535907101
5.3981627015177525,7.100499535907101
4.553876891600541,7.100499535907101
9.39274525863144,5.310193570950764
10.043292972227004,4.26914521973465
7.438971592395862,7.100499535907101
5.771441123130016,7.100499535907101
4.61512051684126,7.100499535907101
10.757924157061597,5.56153408850348
10.434145214930489,4.0662924852785896
8.006700845440367,7.215318727164442
6.566672429803241,7.215318727164442
4.564348191467836,7.215318727164442
10.308985993422082,5.56153408850348
10.518700218288163,6.711439487851188
8.101980731853192,7.215318727164442
6.311734809152915,7.215318727164442
4.605170185988092,7.215318727164442
10.12667110305036,5.024697310807619
10.404293143019792,5.024697310807619
8.268988209506656,7.105249958957486
4.919980925828125,7.105249958957486
3.1780538303479458,7.105249958957486
10.043292972227004,4.927699148908096
10.275085591132717,5.024697310807619
7.937731775260109,7.105249958957486
4.499809670330265,7.105249958957486
3.610917912644224,7.105249958957486
9.546884034617923,4.927699148908096
9.90353755128617,5.65540601284781
6.846943139585379,7.105249958957486
5.017279836814924,7.105249958957486
3.367295829986474,7.105249958957486
5.802118375377063,5.3223738846146285
6.311734809152915,5.3223738846146285
5.564520407322694,5.3223738846146285
5.860786223465865,5.3223738846146285
5.968707559985366,5.3223738846146285
5.602118820879701,5.3223738846146285
5.525452939131784,5.3223738846146285
5.525452939131784,5.3223738846146285
6.634633357861686,5.3223738846146285
6.594413459749778,5.3223738846146285
7.273092595999522,5.3223738846146285
6.566672429803241,5.3223738846146285
6.918695219020472,5.3223738846146285
5.604841798032464,5.3223738846146285
4.5217885770490405,5.3223738846146285
5.575284824599628,5.3223738846146285
5.928218672962563,5.3223738846146285
4.937910994780049,5.3223738846146285
5.929094952311624,5.3223738846146285
5.035986149240867,5.3223738846146285
5.879834273236242,5.3223738846146285
4.268014110118782,5.3223738846146285
7.747751160247139,5.3223738846146285
4.067961425456161,5.3223738846146285
4.930224706427823,5.3223738846146285
4.83854987051571,5.3223738846146285
8.910720661951359,7.817145872379526
8.986071187374463,7.817145872379526
9.44943600950432,7.817145872379526
9.814710982145282,7.817145872379526
9.577133949436078,7.817145872379526
9.010791269515602,7.817145872379526
7.905072849498666,7.817145872379526
7.919719760924575,7.817145872379526
8.704668113450987,7.817145872379526
7.186144304522325,7.817145872379526
7.919719760924575,7.817145872379526
8.634264863002075,7.817145872379526
9.324530829443727,7.817145872379526
6.662087650988759,7.817145872379526
7.523090150099138,7.817145872379526
8.00122561957902,7.817145872379526
8.801837263576504,7.817145872379526
8.086755860254893,7.817145872379526
8.185722917430967,7.817145872379526
7.470324601853731,7.817145872379526
4.948759890378168,4.604920231668685
5.484796933490655,4.604920231668685
5.198497031265826,4.604920231668685
5.525452939131784,4.604920231668685
5.225746673713202,4.604920231668685
5.62040086571715,4.604920231668685
2.3978952727983707,4.604920231668685
5.25227342804663,4.604920231668685
4.394449154672439,4.604920231668685
5.198497031265826,4.604920231668685
4.795790545596741,4.604920231668685
3.9318256327243257,4.604920231668685
2.6461747973841225,4.604920231668685
2.681021528714291,4.604920231668685
2.565718292524414,4.604920231668685
2.336019869080283,4.604920231668685
2.3739750890807185,4.604920231668685
2.7447035187502458,4.604920231668685
2.808800104202353,4.604920231668685
