Actual,GCN_Predicted
6.2766434893416445,14.651649
6.113682179832232,14.651649
6.124683390894205,14.651649
4.882801922586371,14.651649
8.797948354937416,14.651649
4.186619838331271,6.470374
6.113682179832232,6.548291
5.488937726156687,6.5772915
5.0238805208462765,7.2557273
4.875197323201151,8.767423
7.349873704738337,8.370272
5.204006687076795,4.8715262
4.532599493153256,6.71486
11.46899447586426,6.9136963
8.830250570199247,6.8038244
4.142951995946158,6.6672115
8.444622498581403,7.3547125
4.204692619390966,6.5006876
6.113682179832232,6.5631804
7.31455283232408,6.711717
3.258096538021482,6.469882
7.6787889981991535,6.651547
6.113682179832232,6.5426116
5.44673737166631,5.048183
4.955827057601261,6.7245636
7.566311014772463,6.694786
3.258096538021482,6.88985
7.898039690764619,6.5011272
3.933263673001215,6.731306
6.113682179832232,6.55868
5.834810737062605,7.247863
6.448889394146858,6.719322
4.5217885770490405,8.079397
7.245655067594535,6.688838
6.113682179832232,4.993528
4.04305126783455,6.7679167
5.916202062607435,6.861294
6.113682179832232,4.956634
6.113682179832232,6.7092547
6.113682179832232,6.5372553
2.917770732084279,6.7037115
7.149131598557407,7.55885
6.113682179832232,6.720399
9.79823814181703,7.031804
2.4849066497880004,6.6279554
10.34180699751524,7.320573
2.58820875799096,6.760898
6.113682179832232,6.5430355
6.1779441140506,6.8829904
5.700443573390687,7.4023585
6.884486652042782,6.677968
2.6390573296152584,6.8913546
8.455743229100015,6.717495
0.6931471805599453,6.7390175
9.504873919377063,7.0642443
7.31455283232408,6.785943
2.4849066497880004,6.917245
6.86484777797086,6.7576113
10.79961639258633,7.22621
7.934513463882263,6.690261
8.243282523048375,7.3465943
5.537334267018537,7.391834
4.31748811353631,6.410858
3.4657359027997265,6.441738
3.9889840465642745,6.708069
9.181120554290926,9.072478
3.7612001156935615,6.6909466
8.317033476492403,6.8333797
8.016977746762262,7.068322
6.723832440821209,6.6606545
6.113682179832232,6.7383995
7.901747518520144,6.89363
8.187855443695623,6.8434696
8.102283624480073,6.745116
9.68046899341007,7.664505
10.24003121517787,7.0508695
8.434246270595311,6.77928
6.218600119691729,6.6095543
8.57583938684897,7.311562
2.2607208888953467,6.5162754
2.995732273553991,6.7730193
9.409355151711798,7.5223656
6.113682179832232,6.588979
2.079441541679836,5.088611
8.412277021466677,7.034923
5.971261839790462,6.7554927
5.081404364984463,6.917523
0.6931471805599453,6.7201557
5.0238805208462765,7.070281
2.079441541679836,6.614274
9.615938804529582,6.8869495
6.113682179832232,6.55223
6.113682179832232,6.5051384
7.171656822768514,6.4418864
4.0943445622221,6.7850533
8.718849392907325,6.741851
4.804021044733257,6.738821
8.474703139795285,7.1705813
8.982435503560263,6.794694
2.815408719422709,3.7942624
9.770070439095775,7.427638
4.501502267296758,6.725069
3.4339872044851463,4.600096
6.113682179832232,6.778778
2.302585092994046,4.4805603
10.571368205848186,7.447108
5.0238805208462765,7.1452723
8.216628493133443,7.2650986
6.3835066348840055,6.782415
7.86119079948352,7.5524597
4.580877493419047,6.479515
6.113682179832232,4.9521017
6.113682179832232,6.632719
6.648984550024776,6.7063465
7.266827347520591,6.658869
8.503499864284235,6.7866507
9.931686206894806,6.833263
3.346929616406618,6.7789707
4.634728988229636,6.550121
10.36860426020847,6.856015
3.634951112088381,3.9051654
8.189244525735901,7.5514235
5.529429087511423,6.569526
3.4657359027997265,6.653805
7.762596048540069,7.0624495
7.59270801532726,6.9135885
6.113682179832232,5.26394
2.772588722239781,6.5818396
7.116394144093465,8.079397
7.25063551189868,7.2117863
4.605170185988092,6.5584664
11.72805297348936,7.9906197
2.302585092994046,6.46263
4.356708826689592,7.0597286
12.570722703538417,9.497554
5.0238805208462765,6.784362
6.75343791859778,7.3210044
3.8501476017100575,4.8715262
11.373686385878235,7.6047945
4.61512051684126,6.6460347
2.5649493574615367,6.5087996
6.113682179832232,6.534061
5.8522024797744745,7.3150344
4.51085950651685,6.729075
9.615938804529582,8.162298
8.789050713521046,7.453939
7.43955930913332,7.321224
4.07753744390572,6.89845
10.695801104590572,8.014189
10.8474323611921,8.917841
6.113682179832232,6.4705143
3.186352633162641,6.565628
7.938088726896952,6.690717
5.236441962829949,6.670763
6.77078942390898,4.882697
7.709756864454165,7.1931863
7.004881989712859,6.6917224
7.984462732262196,7.2264357
4.110873864173311,4.9073663
4.060443010546419,4.8715262
10.872408684473482,8.280446
6.113682179832232,6.628169
5.308267697401205,7.544479
4.127134385045092,6.673683
2.772588722239781,6.5363083
9.165552189186048,6.823146
6.240275845170769,7.5275736
4.624972813284271,7.6482053
6.113682179832232,5.088611
2.6390573296152584,6.2953334
6.747586526829315,5.026699
7.917033603418922,7.4777026
9.05392045270488,9.223312
3.713572066704308,6.6373386
5.726847747587197,6.725845
6.113682179832232,6.603036
5.71042701737487,6.7192116
3.8918202981106265,6.6613426
8.39366870513074,7.233493
6.805722553416985,8.370272
8.665957964681349,8.369308
8.810161268297255,7.4389853
9.852299515766695,7.052845
2.19722457733622,6.6594696
9.305832353435404,7.321784
4.290459441148391,4.9374666
5.529429087511423,6.7823086
5.365976015021851,7.4051046
6.113682179832232,6.631831
7.31455283232408,6.737463
2.2874714551839976,6.634305
6.111467339502679,6.5645123
10.647850524480344,8.309495
2.2491843162669305,6.510254
3.49650756146648,6.7671824
8.909505512946101,7.994236
9.230339058482873,6.94963
10.714462212209275,7.5169964
4.61512051684126,4.929278
10.126711100650509,6.6983986
6.113682179832232,7.346259
7.091742115095153,6.6999397
7.083387847625295,7.388363
2.5649493574615367,6.4625864
8.630878955820053,7.6255565
8.974871170971337,6.7179575
6.093569770045136,6.646678
7.998671361015776,8.767423
10.130702803220393,8.465062
3.091042453358316,6.686518
6.113682179832232,7.226779
10.8590374583624,9.616438
4.406719247264253,6.467716
6.595780513961311,6.759016
5.676753802268282,6.7095356
6.3835066348840055,7.03304
6.349138991379798,6.815419
8.630878955820053,6.761597
4.30406509320417,5.011989
9.187276432377631,8.325054
6.113682179832232,4.9029493
4.59511985013459,6.522797
3.80666248977032,7.310185
8.732627099660395,7.5525737
6.735780014242327,4.8715262
5.236441962829949,6.767729
2.302585092994046,4.8104315
6.113682179832232,4.929599
10.596684731846114,7.585563
8.371010681238156,7.0693917
6.51025834052315,6.784343
7.973155433444133,7.869829
9.852299515766695,6.7854757
3.737669618283368,6.731404
11.461832150585344,7.6610394
6.077642243349034,6.686715
4.804021044733257,6.7512302
8.839131752546109,7.583831
0.76169801648582,6.772982
2.5249283241374862,6.624811
2.778819271990417,6.5839806
8.216628493133443,6.8110905
8.455743229100015,6.8465447
1.7047480922384253,4.942279
2.302585092994046,7.021603
6.432940092739179,6.8036404
4.1059436980654525,4.8715262
6.318968113746434,6.6973944
3.367295829986474,6.8259335
3.4657359027997265,6.6967535
2.1162555148025524,6.6894293
6.113682179832232,5.088611
3.122364924487357,6.48905
6.113682179832232,6.994622
8.732627099660395,7.0592284
2.772588722239781,6.6436605
7.004881989712859,6.68838
7.463936604468925,7.171604
2.726681987327473,6.735626
6.113682179832232,6.8479757
6.1779441140506,6.6365876
7.878155336503324,6.780378
3.7232808808312687,6.5424623
3.1354942159291497,6.536851
6.484635235635252,5.1429305
4.74493212836325,8.370272
0.6931471805599453,6.724106
10.806713308080846,7.541629
6.572282542694008,6.8457947
9.68046899341007,6.922777
6.113682179832232,6.580173
6.113682179832232,6.8018894
6.71532063145127,5.26394
8.343315881404946,6.7862024
2.995732273553991,6.5363083
9.546955455537145,6.6972523
12.254872333463778,10.14414
2.72785282839839,3.846411
3.828641396489095,4.9027877
3.4339872044851463,6.750065
8.328934041955529,6.5108776
6.113682179832232,6.7408233
7.45083509827746,5.548079
8.098536151624295,6.8065157
9.464439807410836,7.6418886
6.113682179832232,6.6375265
8.102283624480073,6.9053583
9.259320994197804,6.7760744
2.3702437414678603,6.494478
9.741086263177303,7.09374
8.240648863374913,6.7581997
8.317033476492403,7.1318355
6.113682179832232,6.428142
10.73644015278695,7.9103603
1.94585805890356,6.7467256
2.5649493574615367,6.5526233
9.159257581746866,8.685879
3.49650756146648,6.78386
6.525029657843462,7.318786
2.4423470353692043,4.909645
7.305188215393037,7.1596456
4.756770601392795,6.63778
6.113682179832232,5.088611
6.129050210060545,6.6950336
9.776494254379262,7.7039847
6.113682179832232,7.2172527
2.131796772013764,6.6156387
4.192680462942962,6.7261305
6.90975328164481,6.7483087
6.156978985585555,7.4323463
4.356708826689592,7.0597286
4.356708826689592,6.8062153
3.4657359027997265,6.7071385
6.62273632394984,7.2421107
10.165928737122114,8.563335
4.219507705176107,6.537672
5.676753802268282,6.635402
2.19722457733622,6.6967773
5.2574953720277815,7.312739
6.113682179832232,6.763875
5.198497031265826,5.946762
2.344686269012681,6.4883003
8.756210091886738,7.260235
2.995732273553991,5.26394
6.113682179832232,6.7129025
2.2438960966453663,6.5155883
6.257667587882639,6.8087554
4.971676010839631,6.706063
5.7430031878094825,4.9750333
9.53097354456765,7.5180545
5.0238805208462765,6.687106
7.8826922062890254,5.26394
2.772588722239781,6.460714
3.7977338590260175,6.4581494
7.550661243105336,6.696228
6.782192056006791,6.752881
5.883600901232037,6.7296486
5.356586274672012,7.048238
6.135564891081739,6.6304154
7.601901959875166,7.103641
2.833213344056216,5.11189
8.681350777582521,6.9004803
9.187583384853566,7.073593
6.113682179832232,6.996523
9.495669678844369,7.890607
6.113682179832232,6.521018
9.0940312495758,6.920332
6.508769136971682,5.088611
6.113682179832232,6.4935985
7.741533589281828,6.755442
6.879355804460439,6.7684937
3.258096538021482,6.7048187
9.95237295026594,8.073772
3.49650756146648,6.722335
6.091309882077698,6.5413427
7.379008127628304,6.68732
3.044522437723423,5.1806064
6.2766434893416445,6.7107773
2.8903717578961645,6.762866
5.2574953720277815,6.73147
6.113682179832232,6.7096963
4.07753744390572,6.6948714
5.525452939131784,7.033044
4.204692619390966,6.7098465
6.156978985585555,7.4086018
9.99888863729938,7.826535
11.26320690547022,7.8661222
6.113682179832232,6.528828
7.462789157412448,7.1960654
4.718498871295094,6.4961634
9.305832353435404,8.482209
6.113682179832232,6.6939373
9.803777708387116,8.253315
6.113682179832232,6.6198215
7.156176637480615,6.1944027
6.113682179832232,6.5451593
2.3758355547336385,6.4958735
4.189654742026425,6.8067966
6.635946555686647,6.782469
6.113682179832232,6.6980977
8.668493466439914,6.751944
1.4816045409242156,6.631011
7.091742115095153,7.3753695
3.912023005428146,5.9121494
11.686895578675124,6.809296
5.918893854273146,6.8644943
2.1633230256605382,6.542695
1.7967470107390942,6.6645255
4.804021044733257,7.923844
6.113682179832232,6.773199
3.218875824868201,6.462421
6.113682179832232,6.7051916
1.966984236610776,4.959147
8.64541048921699,7.176776
8.618485442898109,7.0713196
10.647850524480344,10.405142
10.315663426335734,6.9425664
7.004881989712859,6.750511
8.82776136765472,7.5711737
8.216628493133443,7.1268916
3.6375861597263857,6.3340597
6.113682179832232,3.7005954
4.07753744390572,6.6506042
7.373374309910049,7.066417
6.113682179832232,6.695844
6.113682179832232,6.7294874
10.165928737122114,6.9911213
2.533696813957432,6.4812465
5.44673737166631,7.309775
6.366470447731438,6.7131095
3.7819143200811256,6.593974
6.113682179832232,6.480032
2.4159137783010487,6.6932287
3.6428355156125294,3.8867335
9.75857738074032,8.253141
6.51025834052315,6.6204867
6.113682179832232,6.6040416
4.362082905808832,6.751211
5.971261839790462,6.589649
6.560594765065204,6.7292905
9.424644974623188,8.467751
6.113682179832232,6.5994396
6.113682179832232,6.429554
6.113682179832232,6.636826
7.818290255775268,6.76566
6.113682179832232,6.589076
6.51025834052315,6.862209
1.824549292051046,6.6620812
2.873564639579784,6.58426
5.568344503761097,8.079397
7.692569648067906,7.125563
5.8888779583328805,7.6585536
6.838279655781776,7.352999
0.7702453390767809,6.7400446
6.113682179832232,6.5902963
8.129174996911793,5.6826386
9.615938804529582,6.87465
3.9149643661417945,6.7500234
9.18008732880516,6.666498
4.406719247264253,6.6747804
6.045005314036012,7.2361183
7.793999089503996,7.173369
11.528277024474663,12.342894
6.352629396319567,6.670781
9.90358754753646,7.594587
2.517696472610991,6.670161
1.742219023667919,6.515788
10.40432344467275,8.560471
6.495265555937008,7.06392
6.113682179832232,6.6469603
3.708682081410116,6.497819
3.2809112157876537,6.493395
14.60396882741904,23.647005
9.90358754753646,7.896689
6.113682179832232,6.548291
5.8805329864007,6.691595
5.198497031265826,7.300193
8.434246270595311,7.724227
3.49650756146648,6.4835463
7.074963197966044,6.654322
3.332204510175204,5.243876
6.848005274576363,6.969547
7.303351142366113,6.7400246
3.616308761279101,6.5381875
5.204006687076795,7.0482087
6.115892125483034,6.6642904
4.882801922586371,6.911384
7.901747518520144,8.167787
3.254242968705492,6.511711
7.801515493081219,7.044263
2.4423470353692043,6.0623198
5.641907070938114,6.5093107
8.132118772955806,6.7860746
6.600869728852309,6.710872
2.19722457733622,6.68855
6.113682179832232,7.2943964
3.1354942159291497,6.765593
5.7430031878094825,6.6263995
1.8991179875485544,6.562524
7.260824713692283,7.5180078
4.04305126783455,7.193221
11.37373236077595,8.836924
5.882625622278252,6.659541
4.659658371272161,6.713291
8.613607741328979,8.0868
6.113682179832232,6.7162094
6.113682179832232,6.4812927
6.113682179832232,6.5690413
9.68046899341007,8.7150345
6.113682179832232,6.4512553
4.276666119016055,4.8760304
6.113682179832232,6.7087684
6.113682179832232,6.52789
5.891644211825772,4.9723377
2.8903717578961645,6.7956095
4.07753744390572,6.4779344
7.973155433444133,7.4796543
5.568344503761097,6.6648326
10.463160481696102,7.028329
2.5649493574615367,6.608927
3.725693427236653,6.9462824
3.367295829986474,4.6017213
2.509599262378372,6.7260103
6.899723107284872,6.6858025
5.2611864682098295,7.449035
9.207536444643448,6.799432
3.131136910560194,6.5109215
6.113682179832232,6.563205
8.714967559395971,6.774461
2.833213344056216,6.7222567
9.021598247379304,5.0976515
6.113682179832232,6.589298
6.113682179832232,6.721508
10.591672441266258,8.267086
6.113682179832232,5.901313
4.513054897080286,6.697201
6.113682179832232,6.8024273
4.276666119016055,6.6315155
6.843749949006225,5.464364
8.438799123988225,7.1320586
4.02535169073515,4.9987946
9.75857738074032,6.759385
6.400257445308821,6.7065673
5.71042701737487,6.7535524
8.671800909642677,7.1331325
7.406103381237015,7.212231
6.113682179832232,6.7132716
3.1780538303479458,6.513666
4.189654742026425,6.7191744
5.996452088619021,7.1720657
7.037027614686276,7.060738
0.6931471805599453,6.735696
7.980242459235436,7.6267385
4.532599493153256,7.460354
7.901747518520144,7.4760365
6.113682179832232,6.142887
6.113682179832232,6.502987
4.584967478670572,6.7312813
6.349138991379798,5.26394
6.113682179832232,6.6932287
2.96010509591084,6.5759754
7.245655067594535,6.708156
4.276666119016055,6.683978
7.004881989712859,7.580303
2.772588722239781,6.685293
3.5667118201397288,6.0490856
8.17413934342947,7.984983
6.113682179832232,6.726783
4.276666119016055,6.8080435
5.937536205082426,6.4626575
8.389814262086407,8.500872
4.02535169073515,6.6671166
2.9444389791664403,4.6372976
8.831565879121063,6.7977934
2.0360119837525,6.7034636
6.113682179832232,4.972429
7.535830462798367,8.238447
7.245655067594535,7.0062447
7.901747518520144,7.469421
6.652863029353347,7.212352
7.004881989712859,7.124101
6.699500340161678,7.6421537
3.910959039491633,6.7425833
10.338576185710364,8.274325
7.901747518520144,6.708743
5.1298987149230735,5.0307865
11.238514934711688,6.7430916
6.113682179832232,6.5646343
8.657302899400882,8.670149
5.147494476813453,7.039931
3.1780538303479458,6.730726
8.041734711487537,7.06859
8.808312311471798,7.621952
1.9401794743463283,6.7016697
2.302585092994046,6.613535
7.31455283232408,6.6224523
4.804021044733257,6.8841815
4.254193263163997,6.5193534
8.50976567558744,6.8432217
6.815639990074331,6.699209
7.784057002639929,6.240885
3.1354942159291497,5.2003007
7.43955930913332,6.863569
8.116417072794205,7.2757955
3.091042453358316,6.4352665
6.648984550024776,4.956272
6.113682179832232,6.70819
8.779865100863852,6.890275
5.524257005164247,4.447152
3.1780538303479458,6.686519
9.58204184993154,8.752655
5.918893854273146,7.250475
3.683866912290392,6.517791
2.5649493574615367,6.295381
1.0929045735194949,6.7806616
2.1633230256605382,6.6171837
6.459904454377535,5.107008
2.174751721484161,6.723011
7.002155954403621,6.7298374
6.871091294610546,7.3923917
11.321789172290998,8.338632
8.502891406705377,7.6517177
6.90975328164481,6.98064
3.9318256327243257,5.030214
6.648984550024776,6.704438
2.8903717578961645,6.5719943
7.231287004327616,6.8115015
6.113682179832232,6.4777446
1.9315214116032136,4.909642
6.068425588244111,4.956175
5.488937726156687,7.644356
3.610917912644224,6.4943895
7.601901959875166,7.2705793
5.147494476813453,6.6676235
3.0878555624297968,6.7378364
7.379008127628304,6.8300676
3.956996371070877,6.685353
6.113682179832232,6.5238423
10.4032320062913,7.413783
2.9444389791664403,6.5027466
8.269244521183056,6.6683455
10.360500922524867,7.127935
3.1354942159291497,6.7042074
8.434246270595311,6.699015
2.70805020110221,6.587063
1.9459101490553128,6.6175075
6.977281341630747,6.746065
3.258096538021482,6.503915
2.302585092994046,6.5550027
4.553876891600541,7.2149477
4.4520190064939165,6.553274
7.923348211930154,5.903596
3.784189633918261,6.6693163
6.464588303689961,7.0365086
7.004881989712859,6.8113365
6.100318952020064,6.5889053
6.113682179832232,6.5486856
8.688116703257823,6.759162
6.776506992372183,6.9513855
6.826545223556594,6.8636055
3.80666248977032,6.6502304
6.156978985585555,6.9181013
9.200492035921368,6.95301
6.113682179832232,6.676391
6.113682179832232,6.6763067
4.495466920896128,1.9279282
7.697121317282625,6.7019634
2.862200880929469,6.4342804
6.113682179832232,6.6117926
7.824845691026856,7.170802
3.3978584803966405,6.723477
8.786397166341942,6.812641
4.804021044733257,7.9432125
5.720311776607412,7.117542
5.0238805208462765,6.6755247
8.789050713521046,6.649682
8.269244521183056,6.9291897
3.218875824868201,6.7132072
4.499809670330265,4.703438
7.476472381163905,7.2524347
6.113682179832232,6.636826
8.59452453435256,6.6280093
4.61512051684126,6.6168776
8.216628493133443,6.632377
6.049733455231958,4.6908207
3.6082115510464816,6.5290985
6.113682179832232,6.0561237
7.245655067594535,6.725703
7.175171272611848,6.7416315
3.737669618283368,6.667412
10.94379959925603,7.0816493
7.601901959875166,6.756183
6.113682179832232,6.548707
3.555348061489413,6.4867597
7.004881989712859,6.9568024
6.646390514847729,5.965314
2.772588722239781,6.642032
6.113682179832232,6.7214055
8.48920515487607,6.507258
6.113682179832232,6.620491
7.824845691026856,6.8267145
6.113682179832232,6.5936184
6.113682179832232,4.925395
10.169767218727474,8.352901
6.113682179832232,6.620228
10.63388234712274,6.6556444
6.113682179832232,6.6859045
8.883501584323207,6.737813
3.295836866004329,6.7734375
6.113682179832232,6.6769304
7.601901959875166,6.754876
10.545394068902477,7.0267143
9.85450737031441,7.311298
5.111987788356544,7.6869884
5.918893854273146,7.4979377
5.117993812416755,6.757024
7.877397186353287,6.7803755
5.7430031878094825,6.68402
6.1779441140506,6.747135
6.113682179832232,6.8294864
3.555348061489413,6.8795786
6.113682179832232,7.4078493
7.013915474810528,6.5154653
9.376024287617112,7.2798114
1.085189268335969,6.665777
12.072552681411771,7.6435637
4.955827057601261,7.4864006
6.230481447578482,6.728275
8.839566503657949,6.7535267
6.113682179832232,6.4772644
6.113682179832232,6.608886
8.318498320504338,7.040677
4.174387269895637,6.777319
6.580639137284949,5.8846025
9.39282858154946,7.360987
7.419979923661835,7.169709
10.126711100650509,8.757957
5.402677381872279,6.5633483
8.001560615191917,7.4889693
6.113682179832232,6.5741367
3.6375861597263857,6.6256223
4.882801922586371,7.245799
4.363639370278909,7.5070195
8.354203562921775,7.4224486
5.605802066295998,7.215953
10.225643512847986,6.8361025
5.945420608606575,6.6687503
8.537387898701757,6.7099085
6.113682179832232,6.573938
6.493753839851686,5.2515473
6.113682179832232,6.5376406
9.056956065076823,7.229178
2.70805020110221,6.627137
6.71174039505618,6.7056313
4.736198448394496,7.788509
11.177942119400434,7.8989105
5.942799375126701,7.050622
6.113682179832232,4.490469
3.6375861597263857,6.6703014
6.837332814685591,4.876241
6.842683282238422,6.695672
6.20050917404269,5.8529754
2.2300144001592104,6.7642555
9.280519206597427,7.6861267
3.610917912644224,6.4265804
8.310672341233358,6.7930512
5.342334251964811,6.69211
1.9600947840472696,6.708091
5.84354441703136,7.336029
9.68046899341007,7.412259
6.12029741895095,6.7603455
2.5649493574615367,6.6912518
9.90358754753646,7.7548184
8.166784289056151,8.263491
4.060443010546419,6.731681
5.123963979403259,6.5954714
6.113682179832232,4.991769
9.21054035197885,6.742739
4.995183189537334,3.9378586
2.5952547069568657,6.4977226
8.683046555502886,8.642294
6.804614520062624,7.4156723
7.631431664576906,6.6217
8.537387898701757,7.615532
8.57715877258367,6.767894
5.147494476813453,7.1238604
7.86403565907245,7.2365093
10.753681216035355,8.119755
7.565793282428515,7.2526383
3.951243718581428,6.690959
3.951243718581428,5.681654
7.194436851100335,5.711145
6.815639990074331,6.7253647
2.8903717578961645,6.759166
3.737669618283368,6.492612
5.996452088619021,7.6225533
7.99799931797973,7.1270905
8.041734711487537,6.8268538
3.7612001156935615,4.9485474
2.856470206220483,6.7174654
7.171656822768514,6.693772
2.70805020110221,6.708091
6.988226547062806,6.7857285
8.96482339168508,7.808015
1.7749523509116738,6.723854
6.796823718274855,6.70695
6.113682179832232,6.7185645
6.113682179832232,6.5102215
6.761572768804055,7.1724586
3.218875824868201,6.695282
8.785539527561276,7.5455317
5.43372200355424,7.1662507
7.43955930913332,6.7417912
11.371384941857643,8.292477
6.113682179832232,6.6288376
6.1779441140506,7.664657
6.135564891081739,7.2437696
10.40432344467275,7.352803
3.004883227715808,6.741127
6.021023349349527,6.6607246
9.76434042112597,6.7100105
5.402677381872279,6.7081413
2.4432162227337915,6.548707
4.804021044733257,6.705015
4.727387818712341,6.6343064
5.660230601245297,5.082279
4.422448549172797,6.5645385
6.113682179832232,5.120146
7.576097340623111,7.6163497
4.356708826689592,7.7600546
3.1780538303479458,4.9012456
6.113682179832232,6.19575
5.0238805208462765,6.838358
6.113682179832232,6.493143
8.834336974017637,7.056965
9.472858470764416,7.4523525
3.555348061489413,6.4897585
6.113682179832232,6.4631844
6.113682179832232,6.659254
6.113682179832232,6.538026
3.1780538303479458,6.773405
6.113682179832232,6.551406
9.198470199405696,8.759085
3.1354942159291497,5.0436964
1.706564623164823,6.4938984
9.05975001334368,7.064108
5.846438775057725,6.8218117
7.784057002639929,7.2218556
2.302585092994046,6.6491814
2.70805020110221,6.5438027
10.060576767778905,8.394165
3.295836866004329,6.8482456
6.113682179832232,6.6069655
2.8903717578961645,6.775216
9.200492035921368,7.641961
5.7745515455444085,6.710808
10.119888422982946,6.8361635
2.5649493574615367,6.6018677
6.113682179832232,6.5538187
6.113682179832232,6.708482
7.173191742486599,7.024996
8.065388262962227,6.7365303
10.40432344467275,6.8149257
2.772588722239781,6.739383
6.366470447731438,6.6887074
3.4339872044851463,6.4220304
3.3638415951183864,6.630307
6.113682179832232,6.6657333
8.132118772955806,6.4440374
6.113682179832232,6.504971
8.007034012193408,6.7373934
9.200492035921368,6.9023438
7.762596048540069,6.832259
7.550661243105336,6.734211
2.6390573296152584,6.7343116
5.4638318050256105,6.6712055
4.406719247264253,4.9257646
5.834810737062605,7.4245424
6.71360573796953,7.2494926
6.113682179832232,6.4826565
6.113682179832232,5.0851774
3.1354942159291497,6.5087996
5.0238805208462765,6.8693476
4.955827057601261,4.953448
8.102283624480073,6.747878
2.5649493574615367,4.902904
5.505144348229698,4.97951
4.615895682498052,6.74187
7.534762657037537,6.7795124
6.113682179832232,7.268717
6.250576282124333,6.7499876
8.837100411162755,7.4343596
6.815639990074331,7.642925
5.568344503761097,6.8622036
8.392083380373393,6.6865816
6.113682179832232,6.560313
5.204006687076795,4.8197656
11.184364802967512,5.993285
10.655351654054858,7.5364
9.118225083068378,7.474684
7.245655067594535,7.3109674
5.356586274672012,6.6134224
6.113682179832232,7.0780373
6.8690144506657065,6.732012
9.268797941547753,6.8006186
7.496652438168283,7.0361686
10.663685720345685,7.6808605
5.402677381872279,6.585041
4.127134385045092,6.8227844
2.8903717578961645,6.6721315
6.881110177148494,6.742214
4.477336814478207,6.401348
9.087181461790696,6.7658596
3.202746442938317,7.215362
3.091042453358316,6.6441927
7.8407064517494,7.0726995
4.3694478524670215,6.8372955
8.72453251118548,8.155337
6.113682179832232,6.5451593
3.258096538021482,6.671887
8.764365720529808,6.7933655
2.302585092994046,6.617522
3.58351893845611,6.7121105
3.367295829986474,4.7605724
6.113682179832232,6.6883936
9.546955455537145,7.059109
3.091042453358316,5.173746
3.194583132299156,6.502777
4.406719247264253,6.7988753
6.113682179832232,6.606422
5.634789603169249,6.655097
6.113682179832232,6.642044
6.363028103540465,6.673524
11.097440323579738,12.306681
8.683046555502886,7.7415333
6.045005314036012,7.7526603
6.113682179832232,6.713257
2.3978952727983707,6.58141
4.770684624465665,6.4938984
1.9459101490553128,6.522447
3.58351893845611,6.4490857
6.113682179832232,6.536167
5.971261839790462,8.079923
7.268223021159565,6.6389437
5.817111159963204,5.2292666
6.480044561926653,8.079397
7.400009517162692,6.8115363
6.113682179832232,6.724375
7.614312146452,6.779687
2.6461747973841225,6.687868
4.882801922586371,6.7375174
3.1780538303479458,6.8826957
9.6268833523992,9.368066
8.366835309827675,6.812256
5.204006687076795,7.0482087
8.497398564088058,7.149505
3.555348061489413,6.719775
6.113682179832232,6.5486856
8.10349427838097,7.0525746
5.402677381872279,6.5280647
3.044522437723423,6.691792
8.225235324101668,7.630232
2.3978952727983707,4.5906096
5.676753802268282,7.2158732
6.113682179832232,6.7615595
6.113682179832232,6.567072
6.113682179832232,6.4520397
5.135798437050262,4.63911
6.070195239442144,6.7237344
6.113682179832232,6.5671663
2.302585092994046,6.685239
2.341805806147327,6.4898643
2.002830439307996,6.752309
7.43955930913332,7.5112824
1.247032293786383,6.5883102
10.961312568303402,8.384002
7.31455283232408,7.9585714
9.05742226555147,6.887186
7.824845691026856,6.8224096
14.686804760727426,19.221313
5.44673737166631,6.966734
10.165928737122114,8.73683
8.294549515143679,7.7153397
5.0238805208462765,6.50819
9.989756987688304,7.5452604
7.491087593534876,5.1932464
3.284663565406204,6.4579687
10.37355367982882,8.454966
3.264433309750886,4.942732
6.113682179832232,6.695844
6.2422232654551655,6.765826
6.710369045704336,6.8982677
7.804659297056102,6.465576
7.824845691026856,6.7808924
2.19722457733622,6.7193007
2.995732273553991,6.811001
0.6931471805599453,6.846036
6.113682179832232,6.682644
3.765840495250065,6.609805
8.848509300888079,7.052309
10.457688707770052,6.7739153
0.6931471805599453,6.7407594
2.1400661634962708,6.436529
4.248495242049359,6.658585
8.556798446008598,6.969615
6.338594078203183,6.6339445
9.982483558762626,7.467086
6.113682179832232,6.696438
6.982842297715199,6.721325
6.699500340161678,5.710855
9.05975001334368,7.984336
6.113682179832232,6.6071577
4.22829253473184,6.1874437
7.824845691026856,6.7904105
3.218875824868201,4.819638
6.113682179832232,6.6463385
5.402677381872279,5.2294936
3.258096538021482,6.7702208
8.556798446008598,7.564316
5.430980825718117,6.79341
6.113682179832232,7.274539
5.863631175598097,7.0417066
6.113682179832232,6.57753
5.356586274672012,6.56602
4.48863636973214,3.9172812
1.9459101490553128,6.7203684
9.763190466997406,6.8286448
2.5877640352277083,6.5132465
6.735780014242327,6.700404
6.818292332678993,6.756977
5.529429087511423,7.120561
10.25983244201288,7.822049
7.697121317282625,7.5034246
8.839566503657949,6.733056
5.993961427306569,6.6457095
6.309276256657999,6.6644974
9.39282858154946,7.945972
6.349138991379798,6.646572
5.257308615894442,5.0462284
10.27512007210784,6.749816
5.1298987149230735,7.551551
9.475086413144906,7.8871436
2.079441541679836,6.7316175
4.882801922586371,6.7096987
8.294549515143679,7.8454695
11.152500641871764,6.819122
4.955827057601261,6.94695
5.375278407684165,6.655286
4.882801922586371,6.6624603
5.308267697401205,8.632021
10.518727244219548,7.886582
6.113682179832232,4.882717
1.4816045409242156,3.6887677
8.743850562030243,9.136917
2.0541237336955462,8.903975
4.248495242049359,6.67636
4.0469208412721445,6.7394047
8.868131713503033,6.8164973
1.3862943611198906,6.6011467
8.222016437202196,6.896728
11.733746320914792,9.912898
6.777646593635117,6.7301826
9.68046899341007,7.4591365
9.048056708918736,6.7083774
3.529297384289471,6.5840826
11.233238016844153,7.470743
3.6635616461296463,6.4269266
6.091309882077698,7.680912
11.14189076866657,7.14036
3.784189633918261,6.694008
10.80553736211994,8.014195
7.681099001536359,5.857309
5.204006687076795,7.648386
1.33500106673234,6.6085167
4.770684624465665,6.9906597
6.60934924316738,6.5635996
6.598627648728384,6.698374
1.8579034406175343,6.7409244
6.113682179832232,6.5523996
6.495265555937008,5.673206
6.238324625039508,6.653807
9.852299515766695,6.7509184
5.71042701737487,6.6621695
7.502186486602924,6.4754457
0.6931471805599453,6.770591
2.833213344056216,5.1817775
7.334329350300536,6.6776705
6.113682179832232,6.938312
6.113682179832232,6.6152754
5.891644211825772,6.6893215
2.19722457733622,6.578017
5.8971538676367405,4.653871
7.891602210027854,6.746977
3.4011973816621555,6.5224657
8.07153089355666,6.692755
7.86403565907245,6.993983
3.459466289786131,5.330079
2.8903717578961645,6.493052
6.113682179832232,6.4923368
12.857871137289369,15.783909
11.841523927486865,5.993285
1.3862943611198906,6.751992
7.091742115095153,6.714612
6.113682179832232,6.6775303
8.294549515143679,6.8916683
2.360854001118021,6.7150774
15.352163130872672,18.510317
3.295836866004329,6.4904785
7.22402480828583,6.778948
2.3978952727983707,4.8690414
6.113682179832232,7.197116
4.174387269895637,6.633043
6.113682179832232,6.544743
4.063885354737392,6.285879
4.174387269895637,5.050381
3.955082494888593,6.497245
8.85395110151461,6.747011
6.113682179832232,6.7344513
10.691990366412826,7.2085176
9.02063159674821,6.9704494
4.948759890378168,6.9115
6.113682179832232,6.589914
2.995732273553991,6.813636
2.70805020110221,5.208927
6.113682179832232,6.719987
3.970291913552122,6.7191787
9.082734247371036,6.751659
2.653241964607215,6.589196
10.309019325088835,8.437627
8.61122983334262,7.312498
3.610917912644224,6.528535
6.289715570908998,6.8538294
2.995732273553991,6.586931
2.6390573296152584,6.6996536
3.4339872044851463,6.511997
7.31455283232408,6.83938
6.124683390894205,7.166776
5.60947179518496,5.9370995
2.186051276738094,6.708091
10.891205523751276,8.136593
4.30406509320417,6.8168144
6.674561391814426,6.6829453
6.89172751790494,3.931995
0.6931471805599453,6.77896
5.805134968916488,6.6840343
9.717880392358245,9.180983
3.737669618283368,5.67893
5.356586274672012,5.800683
6.958448393297656,6.665786
6.539585955617669,6.947018
6.113682179832232,6.4960046
6.113682179832232,4.4828653
6.2766434893416445,7.124115
4.61512051684126,6.9336543
8.07153089355666,6.712873
4.189654742026425,6.47276
3.555348061489413,6.6329126
6.113682179832232,6.7275715
4.30406509320417,6.8506937
4.343805421853684,6.368873
2.7013612129514133,6.6403837
7.31455283232408,6.7058797
3.8918202981106265,5.004545
6.113682179832232,6.46972
4.3489867805956814,7.100791
6.113682179832232,6.707458
9.208538750029554,6.6626816
6.113682179832232,6.609278
1.9459101490553128,6.548843
8.294549515143679,6.900803
6.113682179832232,7.18083
7.388946097618437,5.8955517
6.113682179832232,6.6669283
3.970291913552122,6.5570297
9.226145296424829,7.6741953
1.9459101490553128,3.786372
6.113682179832232,5.120146
10.203666216317192,7.8375483
10.10242037513528,6.702074
4.191168746857641,6.4825945
2.772588722239781,6.713005
7.273092595999522,7.1701093
9.918474682344376,8.047317
5.720311776607412,7.0594726
3.091042453358316,6.7107415
6.045005314036012,6.7586446
7.091742115095153,6.7456446
6.113682179832232,4.9630165
4.276666119016055,6.733985
6.2422232654551655,5.942023
7.101675971619444,7.1685877
6.278709023828715,7.210142
4.356708826689592,6.784399
5.087596335232384,7.6431365
4.02535169073515,3.33864
7.091742115095153,6.9625773
7.926241523170962,7.1554756
2.772588722239781,6.4925327
3.8918202981106265,7.0202827
4.276666119016055,6.7113223
6.113682179832232,6.6890216
3.5580185869633447,6.750012
3.92395157629342,6.425775
9.39282858154946,7.3275204
6.90975328164481,6.655888
5.937536205082426,5.03368
9.21054035197885,7.32332
6.113682179832232,6.44386
3.8501476017100575,4.666642
9.169726689090886,6.7165766
2.6390573296152584,6.738769
6.113682179832232,6.5436697
6.1463292576688975,7.539896
5.087596335232384,6.4617934
6.400257445308821,4.9761353
5.610204127696635,7.215787
3.9889840465642745,6.6507034
9.852562611350836,8.220856
1.5260563034950494,4.942279
10.44977732555479,8.22673
9.53978799366043,6.667812
11.72554988369423,9.062435
4.990432586778736,6.4642124
7.066466970136958,6.778723
6.113682179832232,6.5907073
8.38958706681109,8.663239
7.266827347520591,5.7072234
6.661854740545311,5.008675
4.543294782270004,4.982573
6.113682179832232,6.7512074
10.745981033208576,7.259329
7.19668657083435,7.0615244
6.113682179832232,6.4964437
4.83150862819882,3.9071052
6.523562306149512,6.6636477
7.784057002639929,7.428713
6.113682179832232,6.946526
6.113682179832232,6.5086775
4.736198448394496,6.363722
5.087596335232384,6.6201344
6.889591308354466,6.8754797
3.6635616461296463,6.735496
4.04305126783455,4.6457458
7.496652438168283,6.652527
6.902742737158593,5.3157883
4.544900832306459,6.951234
8.57583938684897,6.726218
4.204692619390966,4.958886
6.113682179832232,5.034087
8.34763455381213,7.483819
6.390576181243971,3.9211166
3.258096538021482,6.566544
10.483186040588494,7.430711
3.4404180948154366,6.4765673
6.113682179832232,6.636826
3.1780538303479458,3.8889027
2.995732273553991,4.8869433
2.322387720290225,6.621938
9.71087320625674,7.215843
8.98744678941718,9.17446
4.955827057601261,6.7131257
4.406719247264253,6.775483
1.786746927404511,6.6219363
5.7430031878094825,6.7710595
6.113682179832232,4.967381
3.091042453358316,6.731395
6.113682179832232,6.4340105
5.641907070938114,6.8213577
6.113682179832232,6.5426626
5.099866427824199,6.682677
6.582025138892826,7.246063
6.021023349349527,6.600518
7.43955930913332,6.664319
12.06682207238348,7.111292
2.772588722239781,6.5388775
6.113682179832232,4.9115195
9.06207235530708,6.851587
4.804021044733257,6.971207
5.204006687076795,6.573637
7.550661243105336,7.072383
2.4069451083182885,6.4833174
8.158802490694002,6.9089856
6.113682179832232,6.7198668
4.492001487882454,6.6194754
3.091042453358316,6.7096286
6.113682179832232,6.4625864
4.04305126783455,6.5897303
5.094976442530006,5.428218
3.912023005428146,6.6144476
6.113682179832232,5.027592
7.643003635560718,6.902687
4.35799005684564,6.4258213
2.2925347571405443,6.588833
7.22402480828583,7.157625
5.062595033026967,6.7775784
5.713895109301075,6.733518
6.1463292576688975,6.4646425
8.817001443665859,7.2660027
3.5234150143864045,6.5299435
10.367284459872344,6.6894674
1.66392609771817,6.677862
10.278252874394656,7.1920586
2.6390573296152584,6.7341924
5.468060141135132,6.711874
4.406719247264253,6.6148143
5.863631175598097,7.859277
2.714694743820879,6.78062
2.322387720290225,6.5843344
6.113682179832232,7.345531
9.0940312495758,6.7075458
3.091042453358316,6.677971
3.0633909220278057,6.7267303
5.0238805208462765,7.4018173
9.08984588634012,7.625042
6.113682179832232,4.4206
5.299115176152625,7.2988176
6.113682179832232,6.676391
6.113682179832232,6.704162
6.113682179832232,4.47829
3.3068867021909143,6.496675
9.441610810502,6.642413
4.718498871295094,6.629822
8.545586265917455,7.04547
5.0369526024136295,6.806121
8.882114044208821,7.2428775
6.551510017542127,6.786307
0.6931471805599453,6.7400446
10.179365286288071,15.102202
4.755239665042817,6.8038464
3.1354942159291497,6.6721835
10.93314268336526,7.052597
2.995732273553991,7.0890946
8.245909264774093,5.6807933
6.113682179832232,6.536165
1.6094379124341005,4.9618397
0.6931471805599453,6.7753735
2.667228206581955,5.036597
6.113682179832232,6.719987
7.29505641646263,5.9218397
4.1535564218539465,7.215429
6.113682179832232,6.502819
8.36450810375059,7.565548
5.7745515455444085,6.6827464
4.624972813284271,6.649682
2.1746250427880534,6.768564
2.995732273553991,6.6897726
8.269244521183056,4.9146223
6.113682179832232,6.498169
11.407587171287714,7.999317
6.289715570908998,6.757805
10.669001905221974,8.186143
7.004881989712859,6.68594
6.968850378341948,7.0641627
5.308267697401205,7.1531086
2.079441541679836,6.69356
8.971702399703325,8.0063305
9.898575508175108,6.670871
5.0238805208462765,5.68486
9.36751504634818,7.899871
2.8903717578961645,6.7154617
6.091309882077698,8.003857
10.27512007210784,6.9108686
8.630878955820053,7.215547
7.273786317844895,7.4010644
5.817111159963204,6.768857
6.304448802421981,6.678379
2.124653884501384,6.548875
4.605170185988092,6.61108
8.132118772955806,6.7396407
2.436481745715546,6.7295895
5.791793351978915,3.9336107
6.198478716492308,7.528448
6.113682179832232,6.5895987
9.164191715950205,7.2958717
10.351437272250449,6.9053054
2.468099531471619,6.4352427
8.470939806898775,7.166291
9.928277721343347,6.832821
6.113682179832232,6.7426357
2.772588722239781,6.5122366
10.40432344467275,7.032058
5.14166355650266,6.7775927
6.610696044717759,8.111073
5.3230099791384085,6.8602467
3.1780538303479458,6.6966968
2.862200880929469,6.5704737
5.087596335232384,6.9107265
7.004881989712859,6.643645
8.259975659768276,6.832847
3.828641396489095,5.120146
2.3978952727983707,5.0270014
3.218875824868201,6.7756367
5.529429087511423,6.6655035
5.945420608606575,6.7542686
3.295836866004329,5.827451
4.882801922586371,6.9342036
6.295266001439646,5.685074
4.430816798843313,5.931525
6.837332814685591,6.6119976
3.3945083935113587,6.57014
3.218875824868201,4.953242
6.814542897259958,7.0642314
4.085976312551584,6.626836
9.148677711584076,7.765855
6.113682179832232,6.6246624
6.113682179832232,4.933632
4.442651256490317,4.9165807
0.6931471805599453,6.7256527
6.113682179832232,6.6071987
7.31455283232408,6.3145866
6.113682179832232,4.953051
3.784189633918261,6.471382
2.8903717578961645,6.7220535
7.993619994827744,7.1171837
6.113682179832232,6.5459766
10.24003121517787,6.9860907
10.518727244219548,6.8554773
7.729735331385051,5.930896
9.36751504634818,6.6667347
3.4011973816621555,6.6912627
3.1780538303479458,5.2147093
7.145196134997171,5.9090476
6.113682179832232,6.7518377
5.356586274672012,6.6643
3.9889840465642745,7.143136
3.6635616461296463,6.2799034
2.169053700369523,6.472186
1.33500106673234,5.548079
4.127134385045092,6.710766
0.6931471805599453,6.8016663
6.113682179832232,6.589298
9.58204184993154,6.6614027
10.518727244219548,6.8415184
6.238324625039508,7.0910273
2.295560478057081,6.6085196
1.9459101490553128,6.736806
9.39282858154946,7.8064995
5.662960480135946,5.043767
4.30406509320417,7.1180444
8.269244521183056,6.8678527
11.321316917264513,9.145265
6.113682179832232,6.5486856
3.80666248977032,4.886666
6.113682179832232,6.721964
4.143134726391533,6.8163714
10.060576767778905,6.83525
10.338576185710364,8.088979
6.113682179832232,6.678256
8.263332667439967,5.1010895
10.021359473131016,6.9988284
2.772588722239781,4.9155807
12.712896271976868,8.7285185
1.9459101490553128,6.5243573
8.881975184248867,7.360285
7.43955930913332,6.6335993
7.824845691026856,6.7828884
3.871201010907891,6.457403
10.950841633920426,7.234539
7.855544677915663,6.7803116
5.891644211825772,6.589174
6.113682179832232,6.562482
9.741086263177303,7.367192
3.1780538303479458,6.1509285
4.31748811353631,6.8364525
6.198478716492308,4.9249563
9.939991067547286,7.4004903
5.0238805208462765,6.7048483
6.113682179832232,6.639489
10.40432344467275,6.8545194
6.113682179832232,4.4520097
4.110873864173311,6.493009
10.463160481696102,7.7671285
9.615938804529582,6.701544
2.517696472610991,6.463009
8.569785641535407,7.1315675
7.004881989712859,6.992807
4.0943445622221,6.823636
6.113682179832232,4.9883084
5.730099782973574,5.9263344
6.331501849893691,7.5322485
8.4767877767812,6.611459
7.22402480828583,6.7399206
6.113682179832232,6.5140476
2.772588722239781,6.546976
8.20849175174038,6.4614916
6.113682179832232,6.5086775
4.406719247264253,6.7104683
4.61512051684126,6.861632
8.012417659110863,6.736478
5.308267697401205,7.315033
3.594568774642695,5.262131
7.004881989712859,7.31979
9.852299515766695,6.8843317
9.320270431348378,6.825478
10.58663490101774,6.712581
8.232706009860976,6.8476715
7.697121317282625,6.6370416
7.327780538421631,6.6822376
2.4336133554004498,6.566591
3.277144732992177,6.7560344
5.818092820833612,5.2098427
3.044522437723423,5.222898
3.091042453358316,5.1826296
6.113682179832232,6.7167673
2.066862759472976,6.7264013
1.410986973710262,6.592188
7.496652438168283,7.4866195
4.23410650459726,6.7355123
5.44673737166631,7.1386433
3.864931397894296,6.5063896
4.709530201312334,6.5209627
4.653960350157523,6.7574472
11.608253826427449,8.205285
2.9444389791664403,6.5378895
5.75890177387728,6.964941
5.676753802268282,6.7106133
8.343315881404946,6.650991
6.192362489474872,6.6922565
7.313420367092967,3.931484
4.955827057601261,6.7746882
6.156978985585555,7.7232385
6.156978985585555,6.666111
6.113682179832232,6.6962247
6.150602768446279,6.817156
2.0412203288596382,6.7615595
4.30406509320417,7.061041
6.113682179832232,6.545297
6.113682179832232,6.659561
3.044522437723423,6.944575
6.075346031088684,6.642122
6.771935555839602,7.3924265
10.27512007210784,9.559091
9.99888863729938,6.723688
3.688879454113936,6.9461775
4.718498871295094,5.755425
9.79823814181703,6.752898
8.537387898701757,6.7232003
2.4423470353692043,6.5637355
4.718498871295094,6.7485876
9.95237295026594,7.170015
2.291335322816708,6.7183557
2.3978952727983707,6.7789
6.52795791762255,7.120284
3.737669618283368,6.4436383
9.49416501410066,6.8263693
6.113682179832232,4.9878817
7.091742115095153,6.929469
4.686750172980514,7.2155056
8.8757847808275,6.795514
7.496652438168283,8.133632
7.009408932708637,4.6617785
9.299632479454944,7.106843
6.113682179832232,6.6399345
9.99888863729938,7.0190964
5.568344503761097,6.6268835
6.113682179832232,6.6728086
3.258096538021482,5.9150333
4.564348191467836,6.4280653
5.71042701737487,7.2960076
5.204006687076795,7.0690007
4.496359280129911,6.7387066
6.804614520062624,7.0430293
3.912023005428146,6.70084
1.9459101490553128,6.3165674
6.113682179832232,6.5695486
5.204006687076795,6.593082
6.113682179832232,6.509755
7.636269603379373,6.486803
3.2878442893228788,6.718033
6.113682179832232,1.3853245
6.113682179832232,6.6475573
7.116394144093465,6.7437005
6.331501849893691,6.5936236
7.842278779117352,5.1005397
4.5217885770490405,6.706408
8.357962965845681,7.1909895
8.039802343736485,6.6846514
6.113682179832232,6.53137
2.4849066497880004,6.5341463
6.295266001439646,6.701151
9.055556158175316,6.763241
8.716371865276615,6.753697
6.113682179832232,5.942439
6.113682179832232,6.716037
4.574710978503383,5.0039587
5.204006687076795,6.9482327
5.087596335232384,6.651457
9.39282858154946,6.7059674
6.113682179832232,6.6963787
2.4849066497880004,6.4515657
5.3230099791384085,6.5629406
7.901747518520144,6.241495
8.098338846189057,7.6195426
5.863631175598097,5.0094967
8.155362120328135,6.668974
8.280989729513239,6.649716
7.601901959875166,6.791898
6.068425588244111,6.6868744
6.440946540632921,5.902325
6.51025834052315,6.80311
2.8903717578961645,5.912721
1.9459101490553128,6.1718974
5.204006687076795,4.9417095
4.882801922586371,6.7150645
6.113682179832232,6.4625425
11.066669611853538,10.039881
7.171656822768514,6.910329
8.65032450401942,7.205639
1.2237754316221157,6.626859
8.61286694148452,6.666294
3.9889840465642745,6.288004
5.1647859739235145,6.4199033
10.030208305315284,8.237117
6.068425588244111,7.672251
1.5303947050936475,6.4402733
7.547501682814967,7.1718717
10.831746380186138,6.7432723
7.049254841255837,6.3526597
3.258096538021482,6.7307386
8.269244521183056,6.745268
6.113682179832232,6.6958704
6.113682179832232,6.628169
6.113682179832232,6.59486
9.947600127154448,7.962999
6.113682179832232,6.7049665
6.889591308354466,6.7399683
3.4657359027997265,6.5631766
5.918893854273146,6.3930187
10.50949607527931,7.8053055
6.113682179832232,5.892059
8.102283624480073,6.948873
7.824845691026856,6.841428
9.485848643496254,6.828904
2.0014800002101243,6.5531836
3.713572066704308,6.7476277
6.113682179832232,6.234736
5.430600355539502,6.768691
6.091309882077698,6.666099
2.9444389791664403,6.7398496
7.650644551436897,6.7731824
7.534762657037537,5.707469
2.19722457733622,5.91133
2.3978952727983707,6.172822
6.113682179832232,6.7615595
5.863631175598097,6.8516603
4.790404164229081,6.6620026
6.113682179832232,4.946066
5.204006687076795,6.6447554
6.473890696352274,6.632405
6.113682179832232,6.5427427
7.273092595999522,7.169843
1.7369512327330598,6.617507
7.379008127628304,6.673217
8.679992081721329,6.767379
6.091309882077698,7.0262804
9.049232211581426,6.6844106
7.43955930913332,6.890522
9.39282858154946,6.7186728
6.22455842927536,4.9558787
3.091042453358316,4.9901376
9.376024287617112,7.7117295
6.848005274576363,6.725469
7.85243908535751,6.684191
7.901747518520144,6.794426
9.158252937185466,6.8219194
8.80198770865203,7.4965887
5.204006687076795,6.623091
6.747586526829315,6.6537976
2.085672091430472,6.53358
5.945420608606575,6.645599
5.2574953720277815,6.9165344
5.356586274672012,5.6915894
8.216628493133443,6.6123295
8.189244525735901,6.799461
7.2875606403097235,5.7051554
6.113682179832232,6.5403686
6.899723107284872,6.7617445
8.319229938632326,6.8552775
7.550661243105336,6.7819295
10.8590374583624,7.1750937
9.472858470764416,6.696494
3.261935314328648,6.607114
9.546955455537145,7.0599957
5.356586274672012,6.646497
0.6931471805599453,6.7573066
7.715123603632105,6.8891754
7.697121317282625,6.6954737
2.3832429960115,6.5203695
6.113682179832232,4.931633
6.113682179832232,6.7444754
10.079581424158675,7.4580717
7.22983877815125,7.394987
3.610917912644224,6.826809
7.938088726896952,6.8978047
6.313548046277095,6.656969
1.3862943611198906,6.7308583
11.775305113934762,7.6774893
2.995732273553991,5.1675982
3.3945083935113587,6.6440725
6.582398517160639,6.9168277
9.64422858375447,6.7789116
7.695757990554761,7.1710644
4.908233360478175,6.720503
5.568344503761097,6.581708
3.4657359027997265,6.469118
4.675483358240584,4.954633
9.016998311898762,6.652355
4.338205355125032,1.9279282
9.243068918416414,9.13572
1.791759469228055,6.5282774
6.113682179832232,6.7645683
4.279440045898781,6.060687
6.198478716492308,6.9048862
6.084499413075172,8.262461
1.589235205116581,6.5974565
2.19722457733622,6.7242956
6.77078942390898,6.7790527
7.301147805856032,5.882576
1.241213215176716,6.7740207
7.194436851100335,6.7937593
6.113682179832232,6.6544313
8.132118772955806,6.94656
6.8690144506657065,6.6460066
6.113682179832232,6.6288195
9.741086263177303,6.8785973
7.379008127628304,7.2207174
9.546955455537145,7.6351776
3.044522437723423,6.9634104
6.113682179832232,6.487114
5.0238805208462765,6.8433237
4.969813299576001,5.2665744
12.873907146297809,9.821379
4.356708826689592,5.895042
5.834810737062605,6.5771723
5.7430031878094825,6.765422
9.105202053852878,6.6844063
3.044522437723423,6.6868105
4.449685283147696,6.602641
3.990834185852436,6.5856695
7.004881989712859,7.4031568
9.741086263177303,7.5138426
6.495265555937008,6.8594813
4.882801922586371,6.706645
2.438862711286593,6.638695
11.463756228962144,7.686782
6.113682179832232,6.8157296
9.772031416698052,6.832488
5.424950017481403,6.4695463
4.412798293340635,3.8908234
6.113682179832232,6.75879
8.036573409707312,6.6944933
8.630878955820053,7.593565
6.113682179832232,7.279141
9.472858470764416,7.456409
7.870547844507712,8.132443
2.694627180770069,6.5376406
5.854550801332144,6.722623
3.4657359027997265,6.946472
4.5880240271531205,6.5573525
4.700480365792417,6.459488
3.32862668882732,6.5505614
6.113682179832232,6.696227
5.529429087511423,6.8196383
5.0369526024136295,7.162787
9.615938804529582,7.4177017
6.113682179832232,4.9910107
2.681021528714291,6.482162
2.379546134130174,6.5529723
4.718498871295094,6.7548046
6.113682179832232,5.0187254
2.9444389791664403,6.6539426
6.113682179832232,6.5303698
6.113682179832232,6.559399
8.61286694148452,7.6300735
6.113682179832232,6.548291
4.962844630259907,6.9886065
6.79346613258001,6.723509
6.958448393297656,6.6855845
5.720311776607412,7.0593214
8.09009578318096,8.088827
1.1631508098056809,6.647807
5.087596335232384,6.6284356
4.536891345234797,6.4757733
3.367295829986474,6.3672576
9.21054035197885,6.9336567
9.61326893243235,6.7648196
8.412277021466677,6.729962
10.40432344467275,7.7396965
8.117312461601975,6.664736
6.274762021241939,6.630474
8.98744678941718,6.7411146
3.277144732992177,6.575611
3.828641396489095,4.693648
8.363342466597977,7.2100735
8.82497196556714,6.916993
9.39282858154946,6.7322917
4.454347296253507,6.653084
4.852030263919617,6.832861
11.178878285519511,6.8822765
6.113682179832232,7.1573424
8.129174996911793,5.2038116
2.186051276738094,6.6729717
6.113682179832232,6.627819
6.113682179832232,6.6933575
2.302585092994046,6.4747763
10.34180699751524,7.5738573
4.356708826689592,6.90285
4.61512051684126,5.006401
6.461468176353717,6.9162307
4.3463994570307305,6.4675817
4.48863636973214,7.0812063
6.198478716492308,7.5044975
2.8069901489571136,4.9279423
7.541683099882111,7.1266465
7.496652438168283,7.62589
6.113682179832232,5.059415
7.009408932708637,5.148433
7.496652438168283,6.863693
12.985402109476611,9.319104
7.256297239690681,6.778999
9.546955455537145,7.635585
9.2621735206162,6.798437
4.574710978503383,4.680377
4.127134385045092,6.731412
7.171656822768514,7.0523987
6.113682179832232,6.5980115
7.245655067594535,6.6484013
6.113682179832232,6.506486
8.665957964681349,6.785331
6.008813185442595,4.6300955
7.404887575616125,5.935943
9.1235835080499,7.1394777
5.891644211825772,6.4708767
8.360305435879093,8.761895
10.766862622063668,7.7623663
2.6390573296152584,5.214704
7.930925372483388,6.757118
7.077498053569231,4.960341
11.891375599226786,7.543311
1.252762968495368,6.626412
6.113682179832232,6.6883936
9.21054035197885,7.6381106
6.113682179832232,7.377331
3.1354942159291497,6.59638
4.5217885770490405,6.6760554
8.48792914572971,5.3070974
8.85395110151461,6.688925
6.113682179832232,6.7518377
6.86484777797086,6.7985597
4.281926460039692,6.659376
9.699043078654404,6.6867795
6.349138991379798,6.6947784
7.140453043101158,6.6710644
2.501435951739211,6.5207224
11.417636284945406,7.533167
3.8501476017100575,5.9152527
2.501435951739211,6.5468774
4.624972813284271,6.65312
6.855408798609928,5.8532467
6.113682179832232,6.5040965
6.113682179832232,4.9810066
6.493753839851686,6.824132
8.630878955820053,6.817844
4.084928897835458,6.6593685
7.171656822768514,6.879361
5.156361195876566,6.7009563
7.227662498728654,6.8254075
9.323847612769775,6.9536524
8.07153089355666,6.7260613
6.889591308354466,6.69571
7.697121317282625,7.0056553
9.90358754753646,7.0596795
3.332204510175204,6.732771
9.072915696064513,7.54087
5.834810737062605,5.0807667
8.243282523048375,6.7015276
5.605802066295998,7.024405
6.113682179832232,6.651126
9.566755282109057,6.8271914
2.2433114670481933,6.7404513
5.204006687076795,6.6123085
5.652489180268651,7.525704
8.764365720529808,6.801037
5.71042701737487,6.681555
10.27512007210784,8.34379
6.156978985585555,7.5044503
6.3578422665081,5.9684544
5.147494476813453,4.9408255
6.113682179832232,6.5548677
3.2386784521643803,6.5617957
3.737669618283368,6.666739
8.607079115968618,8.098229
2.3978952727983707,6.577832
9.488123612248716,8.086505
3.610917912644224,6.553282
9.360224821513476,5.9086175
3.100092288878234,6.4863677
9.836385748995392,7.7115345
6.113682179832232,6.5037785
5.2574953720277815,6.8380194
2.4561641809223462,6.481207
10.138638722974616,7.0666847
3.6216707044204863,6.6486273
5.971261839790462,7.414654
5.147494476813453,6.8609457
2.19722457733622,7.019742
7.451241684987676,6.509697
2.3978952727983707,6.714115
3.6635616461296463,6.671005
8.216628493133443,7.6362576
11.686895578675124,6.8862877
3.1354942159291497,4.9656563
10.878084927671337,7.9887214
5.7430031878094825,6.841179
5.204006687076795,7.307881
5.225746673713202,6.7011576
9.472858470764416,7.0495176
4.955827057601261,4.8305798
6.80903930604298,6.674243
4.804021044733257,6.736147
3.912023005428146,5.004638
3.044522437723423,6.5584197
7.108244139731541,6.815522
6.113682179832232,6.7145357
2.079441541679836,4.908763
8.434246270595311,7.1904936
6.889591308354466,6.6874895
3.493472657771326,6.606012
4.343805421853684,6.8725176
4.189654742026425,6.2883716
5.488937726156687,7.2559214
7.171656822768514,6.706614
1.5686159179138452,6.6411457
5.204006687076795,6.6668158
9.41995278900604,6.7990947
5.2574953720277815,6.535563
6.90975328164481,6.7567225
2.272125885509337,6.7719193
6.113682179832232,6.6730785
6.113682179832232,6.630844
2.128231705849268,6.6859045
6.113682179832232,6.506486
2.4159137783010487,6.5028067
7.245655067594535,7.502691
7.550661243105336,6.942983
9.260843354149287,6.807613
5.488937726156687,6.7886214
9.011767474596178,7.6277533
7.245655067594535,6.61257
4.185098925490565,6.1926203
13.554148391229091,11.273632
4.0943445622221,6.655448
2.4379897300002487,6.490964
6.595780513961311,7.3074284
10.271666075858276,6.7792172
6.340535655019982,3.9585967
6.820485686839662,6.709575
3.258096538021482,6.5992594
5.568344503761097,6.9880886
3.1244791386919504,6.7242975
6.873163834212518,6.8787565
12.36859957499595,10.512399
6.113682179832232,4.890321
5.616771097666572,6.4869976
5.356586274672012,7.6400304
4.219507705176107,6.735456
4.560172820057356,5.0064106
9.615938804529582,6.915986
7.273092595999522,7.064742
7.245655067594535,6.86027
6.352629396319567,5.229387
6.113682179832232,6.6859045
6.113682179832232,6.5433764
6.113682179832232,6.3225737
6.493753839851686,6.7056456
4.143134726391533,6.53004
7.973155433444133,6.872676
7.098375638590786,7.55871
9.472858470764416,7.0467367
4.089286303126441,6.7296085
7.324489979348532,7.0613236
1.7263316639055997,6.445505
6.416732282512326,6.2898397
2.4932054526026954,6.534204
4.273884476054178,3.8868344
9.305832353435404,8.009447
7.975564658495202,5.3541865
4.406719247264253,6.7576785
9.472858470764416,7.261387
7.529406457837013,6.4360447
7.695757990554761,6.826409
4.718498871295094,6.699365
3.4657359027997265,6.465808
4.160444363926624,3.8868182
6.113682179832232,6.598715
7.124478262493424,6.813039
6.815639990074331,6.666257
10.757945432978325,7.7658043
6.113682179832232,5.0103245
9.472858470764416,7.2813435
3.4404180948154366,6.6636066
6.113682179832232,6.556336
5.71042701737487,6.411948
3.6375861597263857,6.7468247
6.113682179832232,4.9592934
5.641907070938114,7.548296
5.996452088619021,6.282305
7.824845691026856,6.694253
9.79823814181703,6.612604
9.000606507571892,7.181241
8.165079258805068,7.1694202
5.2574953720277815,5.7867026
8.57583938684897,7.036607
1.6389967146756448,6.5869675
5.955837369464831,7.0396366
6.113682179832232,6.726915
6.113682179832232,6.586644
3.49650756146648,6.6290417
4.174387269895637,7.0285416
6.113682179832232,6.636826
6.113682179832232,6.6769304
6.582025138892826,6.798783
7.666221925662725,7.080516
4.0943445622221,6.5343843
6.472346294500901,6.8824058
6.113682179832232,6.7621446
1.6282497724003313,6.7154045
6.113682179832232,6.523959
6.113682179832232,5.9327044
4.394449154672439,6.44902
6.257667587882639,6.673271
5.2574953720277815,5.019535
6.113682179832232,6.580803
5.216890367852308,7.9539323
8.19244152647694,8.089723
9.305832353435404,7.072231
6.113682179832232,6.5373325
6.017619504584833,3.9169507
6.113682179832232,6.2790794
5.863631175598097,6.6568513
8.786914938491025,7.487983
7.004881989712859,6.757674
6.113682179832232,5.0110226
5.147494476813453,6.7287893
6.113682179832232,6.721279
6.759255270663693,7.311845
7.86403565907245,6.751901
4.718498871295094,6.625663
6.113682179832232,5.02705
4.61512051684126,6.828079
6.113682179832232,4.9548473
7.97188934752005,6.658604
4.262679877041316,4.9352193
6.113682179832232,6.4953365
4.718498871295094,6.6432905
4.564348191467836,4.872294
6.190315405853148,6.645623
7.421775793644647,6.6843224
2.4172858106202626,6.7390223
10.335334901918412,8.358708
10.34180699751524,7.5620046
2.70805020110221,5.0111094
7.762596048540069,6.832259
6.113682179832232,6.4812927
9.615938804529582,7.3705273
14.50865873852372,18.740633
4.320151230955794,3.9156003
6.768952876101678,5.548079
6.113682179832232,6.6775303
6.635946555686647,7.1570253
3.6375861597263857,6.963852
3.863259347128618,6.751188
8.161089512845797,7.1814613
4.934473933130692,6.4858646
6.113682179832232,6.6932287
6.448889394146858,6.715246
10.106510025854115,7.0956097
7.610357618312838,7.122883
2.388762789235098,6.483231
6.366470447731438,6.7431235
10.003559106260344,7.6654425
9.147696136827507,6.804539
1.805004695978076,6.7421894
7.001245622069476,5.1289916
8.243282523048375,7.441751
6.570882962339584,7.251978
6.113682179832232,6.600025
7.10002716662926,6.6985974
3.258096538021482,5.912135
4.007333185232471,6.729645
4.394449154672439,7.188287
7.245655067594535,7.0088587
3.912023005428146,6.730365
12.319410259368746,7.130434
3.7612001156935615,6.8908267
6.113682179832232,6.6627197
6.113682179832232,6.830654
5.170483995038151,6.5237656
6.113682179832232,6.5440106
8.269244521183056,6.689743
5.676753802268282,6.618864
6.113682179832232,6.5858192
7.601901959875166,6.7388535
3.658420246629228,6.4987392
5.71042701737487,7.019585
12.083916310927156,7.6876483
3.951243718581428,5.681654
5.0369526024136295,6.8063703
7.650644551436897,6.7526784
8.882114044208821,7.3513436
6.735780014242327,6.612296
5.087596335232384,7.6451564
7.938088726896952,7.496036
4.060443010546419,6.7920475
6.113682179832232,6.536165
9.225426009394225,8.300467
3.091042453358316,6.520006
8.634442751466477,7.374226
4.532599493153256,6.8555365
7.365180126021013,7.2827444
5.204006687076795,6.5948505
3.062118234121401,6.7761297
3.3068867021909143,6.7692537
6.113682179832232,6.5926347
5.945420608606575,6.657895
7.31455283232408,7.130619
1.4816045409242156,6.578478
6.113682179832232,7.366174
8.716371865276615,7.5773096
11.3964141203719,7.2775717
2.995732273553991,6.7108393
9.781432906528822,6.7645493
5.834810737062605,6.718147
4.532599493153256,7.2954845
7.538743041854011,6.7419434
4.158883083359672,6.772694
0.6931471805599453,5.8688717
2.995732273553991,6.69271
2.8903717578961645,6.7234764
8.039802343736485,6.7077527
2.391511302188447,6.5064125
7.973155433444133,6.767274
4.5217885770490405,4.9676857
7.506591780070841,7.0616293
6.113682179832232,6.5451593
2.928523523860541,5.092953
9.45735668770195,6.751371
5.488937726156687,6.8599863
3.720862499966987,6.5579686
5.308267697401205,6.508462
6.113682179832232,7.1514874
7.601901959875166,6.692838
11.751958113348223,7.721653
8.497398564088058,7.0922785
7.911690520708339,7.1709332
1.135505293138749,6.7806616
9.1018638956401,6.7945294
7.301147805856032,6.7420406
5.3706380281276624,8.07229
7.591861714889934,6.8815107
9.200492035921368,7.2821207
8.161089512845797,6.6897736
6.113682179832232,6.500462
10.774412697490552,6.7977877
5.82608977097132,6.741105
6.336825731146441,6.513747
2.6390573296152584,6.5790873
4.517431271680085,6.4593554
10.34180699751524,9.743551
10.609106634591392,8.174345
5.776858414771076,6.7144756
2.079441541679836,6.099057
6.90975328164481,6.89688
2.19722457733622,6.692103
9.54504260370723,8.193728
6.113682179832232,6.5440106
9.105202053852878,8.679098
7.899524472032198,6.7521896
6.113682179832232,6.5895987
6.113682179832232,6.5944843
6.925595197110468,7.3153834
7.245655067594535,6.7545395
9.843312829500055,6.832516
10.891205523751276,8.255128
11.248985960463353,7.1187243
5.996452088619021,5.679126
5.717027701406222,6.7803364
5.996452088619021,6.687454
5.099866427824199,8.060485
7.938088726896952,6.8576345
9.70771594801777,7.3570514
5.204006687076795,6.7314653
5.087596335232384,6.671486
3.784189633918261,6.7625017
6.735780014242327,4.6693673
2.2082744135228043,6.5336475
7.004881989712859,4.951789
6.113682179832232,6.6900177
5.579729825986222,6.757843
2.873564639579784,6.4942174
4.204692619390966,6.892826
6.432940092739179,9.11503
8.343315881404946,7.2636313
7.171656822768514,6.982375
5.66988092298052,6.6483088
7.0317412587631285,5.7110333
9.024251728612985,6.721609
6.113682179832232,5.0285726
2.302585092994046,6.7286806
10.434174625397674,7.118875
6.113682179832232,6.544917
8.132118772955806,6.904114
4.361823927356363,6.726262
5.1298987149230735,7.7618814
3.58351893845611,6.517912
10.698785101741006,6.466776
4.718498871295094,6.3630195
2.6100697927420065,6.7410088
5.2574953720277815,5.0029793
6.331501849893691,5.24234
6.871091294610546,6.665543
9.741086263177303,7.6613526
2.803360380906535,6.585122
4.820281565605037,6.4758434
6.113682179832232,6.716019
6.113682179832232,6.5003643
5.204006687076795,7.6236935
7.601901959875166,6.866297
1.9459101490553128,6.1413536
6.091309882077698,6.760421
6.113682179832232,6.445444
2.8903717578961645,6.627137
5.53338948872752,6.727656
12.53897422923659,8.4835
4.351567427189173,6.5036287
9.027858802380862,6.8232317
6.113682179832232,4.527523
5.673323267171493,6.5854063
12.44902666724706,8.026934
10.037581287016828,18.323755
6.113682179832232,6.6105785
6.113682179832232,4.9924674
8.388450315523512,6.833417
7.171656822768514,6.674252
6.710523109452428,6.6696
6.113682179832232,6.628169
6.113682179832232,6.4943094
8.962135390066601,7.693492
7.547501682814967,6.826373
4.543294782270004,4.9590955
7.900266036767701,6.7526436
7.532623618788788,7.5601673
4.882801922586371,6.7589703
3.7727418733660456,6.8013487
5.147494476813453,6.2809534
8.854236693405742,6.9604607
4.382026634673881,6.4490037
3.912023005428146,6.715897
8.068402958569699,4.8553596
6.906035073488812,6.7438188
8.355144739461839,7.947076
2.8903717578961645,6.459869
4.659658371272161,6.5795407
5.4013251166222656,6.713354
7.124478262493424,6.7179575
4.718498871295094,6.6778154
4.175164523248395,4.983091
11.018661929503216,8.738974
9.77121251322631,18.292053
6.045005314036012,6.7587113
7.550661243105336,6.7150397
5.147494476813453,5.0016694
1.4951487660319729,6.9372916
7.650644551436897,6.760616
6.113682179832232,4.8661137
9.640563131210074,7.842122
7.245655067594535,6.858695
9.53097354456765,7.9474773
3.784189633918261,6.498068
6.113682179832232,6.4387465
6.113682179832232,6.5554504
6.582025138892826,6.854245
5.676753802268282,6.8385544
10.22201400828289,6.6598825
11.621331338814016,8.290319
5.834810737062605,7.1751266
2.995732273553991,6.4220304
6.113682179832232,6.4869137
6.595780513961311,6.67908
9.6634521335517,7.073483
9.114049711657897,6.7993436
5.296816240421769,6.7102356
10.162075464783532,6.5128827
6.113682179832232,6.567585
2.4849066497880004,6.6712303
4.264087336809195,6.491871
6.480044561926653,6.7789736
5.945420608606575,6.7561812
3.091042453358316,6.4764547
4.8283137373023015,6.6203823
6.113682179832232,7.377331
5.2574953720277815,6.7532806
1.871802176901592,6.593014
5.7745515455444085,4.8395762
2.341805806147327,6.625347
11.96401382310281,7.788602
7.729735331385051,6.82625
4.859812404361672,6.6510563
2.079441541679836,3.7848408
7.392647520721623,6.748729
7.219642040130735,7.535559
6.068425588244111,6.600589
4.127134385045092,6.7064548
5.37989735354046,6.687722
3.0007198150650303,6.7066846
6.113682179832232,6.751241
8.776784383701493,6.446567
6.113682179832232,6.4651413
9.75857738074032,6.6866884
6.90975328164481,7.625234
6.113682179832232,6.8246374
6.113682179832232,6.5394497
6.113682179832232,6.554963
7.697121317282625,7.2521677
4.77912349311153,4.9906836
3.044522437723423,6.3635893
4.882801922586371,6.7918406
5.820082930352362,6.675599
6.113682179832232,7.480938
4.584967478670572,6.7814336
5.204006687076795,7.3105316
3.091042453358316,5.18178
6.113682179832232,6.538026
3.4011973816621555,6.720738
6.257667587882639,6.664338
6.113682179832232,4.90789
1.6954215008207398,6.7356215
6.113682179832232,6.6486807
6.698268054115413,6.498795
4.624972813284271,6.6348276
6.699500340161678,7.246276
3.295836866004329,6.4449778
4.248495242049359,6.5074735
6.113682179832232,7.0920014
4.624972813284271,6.655632
5.641907070938114,6.743033
4.955827057601261,6.819504
6.113682179832232,6.5342264
7.29505641646263,5.9422035
9.305832353435404,6.7582526
5.679569598892408,6.7917943
6.113682179832232,6.6109633
6.113682179832232,6.58339
6.49868917197845,6.690011
2.501435951739211,6.60789
5.308267697401205,5.0036817
3.970291913552122,5.003454
3.609668310458921,4.9804783
3.4339872044851463,6.5878935
6.135564891081739,6.5756607
5.971261839790462,6.6500254
3.784189633918261,6.471072
3.4339872044851463,6.6346054
5.488937726156687,6.731492
7.94873845481361,6.6558714
4.276666119016055,6.7338257
2.302585092994046,6.535737
7.945201132412759,6.7170477
6.837332814685591,6.8963842
6.113682179832232,6.7520323
8.537387898701757,7.563427
6.113682179832232,6.7239075
10.137531478318628,6.8960676
9.39282858154946,7.157599
4.30406509320417,6.684622
6.889591308354466,6.7427864
6.338594078203183,6.8179255
3.7819143200811256,6.5123386
6.113682179832232,6.7034636
2.302585092994046,6.6942425
5.641907070938114,6.889761
7.074963197966044,6.7937107
6.113682179832232,6.750497
7.869019376499024,7.4171424
8.068402958569699,4.933077
2.4849066497880004,6.5356436
4.718498871295094,6.6016607
4.718498871295094,4.8751183
8.920255414908091,6.6340575
4.454347296253507,6.726385
7.43955930913332,6.7690115
7.31455283232408,6.690507
6.113682179832232,6.690184
6.464588303689961,8.73534
4.712356659554211,6.7319026
4.882801922586371,6.6705427
4.718498871295094,6.777943
6.113682179832232,6.6959057
7.710653323501202,6.7024326
3.332204510175204,6.769853
7.601901959875166,8.991045
3.367295829986474,6.4423018
8.790573479157159,7.327793
6.113682179832232,4.9718294
3.484312288372662,6.4702654
6.90975328164481,6.7027144
6.331501849893691,6.6396084
4.158883083359672,6.654003
11.164813751691984,8.328133
4.178992036282385,6.5551496
10.819818283610305,7.2622924
9.615938804529582,7.6298604
3.784189633918261,6.6525984
8.53934599605737,6.883529
12.5776430984906,11.154082
1.9906922405952263,6.775881
3.49650756146648,6.868405
6.113682179832232,4.8651805
7.066466970136958,5.681376
5.605802066295998,6.9037247
5.181783550292085,5.9020576
6.025865973825314,7.3257885
3.517497837358316,6.064818
7.570443252057374,7.0466685
9.554071910278983,8.156709
4.543294782270004,6.7626944
5.402677381872279,6.72723
6.113682179832232,6.54452
2.19722457733622,6.6198063
6.853299093186078,5.906286
6.655440350367647,6.6226244
7.397910739251215,5.2773223
6.113682179832232,6.237712
6.113682179832232,4.9613194
6.489204931325317,7.6621313
6.113682179832232,6.5004473
3.487375077903208,6.301594
7.898039690764619,6.5156
7.162397497355718,7.060973
4.687671407499835,6.746972
6.113682179832232,6.4605765
2.4849066497880004,6.749834
5.71042701737487,6.7064867
4.219507705176107,6.792131
6.113682179832232,6.482362
6.62273632394984,7.3093233
6.322565239927284,7.0331173
3.1525474442297874,6.777083
6.113682179832232,6.9074874
7.758760544157663,6.709297
7.86403565907245,6.946698
6.113682179832232,6.526041
9.98054118197842,6.6903563
4.4953553199808844,5.548079
8.007034012193408,6.8048973
6.1779441140506,6.6952553
6.400257445308821,6.5886636
1.88706964903238,6.575884
9.751966744894888,7.09723
10.60167202461334,6.79708
2.833213344056216,6.6967845
1.6505798557652755,6.8695984
3.6189933266497696,6.5074673
6.432940092739179,6.650237
4.174387269895637,6.448994
6.129355118865528,6.741171
4.955827057601261,6.651023
10.691990366412826,9.035599
3.688879454113936,6.7703733
7.784057002639929,6.6959715
10.294819929067236,7.62449
7.793999089503996,7.172805
6.113682179832232,6.5478754
2.8903717578961645,6.6883936
6.113682179832232,6.481103
2.0014800002101243,6.5775824
6.619847389491774,6.740425
5.805134968916488,5.049299
6.021023349349527,6.707876
1.1568351387902551,6.762595
6.921658184151129,5.900236
7.397561535524052,7.4677453
12.989978755558203,9.5820675
5.087596335232384,6.9960775
6.113682179832232,6.7391953
8.243282523048375,6.9873457
4.350277936359301,6.437568
2.96010509591084,6.630505
9.105202053852878,8.336229
7.245655067594535,7.4103756
12.180765093903544,6.9546204
3.044522437723423,4.962573
6.568077911411976,6.5832334
8.839711577882753,8.200953
5.605802066295998,4.8911943
7.550661243105336,7.0291777
6.326149473155099,4.9542384
8.999866223762636,8.386375
4.543450161408356,6.7404404
9.01942196795671,8.859868
4.394449154672439,7.483008
8.73165920153676,7.278717
6.113682179832232,4.4890637
6.113682179832232,4.4921603
2.079441541679836,6.788519
6.113682179832232,6.5358505
3.610917912644224,6.7618203
8.48920515487607,6.68179
7.846198815497425,6.530878
5.0238805208462765,7.0384846
5.598421958998375,6.5658627
9.615938804529582,7.6483626
3.9318256327243257,5.88969
9.296884973376368,7.3086953
4.31748811353631,5.9140673
7.163946684342547,6.756898
6.295266001439646,6.9848194
5.204006687076795,5.2708116
6.113682179832232,6.583061
4.804021044733257,4.9079466
5.834810737062605,5.9468474
4.591071261608589,1.9279282
6.495265555937008,6.687015
3.091042453358316,6.764347
7.496652438168283,6.781912
2.302585092994046,6.6163263
4.110873864173311,6.6201363
7.796469243086058,7.188283
5.863631175598097,6.50294
4.59511985013459,6.7567787
8.039802343736485,6.7
6.113682179832232,6.724037
8.399905330925241,6.7723274
6.257667587882639,6.6710205
4.564348191467836,6.8964415
10.951017050974922,7.5834064
6.113682179832232,6.7376633
11.73608501615644,7.77357
10.596684731846114,7.6081047
6.77078942390898,6.7162256
8.653819788948063,7.376306
8.122080008906696,7.0277457
1.9974177062012453,6.4707766
6.113682179832232,6.718854
9.461685507748296,6.793406
6.464588303689961,6.911898
2.4849066497880004,6.506624
4.109233174715851,6.4773655
8.4767877767812,7.401992
3.6375861597263857,6.7663755
8.007034012193408,7.243903
5.523228511956259,6.761174
11.320577814453172,7.669074
6.113682179832232,6.7127075
7.965892735084528,7.063431
6.548030921391581,6.7772317
7.091742115095153,6.769046
5.048573133436648,6.7343264
10.864789890239631,7.0732684
7.496652438168283,6.6996975
10.03108889712985,6.835118
6.135564891081739,6.509425
3.214867803470662,6.6216154
7.353722330399631,4.842566
7.379008127628304,6.7217116
4.30406509320417,5.0257144
6.068425588244111,6.6894817
2.4849066497880004,6.6975126
5.765670315370111,6.7250004
5.529429087511423,4.957691
5.659482215759621,6.4136305
4.290459441148391,6.6999483
9.056256356593469,6.5858593
9.847023015555,6.862972
0.6931471805599453,6.737945
6.735780014242327,6.689557
6.12029741895095,6.6651564
4.007333185232471,4.981701
3.914021008090819,6.513604
9.143238568435446,7.0547924
2.6983893251116484,6.7549205
7.037027614686276,6.825801
6.113682179832232,4.899227
10.126711100650509,6.8690796
6.113682179832232,6.493052
7.091742115095153,6.6883755
4.276666119016055,7.6397347
5.7745515455444085,6.689202
7.377118908972701,6.6577444
2.833213344056216,6.5584173
8.420021279663963,5.097857
5.805134968916488,6.690202
10.839620126623824,7.315173
5.147494476813453,7.295682
9.313799080344412,6.79881
6.113682179832232,6.4601994
7.763021309018518,6.684862
5.5093883366279774,5.0326686
4.543294782270004,6.70191
7.983440063006542,6.709444
6.113682179832232,6.681779
7.011830304766511,6.7922373
9.472858470764416,8.538422
6.113682179832232,6.7147646
6.113682179832232,6.5359554
8.434246270595311,6.816428
7.31455283232408,6.6945753
4.23410650459726,6.74593
8.56388591940822,5.926263
5.087596335232384,6.7989497
2.3978952727983707,6.627488
8.909505512946101,7.22421
10.691990366412826,7.691671
6.990256500493881,7.057513
9.615938804529582,7.59638
4.418840607796598,6.676833
7.60887062919126,6.9679317
4.882801922586371,6.603454
6.113682179832232,6.56222
6.113682179832232,6.6483507
6.257667587882639,6.692671
9.127176130715414,6.73493
8.720239871952511,7.412942
6.90975328164481,6.759412
7.784057002639929,6.9376206
10.085892439191388,6.896433
6.478509642208569,7.628796
11.669946307650886,7.627043
4.31748811353631,6.449923
6.113682179832232,6.7370615
7.784057002639929,6.7918177
5.356586274672012,6.8036613
6.113682179832232,6.5904856
7.31455283232408,6.9919047
9.472858470764416,8.559978
7.7025561132685825,6.97826
6.021023349349527,6.961383
10.804989466936844,8.450441
8.240121298076472,6.82744
6.113682179832232,6.548291
1.33500106673234,6.552417
9.21054035197885,4.9085226
5.863631175598097,7.0555773
8.007034012193408,6.514595
6.113682179832232,6.773716
9.664388663527056,6.7776537
1.871802176901592,6.6671104
6.113682179832232,6.5420084
7.779968723615364,6.74405
4.624972813284271,6.7118416
0.6931471805599453,6.760894
3.1354942159291497,6.861845
7.104308819387724,6.759056
6.77078942390898,5.798497
5.594711379601839,6.961028
7.523630463983896,7.4866095
7.550661243105336,6.7329106
7.901747518520144,6.6819134
8.634533137007384,6.7603836
9.121509158269568,6.7673745
2.778819271990417,5.0900373
4.257030144499196,6.4610167
2.338917022241436,6.568387
4.663439094112067,6.5335712
6.238324625039508,7.431254
6.9865664594064265,6.82169
8.47261414801827,8.414925
7.393263094763838,6.8136296
6.113682179832232,6.5917935
1.824549292051046,3.8510804
5.43372200355424,7.059809
10.043336447652528,7.6114697
11.332745613088134,8.629551
8.699848026000312,6.7386346
9.339788439163067,6.7622614
8.132118772955806,6.759615
3.990834185852436,6.4807386
5.605802066295998,6.7771387
2.714694743820879,6.6787972
5.3442462984364365,7.1692743
8.300031711779575,8.102283
6.575429891459506,6.7683015
6.113682179832232,6.7163587
3.49650756146648,6.7002125
9.95237295026594,7.4469347
7.379008127628304,6.3405905
8.984944285608679,7.0670123
3.258096538021482,6.770979
6.480044561926653,6.70879
3.5263605246161616,7.508931
6.899723107284872,6.6347413
8.039802343736485,6.7223783
6.476972362889683,6.652934
10.778997955688665,9.278351
6.113682179832232,6.647973
5.71042701737487,5.04545
2.3978952727983707,6.524741
6.113682179832232,6.6394205
5.942799375126701,6.7779284
6.113682179832232,6.726783
5.7430031878094825,6.750123
6.113682179832232,6.5516677
4.04305126783455,6.728203
4.219507705176107,6.7401676
7.650644551436897,5.7747664
6.113682179832232,4.6767726
5.356586274672012,7.0978255
6.565204196659518,6.7354364
6.113682179832232,6.727125
7.39930195305648,6.7418103
6.113682179832232,6.7065973
8.909505512946101,6.8523045
9.287486581152836,7.0456805
8.298290634359283,7.175284
4.33990170837321,6.5042133
4.804021044733257,7.030148
4.718498871295094,6.7107067
6.553933404025811,6.589058
7.697121317282625,6.657775
2.5649493574615367,6.698385
4.882801922586371,7.932315
2.302585092994046,4.772255
10.656333225885623,8.125812
6.113682179832232,6.7108936
8.265135629937385,7.7173176
6.113682179832232,6.608358
10.017574878573896,7.671847
7.127693699347399,7.035296
4.356708826689592,5.9127574
4.406719247264253,5.687452
5.081404364984463,6.690708
3.6375861597263857,6.8974676
5.488937726156687,6.971489
6.729761313419576,4.9677143
5.147494476813453,6.631576
7.171656822768514,7.8679657
2.70805020110221,6.7866926
5.356586274672012,7.873528
7.6246189861593985,6.8264585
6.021023349349527,6.85702
6.113682179832232,6.11664
7.94873845481361,5.0971537
2.079441541679836,6.730707
7.294377299288821,6.7430124
4.28496492183075,6.7049212
7.660444154150635,6.761764
7.860185057472165,6.793022
3.4011973816621555,6.843919
9.99888863729938,6.877981
7.507818372984343,7.4393873
9.741086263177303,7.6528177
2.23996330594962,6.723925
5.971261839790462,6.677056
6.492119457261987,6.7661953
3.471966452550362,6.7399645
7.342779189331845,5.903193
3.681351187693145,6.6451807
4.465908118654584,6.439594
8.05579245097777,7.754321
3.6402142821326553,6.5381875
5.605802066295998,6.716724
7.588829878307813,6.7796297
6.421622267806518,7.326158
7.507690077819904,7.7355604
6.113682179832232,6.548291
3.332204510175204,6.717174
8.558226700677272,8.298377
7.236339342754344,6.559223
6.156978985585555,7.2964325
4.882801922586371,6.73654
6.113682179832232,6.4781265
5.860786223465865,4.6810136
5.2574953720277815,6.846775
8.366835309827675,7.561643
6.113682179832232,6.695462
13.075275962733803,10.208204
7.822815452201346,6.760071
3.0349529867072724,5.2003384
6.113682179832232,6.647326
9.472858470764416,7.0398445
6.113682179832232,6.5430355
8.67965211911394,6.6434736
7.270312886079025,7.241873
7.004881989712859,5.072423
7.162397497355718,7.061136
7.973155433444133,6.7166214
6.113682179832232,7.1610417
4.820281565605037,5.9327474
3.1354942159291497,7.295309
6.113682179832232,6.7083654
9.200492035921368,7.6544375
4.470495282661489,6.999678
6.723832440821209,6.8934135
9.46591239050973,7.4704304
5.44673737166631,7.5481844
8.434246270595311,6.9324093
5.512218336495314,6.7474833
6.995033287089198,6.689634
6.113682179832232,6.639489
1.1631508098056809,3.688745
5.0238805208462765,5.67899
6.448889394146858,6.593462
6.113682179832232,6.5548677
6.113682179832232,4.8604894
6.113682179832232,7.377331
7.509883061154913,5.868248
5.71042701737487,6.6275043
2.1162555148025524,3.8400311
4.406719247264253,6.6667633
10.79961639258633,7.2220917
7.463936604468925,7.1695204
8.74862232231722,7.164194
9.90358754753646,6.720764
7.496652438168283,6.724764
3.6375861597263857,5.947805
5.204006687076795,6.4580574
3.58351893845611,6.489801
7.171656822768514,6.666026
6.379527995108011,6.6560926
4.465908118654584,6.651985
6.553933404025811,6.9769096
2.302585092994046,6.6835284
9.00981411052738,7.0468493
5.7745515455444085,6.7855096
5.942799375126701,7.0515985
7.784057002639929,6.9727707
8.111328003286733,11.739807
2.714694743820879,6.6975436
7.438971592395862,6.9871016
5.945420608606575,6.7894053
10.645472515179373,7.0610447
8.16469151435509,6.74271
3.09058780456667,6.6179066
2.995732273553991,6.7121663
5.918893854273146,4.9917307
2.4344901638739844,6.6337643
8.096208271650037,7.2474194
3.091042453358316,6.4880123
4.574710978503383,6.3611135
4.859812404361672,6.704208
8.132118772955806,6.8103123
6.113682179832232,6.687011
6.113682179832232,6.4709826
3.691376334312523,6.788072
3.218875824868201,6.5087066
3.713572066704308,6.382886
7.360103972989152,5.705217
4.718498871295094,6.4273767
6.018593214496234,5.8990645
6.113682179832232,4.966131
3.610917912644224,6.6303654
9.44951474036292,7.343994
3.555348061489413,6.479396
6.113682179832232,6.713828
3.091042453358316,6.710396
10.714462212209275,7.5206842
6.416732282512326,6.6793814
10.085892439191388,6.727593
8.10832229017324,6.7015357
9.39282858154946,7.326079
9.692889970390436,6.726284
8.1374570048449,8.785742
6.79346613258001,6.818844
6.113682179832232,6.493643
5.272999558563747,6.6661496
8.537387898701757,7.0936766
7.586803535162581,7.0654054
6.113682179832232,6.572632
7.083387847625295,6.8790007
8.98619632032839,7.334881
7.9391588179567965,6.826279
4.02535169073515,7.0463743
3.58351893845611,5.947607
9.79823814181703,7.093242
7.741533589281828,6.820518
2.4849066497880004,6.5818367
7.004881989712859,6.629866
6.113682179832232,6.6486807
3.774598329516474,6.6248236
6.113682179832232,4.9877343
11.695263688291964,7.928154
6.113682179832232,6.6143403
4.543294782270004,6.800933
6.113682179832232,6.7621446
7.413387399428173,6.738392
3.737669618283368,4.609998
6.113682179832232,6.4857945
8.90136656405678,6.8295984
1.9459101490553128,6.4207497
4.969813299576001,7.010867
2.772588722239781,6.5378633
5.0238805208462765,5.022183
6.095828204111635,6.7521133
6.113682179832232,6.624321
7.550661243105336,7.441945
6.113682179832232,6.5508327
4.718498871295094,7.142299
6.674561391814426,6.670463
6.113682179832232,6.54452
9.68046899341007,6.729715
6.156978985585555,7.5348434
2.4849066497880004,6.62712
9.868067607304868,7.09398
4.382026634673881,6.4701605
7.597897950521784,8.63435
6.113682179832232,6.6589603
8.913550280493675,6.717621
5.0369526024136295,7.164814
9.95237295026594,6.8039703
6.879355804460439,6.842186
7.697121317282625,7.1878552
8.779865100863852,6.70685
6.113682179832232,7.2871885
9.472858470764416,6.767992
5.918893854273146,6.704137
6.313548046277095,6.7833443
8.839566503657949,6.3128233
11.951193299043943,6.9379473
8.326516830239528,7.088395
7.463936604468925,7.1712837
8.691986481789401,7.339081
3.912023005428146,6.740159
6.842683282238422,5.192276
4.143134726391533,6.3932223
5.968707559985366,5.9006186
10.219867508783544,6.8191786
2.128231705849268,4.8830132
5.4638318050256105,7.115772
1.840549633397487,6.574142
4.718498871295094,6.805065
6.655440350367647,6.962685
8.251142139090751,6.723412
3.990834185852436,6.4703617
6.113682179832232,6.5440617
7.231287004327616,6.8235283
6.113682179832232,6.893568
3.484312288372662,6.4307866
10.085892439191388,6.7537947
5.0369526024136295,7.0598454
10.714462212209275,6.706854
8.102283624480073,7.6677136
6.113682179832232,4.883289
6.198478716492308,6.5461497
9.546955455537145,6.802534
2.3978952727983707,6.558414
6.035481432524756,6.6503773
4.02535169073515,6.654152
6.113682179832232,4.5289288
4.406719247264253,6.717311
7.560601162768557,6.7795672
3.4339872044851463,6.775298
8.4767877767812,6.9063993
2.867330558749466,4.9279428
1.9459101490553128,6.696438
8.697345730925353,7.1775074
6.1779441140506,5.00633
6.113682179832232,6.5769453
8.08394570229562,6.732954
5.030437921392435,4.708357
6.113682179832232,6.656253
6.113682179832232,6.696438
9.195835685773302,8.655471
7.550661243105336,7.5554667
5.147494476813453,6.723645
3.4242626545931514,6.5644913
8.132118772955806,8.31394
2.079441541679836,6.49809
4.955827057601261,6.706441
6.113682179832232,4.743472
5.564520407322694,6.5531225
10.043336447652528,6.7362328
5.84035091743822,7.172047
8.98744678941718,6.760588
5.863631175598097,6.7855396
4.162626069638506,6.7256155
2.302585092994046,4.8890405
3.7612001156935615,6.6947756
5.488937726156687,5.268278
2.26176309847379,6.6352987
7.6787889981991535,9.406513
5.087596335232384,6.6688356
6.113682179832232,6.5233746
2.6390573296152584,7.10083
5.926926025970411,6.6303415
3.822098297900159,6.552685
3.80666248977032,6.7030354
9.90358754753646,7.4562464
10.138638722974616,6.9399366
4.477336814478207,7.4603424
6.113682179832232,6.5303698
7.004881989712859,7.4260216
7.542570908468265,7.0338383
9.546955455537145,7.1661544
8.82497196556714,6.693695
3.367295829986474,6.8148026
5.7430031878094825,7.0401573
9.313799080344412,6.841657
9.561138078742038,6.742439
6.113682179832232,6.536126
3.4657359027997265,6.6819725
1.308332819650179,4.954127
10.669001905221974,8.768538
3.555348061489413,4.9173203
1.9459101490553128,6.643647
6.113682179832232,6.655098
4.3694478524670215,6.6354165
6.450333145321208,7.2921066
9.53978799366043,6.418182
5.5971989892534175,5.209804
2.5649493574615367,6.7677016
5.950544787829365,6.74113
4.158883083359672,6.699052
7.697121317282625,6.702463
6.899723107284872,6.9319315
0.6931471805599453,6.772982
6.113682179832232,6.4459324
4.718498871295094,6.5982614
7.083387847625295,7.55867
5.854527413134486,7.407175
9.277923889465582,7.8186774
6.113682179832232,6.5062084
5.056245805348308,6.5926347
6.113682179832232,6.538026
4.672828834461906,6.409669
2.079441541679836,6.74167
1.791759469228055,6.4857874
3.845883202923601,6.6392713
7.097046424217574,7.0422583
8.418697944667139,5.9046493
3.933583466809481,6.7117047
4.804021044733257,4.9365606
6.113682179832232,6.7161026
11.672899158100275,9.574358
8.399872548839694,6.6947603
6.400257445308821,6.4323587
7.379008127628304,7.0841265
3.655839600035736,6.531968
7.467371066917559,6.7738285
4.02535169073515,6.840356
6.687108607866515,6.6117373
4.718498871295094,6.433915
6.8690144506657065,6.8208256
5.069532935343741,6.7191544
8.114324709155339,5.6805253
5.308267697401205,6.848934
9.814765622475324,7.3548293
12.170455830527631,9.03452
6.113682179832232,6.7138634
6.280208555506141,3.9444015
8.044901117403375,6.7712092
6.113682179832232,7.3281546
6.238324625039508,6.7567434
6.113682179832232,6.844062
3.9889840465642745,7.116007
5.996452088619021,7.514057
10.203666216317192,6.9475765
5.087596335232384,6.6154156
6.198478716492308,6.873579
8.630878955820053,6.729513
7.351799869057777,5.1274133
5.187385805840755,6.59
4.248495242049359,6.6624737
8.852048956723861,6.818728
4.406719247264253,6.397273
7.793999089503996,7.0664034
3.616308761279101,6.497791
5.488937726156687,6.5792494
6.021023349349527,6.6894717
9.6567554664133,7.065233
6.60934924316738,6.8076625
8.82497196556714,7.188977
7.43955930913332,7.7933187
8.866116166332754,6.7465715
1.7047480922384253,6.7555695
8.21932609390609,7.0002737
6.113682179832232,6.653527
3.0819099697950434,6.3672314
10.518727244219548,6.8188453
1.6134299337036375,6.544567
8.819073983267831,6.6720915
9.126197603863757,7.4004374
5.468060141135132,6.306936
5.7745515455444085,4.941558
3.910021002757473,6.5073175
9.68046899341007,7.5404468
3.58351893845611,6.5250893
2.360854001118021,6.6171846
6.113682179832232,6.5426626
0.6931471805599453,6.770591
7.531873213208089,6.970622
9.495669678844369,7.3206887
3.8897773964808255,5.3373275
7.58629630715272,5.9728866
3.367295829986474,6.274873
6.899723107284872,6.8033953
10.63289939290031,12.572226
2.9069010598473755,6.217388
6.113682179832232,6.498418
8.022568946988255,7.0851355
6.113682179832232,6.536126
4.675628649636653,6.695568
3.893859034800475,3.9009676
4.772352065761245,6.7552085
6.113682179832232,6.661208
6.124683390894205,7.051489
10.165928737122114,7.6230206
2.3978952727983707,4.5587215
2.4069451083182885,6.720558
8.319229938632326,6.6956954
2.444952334280968,6.607177
6.113682179832232,6.5829525
7.245655067594535,6.899373
6.113682179832232,4.994788
7.697121317282625,6.8204026
5.945420608606575,6.6694613
6.238324625039508,6.8963356
10.07794493427328,6.8360233
7.373374309910049,7.125601
7.584981389247157,6.757677
6.480044561926653,7.7308598
9.615938804529582,6.7053595
11.192334451490051,8.582014
6.1779441140506,7.4147553
9.39282858154946,7.3764687
10.468858178153916,6.7274237
3.8945781272373545,6.7338214
2.4849066497880004,6.716221
6.113682179832232,6.638446
5.641907070938114,7.299234
2.3978952727983707,6.5921974
6.113682179832232,6.718957
6.113682179832232,4.8661137
2.0014800002101243,4.867178
5.945420608606575,6.7994723
4.941642422609304,5.2291665
2.431857428698185,6.513838
3.0106208860477417,6.69733
2.372111155642656,6.697623
5.356586274672012,5.717216
6.113682179832232,5.016018
4.672895345678114,6.7239685
2.6878474937846906,6.5770855
9.602517585757411,6.9529934
7.091742115095153,6.657235
2.9444389791664403,5.2026763
4.5217885770490405,6.822789
5.308267697401205,6.7036324
6.79346613258001,7.309677
7.756195343948118,7.561204
3.258096538021482,6.5487013
9.169726689090886,6.644552
3.6375861597263857,4.98123
1.5260563034950494,6.6169243
4.68213122712422,6.780795
2.8317840541513,6.784078
2.4423470353692043,6.691784
5.811140992976701,6.885966
3.295836866004329,6.5409527
8.468423027046809,6.882763
7.247792581767846,8.444753
8.732627099660395,6.8184023
10.778997955688665,7.9370832
9.39282858154946,6.8377066
4.804021044733257,7.425702
6.113682179832232,6.482608
10.322263674703963,7.4552426
6.816968313896803,6.6542683
5.568344503761097,6.6645737
7.601901959875166,6.6524343
7.973155433444133,6.903513
3.258096538021482,6.535326
6.525029657843462,6.740754
9.71032747056118,6.9724193
2.4849066497880004,6.6650343
7.379008127628304,6.6265
1.383791230901772,6.6169243
8.962135390066601,7.6530366
7.171656822768514,6.658508
5.996452088619021,7.4144907
7.080867896690782,7.16411
5.641907070938114,6.803811
10.34180699751524,8.412148
6.480044561926653,6.640653
3.3141860046725258,6.2004247
6.113682179832232,6.456808
3.8501476017100575,6.630145
5.238337934700955,6.715564
2.1162555148025524,6.6443734
8.664232934065552,8.651089
4.605170185988092,6.4527454
1.7656547823075557,6.7390194
6.1779441140506,7.1060085
6.721425700790643,7.557869
1.840549633397487,6.6085176
9.546955455537145,8.27818
3.655839600035736,6.6078596
6.113682179832232,4.5167494
7.825644732219989,5.890223
4.633757642840004,7.215496
9.24009333012553,7.7491503
4.549657476057832,6.484981
11.775305113934762,7.835509
6.113682179832232,6.5431843
7.550661243105336,7.9997582
8.434246270595311,6.622244
7.415776975415394,6.727541
5.676753802268282,7.041641
5.7745515455444085,6.4693437
5.0369526024136295,7.0595427
9.615938804529582,7.494503
6.198478716492308,6.7261224
6.113682179832232,6.8897667
3.6635616461296463,6.6813188
6.688354713946762,6.558879
6.539585955617669,6.764638
8.094073148069352,7.2414093
6.259581464064923,6.703335
5.834810737062605,6.765925
6.679599185844383,7.0192127
8.648572269472618,7.312563
5.641907070938114,8.079396
5.641907070938114,6.7329826
9.68046899341007,7.3595943
5.7430031878094825,6.7430425
5.71042701737487,6.606994
8.4767877767812,7.252044
3.555348061489413,6.7591214
9.803777708387116,8.318214
6.113682179832232,6.642044
3.795489189172194,5.2803783
6.113682179832232,6.7275715
11.877582467350576,6.9905524
6.113682179832232,6.636255
6.113682179832232,4.9598207
10.831746380186138,8.168952
8.191463051326927,7.4142685
6.71174039505618,6.703965
10.974161859161184,15.196612
8.980675603671708,6.770784
10.434174625397674,7.9055367
6.113682179832232,6.448683
6.113682179832232,6.4643316
3.1280754605417043,6.621952
6.62273632394984,6.845354
8.102283624480073,6.7324305
6.113682179832232,6.7046194
7.697121317282625,6.754988
3.2308043957334744,6.59237
8.240342909402774,5.3065453
4.584967478670572,6.503175
7.43955930913332,6.7884774
2.772588722239781,4.913242
5.786897381366708,5.9035444
8.392083380373393,8.743976
6.113682179832232,6.610838
9.95237295026594,7.434561
8.929567707825337,7.5291414
4.101740610509301,6.706217
6.113682179832232,6.476063
6.113682179832232,6.6711054
5.147494476813453,6.743
2.465553921272185,6.4776754
10.34180699751524,7.5686398
2.797281334830153,6.4630976
8.455743229100015,6.95202
6.568077911411976,6.5899076
8.10530751550515,6.7204323
4.442651256490317,6.595383
6.899723107284872,6.691036
6.113682179832232,6.6955295
5.356586274672012,6.726518
6.57507584059962,6.825694
6.113682179832232,6.7229977
8.648572269472618,6.7648916
7.091742115095153,6.724247
10.671324678727515,8.437822
8.4767877767812,6.7574015
6.368549670158185,6.7854586
1.6094379124341005,6.7225456
4.343805421853684,6.722574
6.660575149839686,6.451828
3.3463891451671604,6.502651
11.36907818897207,8.139409
2.19722457733622,6.695595
6.747586526829315,6.7161856
6.045005314036012,6.8419175
6.113682179832232,6.529957
4.338858139272503,1.9279282
6.238324625039508,6.687677
6.091309882077698,6.631402
10.909655550812955,5.993285
4.31748811353631,6.2734876
6.113682179832232,6.746264
4.804021044733257,6.7142057
6.2766434893416445,7.0557823
8.882114044208821,6.8708935
5.676753802268282,6.6270103
6.113682179832232,6.4663763
6.251903883165888,6.2814355
8.450198322591959,6.769179
2.302585092994046,6.4812927
6.113682179832232,6.630844
3.58351893845611,6.7354937
4.30406509320417,6.5938196
2.145931282948669,6.5026994
4.143134726391533,5.914061
8.161089512845797,7.0479326
10.896776361897594,7.9374785
11.695263688291964,8.488709
9.151863442217207,6.7956657
5.087596335232384,6.626674
1.6094379124341005,4.92459
9.384461732204798,7.259383
4.955827057601261,6.8725843
6.113682179832232,4.9424047
7.550661243105336,4.916873
