Actual,Predicted
6.2766433,6.5765553
6.1136823,4.09453
6.1246834,8.118296
4.882802,7.2966104
8.797948,9.201637
4.1866198,4.65197
6.1136823,5.1027155
5.488938,4.9664707
5.0238805,4.258682
4.8751974,6.6419134
7.3498735,6.8891478
5.2040067,3.3172312
4.5325994,5.4300914
11.468994,6.520779
8.830251,7.625442
4.142952,5.943078
8.444622,5.9377294
4.204693,4.2459736
6.1136823,3.6485343
7.314553,5.7304463
3.2580965,4.5634413
7.678789,8.20032
6.1136823,4.8357615
5.4467373,5.500225
4.955827,5.9504056
7.566311,8.258591
3.2580965,6.872999
7.89804,5.49965
3.9332638,4.986119
6.1136823,4.457408
5.8348107,7.0668135
6.4488893,7.2056494
4.5217886,6.1626663
7.245655,4.540849
6.1136823,5.670236
4.0430512,7.0726347
5.916202,4.5486097
6.1136823,5.2331004
6.1136823,5.436677
6.1136823,4.062299
2.9177706,4.5151777
7.149132,6.9108763
6.1136823,4.5001698
9.798238,8.09564
2.4849067,4.148143
10.341807,7.617845
2.5882087,6.0251513
6.1136823,4.157439
6.177944,7.817539
5.7004437,8.456487
6.8844867,5.943009
2.6390574,6.2270737
8.455743,5.803711
0.6931472,4.9744134
9.504874,9.405082
7.314553,5.371766
2.4849067,6.834785
6.8648477,7.6497326
10.799617,7.8856773
7.9345136,6.9563885
8.243282,7.661214
5.5373344,6.0899024
4.317488,5.278079
3.465736,4.684865
3.988984,4.08797
9.181121,9.219865
3.7612002,5.266884
8.317034,8.69944
8.016977,8.055368
6.7238326,5.813151
6.1136823,5.229068
7.9017477,4.8185973
8.187856,7.691208
8.1022835,5.105294
9.680469,11.160967
10.240031,7.915164
8.434246,4.512256
6.2186003,6.341145
8.575839,7.9695845
2.260721,5.105161
2.9957323,5.4835243
9.409355,7.564958
6.1136823,3.8587987
2.0794415,3.615251
8.412277,6.2744374
5.971262,5.811387
5.081404,4.7943397
0.6931472,5.963104
5.0238805,5.2965713
2.0794415,3.9785638
9.615939,5.2717204
6.1136823,5.0029078
6.1136823,4.6816225
7.1716566,4.6958833
4.0943446,5.367267
8.718849,5.238287
4.804021,7.7699447
8.474703,5.231451
8.982435,6.303132
2.8154087,3.4195683
9.77007,7.185507
4.501502,5.78637
3.4339871,3.7329545
6.1136823,8.045408
2.3025851,8.669116
10.571368,7.4853263
5.0238805,5.659615
8.216628,5.553223
6.383507,5.48104
7.861191,5.489251
4.5808773,4.2810736
6.1136823,5.570052
6.1136823,4.9252973
6.6489844,6.517339
7.2668276,8.857435
8.5035,8.0522175
9.931686,6.660293
3.3469296,5.986985
4.634729,3.840551
10.368605,3.554789
3.634951,5.6485424
8.189244,10.292899
5.529429,2.8471575
3.465736,6.6405306
7.762596,7.1871343
7.592708,4.816413
6.1136823,7.3631086
2.7725887,4.3655777
7.116394,6.63383
7.2506356,4.927662
4.6051702,4.616089
11.728053,7.875066
2.3025851,5.020989
4.356709,7.305176
12.570723,8.214964
5.0238805,6.216983
6.753438,5.638983
3.8501475,3.9827266
11.373687,7.491021
4.6151204,6.053628
2.5649493,5.027965
6.1136823,4.315974
5.8522024,8.235701
4.5108595,5.8186436
9.615939,7.613938
8.789051,6.084913
7.4395595,8.916563
4.0775375,7.282507
10.695801,8.880345
10.847432,6.359657
6.1136823,4.75532
3.1863527,5.932375
7.938089,6.6889563
5.236442,4.5582037
6.7707896,3.0074818
7.709757,5.2316866
7.004882,5.3495836
7.9844627,6.4464903
4.1108737,4.421475
4.060443,4.9494934
10.872409,7.7479763
6.1136823,4.151932
5.3082676,7.3904433
4.1271343,5.4173975
2.7725887,4.1106334
9.165552,6.260236
6.240276,8.374134
4.624973,4.370493
6.1136823,3.1558006
2.6390574,4.033065
6.7475867,6.302515
7.9170337,8.866169
9.053921,6.4187627
3.713572,6.271735
5.7268476,7.879204
6.1136823,3.4930258
5.710427,6.909875
3.8918202,7.824978
8.393669,5.650042
6.8057227,7.2085958
8.665958,7.897833
8.810162,6.6729293
9.8523,7.6957726
2.1972246,6.0910273
9.305832,6.060462
4.2904596,4.963116
5.529429,5.478012
5.365976,4.989935
6.1136823,4.92849
7.314553,6.1103096
2.2874715,4.0682197
6.1114674,5.163746
10.647851,7.6220546
2.2491844,4.0623474
3.4965076,7.274622
8.909506,8.88786
9.230339,8.244696
10.714462,8.979128
4.6151204,4.975333
10.126711,7.7092104
6.1136823,4.2738953
7.091742,6.4014797
7.083388,8.1116495
2.5649493,5.0306273
8.630879,11.099707
8.974872,5.2134166
6.0935698,4.4292374
7.9986715,6.604018
10.130703,6.4767656
3.0910425,4.2131176
6.1136823,6.1008654
10.859037,9.707665
4.406719,4.353166
6.5957804,6.492625
5.676754,4.522354
6.383507,7.9380035
6.349139,7.777844
8.630879,6.4519706
4.304065,5.3582726
9.187277,7.8028975
6.1136823,4.912546
4.59512,2.9809756
3.8066626,8.4519825
8.732627,8.583384
6.7357802,5.642767
5.236442,5.8540053
2.3025851,8.760677
6.1136823,5.0502806
10.596684,7.5562625
8.371011,8.077896
6.510258,9.011635
7.9731555,6.8925567
9.8523,5.412544
3.7376697,5.4220552
11.461832,8.074077
6.0776424,7.6500773
4.804021,6.3668747
8.839131,7.5422783
0.761698,5.967065
2.5249283,4.254462
2.7788193,5.38643
8.216628,8.195452
8.455743,5.6769915
1.704748,3.6614697
2.3025851,6.3830843
6.43294,5.448579
4.1059437,4.821378
6.3189683,6.16169
3.3672957,5.725299
3.465736,5.4765806
2.1162555,4.648807
6.1136823,4.135195
3.122365,4.8098245
6.1136823,5.091969
8.732627,5.860593
2.7725887,3.9052918
7.004882,4.2992992
7.463937,7.647112
2.726682,4.967557
6.1136823,10.317073
6.177944,4.9859962
7.878155,7.8542604
3.723281,3.5327356
3.1354942,4.730822
6.4846354,8.256221
4.744932,6.6418304
0.6931472,5.108798
10.806713,8.01741
6.5722823,6.1816406
9.680469,5.3157663
6.1136823,4.1814203
6.1136823,4.260622
6.7153206,6.9668183
8.343316,4.893721
2.9957323,4.1106334
9.546955,11.511328
12.254872,9.884178
2.7278528,3.4207377
3.8286414,4.419302
3.4339871,5.864628
8.328934,6.3995113
6.1136823,5.79632
7.450835,6.636219
8.0985365,6.886941
9.464439,13.303519
6.1136823,4.917662
8.1022835,7.3502693
9.259321,8.224239
2.3702438,5.033224
9.741086,7.1997137
8.240649,7.900212
8.317034,8.283447
6.1136823,4.800309
10.73644,8.6698
1.945858,5.443948
2.5649493,4.994752
9.159258,8.605201
3.4965076,6.9023995
6.5250297,8.908607
2.442347,2.9597957
7.305188,4.9502645
4.7567706,5.443375
6.1136823,4.612856
6.1290503,8.226133
9.776494,8.844764
6.1136823,5.3165255
2.1317968,4.427246
4.1926804,5.302529
6.9097533,6.1656303
6.156979,5.955122
4.356709,7.305176
4.356709,7.989296
3.465736,5.743351
6.6227365,6.3786974
10.165929,9.15899
4.2195077,4.0478244
5.676754,6.393977
2.1972246,4.4883213
5.2574954,6.075979
6.1136823,5.3526034
5.198497,6.537807
2.3446863,4.363159
8.75621,6.1181593
2.9957323,7.137604
6.1136823,5.413871
2.243896,4.6355095
6.2576675,5.296736
4.971676,6.478385
5.7430034,5.780187
9.530973,7.416994
5.0238805,5.5027914
7.8826923,7.427645
2.7725887,4.9896193
3.7977338,4.6456075
7.550661,5.488348
6.782192,7.9827785
5.8836007,5.535627
5.3565865,6.3481617
6.135565,7.5936713
7.601902,7.528219
2.8332133,7.5921793
8.681351,5.4669456
9.187583,7.240631
6.1136823,9.984216
9.495669,9.542923
6.1136823,4.972795
9.094031,7.994054
6.508769,4.8449845
6.1136823,4.751123
7.7415338,6.61824
6.879356,6.226938
3.2580965,5.4979005
9.952373,11.209354
3.4965076,5.723705
6.09131,3.5306337
7.3790083,6.1633077
3.0445225,3.505961
6.2766433,6.698056
2.8903718,7.854047
5.2574954,5.4226546
6.1136823,5.6890106
4.0775375,6.6275873
5.525453,6.334259
4.204693,7.2319584
6.156979,6.166118
9.998889,9.227163
11.2632065,9.399677
6.1136823,6.125922
7.462789,5.5596576
4.7184987,4.8005548
9.305832,8.040806
6.1136823,5.0234995
9.803778,6.7530136
6.1136823,4.240285
7.1561766,7.0940485
6.1136823,3.9070678
2.3758357,4.234025
4.189655,8.619879
6.6359468,5.482554
6.1136823,4.5996313
8.668493,5.9043984
1.4816046,4.719408
7.091742,9.299749
3.912023,6.11707
11.686895,6.7512445
5.918894,5.519302
2.163323,3.7010636
1.796747,4.5651245
4.804021,7.399078
6.1136823,4.8029575
3.218876,4.824378
6.1136823,5.7066965
1.9669843,3.4914412
8.645411,7.7005086
8.618485,7.9171777
10.647851,7.682707
10.315663,8.571636
7.004882,6.0324078
8.827762,6.926408
8.216628,6.166728
3.637586,3.3618505
6.1136823,3.4210682
4.0775375,8.493327
7.3733745,8.040251
6.1136823,4.2725954
6.1136823,6.3431177
10.165929,5.856393
2.533697,5.940053
5.4467373,8.415571
6.3664703,6.2460556
3.7819142,4.0900874
6.1136823,4.85135
2.4159138,5.0261354
3.6428356,3.8912506
9.758577,9.3010025
6.510258,7.9904003
6.1136823,5.253749
4.362083,5.8774033
5.971262,4.602998
6.5605946,5.9940376
9.424645,8.337435
6.1136823,4.149443
6.1136823,5.1332045
6.1136823,5.221924
7.81829,8.13727
6.1136823,3.9619493
6.510258,7.6841116
1.8245493,4.499571
2.8735647,3.924296
5.5683446,6.8171077
7.6925697,8.480026
5.888878,6.5119123
6.8382797,8.021141
0.7702453,4.942318
6.1136823,4.976161
8.129175,6.7783775
9.615939,6.8544617
3.9149644,5.9050827
9.180087,5.6930733
4.406719,5.334386
6.0450053,6.144123
7.793999,6.981435
11.528277,17.218927
6.352629,7.7896786
9.903587,8.012787
2.5176964,5.0513186
1.742219,4.098627
10.404324,7.8832827
6.4952655,6.3235855
6.1136823,5.05387
3.708682,4.211957
3.2809112,5.1235795
14.603969,17.848581
9.903587,8.755953
6.1136823,5.1027155
5.880533,8.3355
5.198497,5.4875336
8.434246,6.9740963
3.4965076,3.7604613
7.074963,8.054107
3.3322046,4.7558827
6.8480053,6.0763397
7.303351,5.1962743
3.6163087,3.6426005
5.2040067,6.347993
6.115892,7.0211153
4.882802,7.055068
7.9017477,9.417168
3.254243,4.429983
7.8015156,8.528123
2.442347,2.3925557
5.641907,4.008745
8.132119,8.06966
6.6008697,7.5462475
2.1972246,5.2023954
6.1136823,6.0540624
3.1354942,6.576577
5.7430034,4.153761
1.899118,4.3339534
7.2608247,6.0897093
4.0430512,5.808616
11.373733,9.454473
5.8826256,4.2620707
4.6596584,4.8428965
8.613607,8.641069
6.1136823,4.486662
6.1136823,4.884948
6.1136823,5.151396
9.680469,6.68677
6.1136823,4.9324236
4.276666,4.4889817
6.1136823,5.485323
6.1136823,5.057971
5.891644,5.887733
2.8903718,4.71026
4.0775375,4.742733
7.9731555,5.7465086
5.5683446,5.2003446
10.4631605,6.449295
2.5649493,5.306614
3.7256935,8.009744
3.3672957,3.8799005
2.5095992,5.1418796
6.899723,4.1590147
5.2611866,6.0244656
9.207537,6.315621
3.131137,4.2537875
6.1136823,4.864196
8.714968,5.9145036
2.8332133,5.403981
9.021598,7.8760276
6.1136823,5.007211
6.1136823,5.185485
10.591673,8.377378
6.1136823,5.566877
4.513055,5.088532
6.1136823,5.327018
4.276666,4.826064
6.84375,5.8453407
8.438799,8.130473
4.0253515,5.286713
9.758577,7.9255476
6.4002576,5.839807
5.710427,5.123103
8.671801,8.154533
7.4061036,4.929263
6.1136823,5.4191866
3.1780539,4.381001
4.189655,3.9404488
5.996452,7.5187407
7.037028,7.176816
0.6931472,5.026448
7.9802423,8.864006
4.5325994,3.554421
7.9017477,5.3689814
6.1136823,4.595762
6.1136823,5.0589094
4.5849676,6.1605606
6.349139,5.426504
6.1136823,5.0261354
2.9601052,4.364758
7.245655,5.7800207
4.276666,5.738456
7.004882,10.947035
2.7725887,6.651572
3.566712,4.16226
8.174139,7.6320543
6.1136823,5.341879
4.276666,6.196076
5.9375362,5.346093
8.389814,6.178181
4.0253515,5.5939574
2.944439,3.8175256
8.831566,7.614773
2.036012,5.450144
6.1136823,5.2571974
7.5358305,8.893089
7.245655,6.505752
7.9017477,6.9747047
6.652863,5.0968933
7.004882,6.150439
6.6995006,5.7786007
3.910959,4.943775
10.338576,6.335822
7.9017477,4.4931746
5.1298985,6.6205807
11.238515,8.320218
6.1136823,3.6216836
8.657303,6.7773128
5.1474943,8.73526
3.1780539,5.0491233
8.041735,8.053804
8.808312,7.18515
1.9401795,4.4930787
2.3025851,6.3733773
7.314553,5.0114126
4.804021,6.2110443
4.2541933,4.231132
8.509766,7.7218485
6.81564,5.5905113
7.784057,8.974202
3.1354942,4.016069
7.4395595,7.518626
8.116417,5.55151
3.0910425,2.7729957
6.6489844,6.0140657
6.1136823,7.6903753
8.779865,5.5864277
5.524257,4.843205
3.1780539,4.213135
9.582042,5.923685
5.918894,6.937573
3.683867,4.580059
2.5649493,4.0331793
1.0929046,5.934942
2.163323,4.9497766
6.4599047,7.508605
2.1747518,4.876356
7.002156,5.7517123
6.8710914,6.645855
11.321789,8.587748
8.502892,7.284184
6.9097533,7.7637644
3.9318256,5.8106217
6.6489844,5.64659
2.8903718,4.4802628
7.231287,7.3856664
6.1136823,4.3220415
1.9315214,2.9597704
6.0684257,6.010807
5.488938,5.1039295
3.6109178,3.572688
7.601902,7.080508
5.1474943,5.7809744
3.0878556,5.7729006
7.3790083,7.0340414
3.9569964,6.3797398
6.1136823,4.395442
10.403232,9.631594
2.944439,4.373813
8.269244,7.9810734
10.360501,9.558358
3.1354942,5.0890636
8.434246,6.363986
2.7080503,4.5913672
1.9459101,5.4456034
6.9772816,7.3889008
3.2580965,4.8760195
2.3025851,5.178564
4.553877,6.2615194
4.452019,3.6276102
7.9233484,6.1736193
3.7841897,5.9575977
6.464588,6.797683
7.004882,6.8829517
6.100319,4.3015194
6.1136823,5.0923643
8.688117,8.05456
6.776507,8.771034
6.8265452,2.5352104
3.8066626,4.206541
6.156979,6.7305083
9.200492,7.657672
6.1136823,5.062675
6.1136823,5.475433
4.4954667,9.033846
7.697121,4.6870723
2.862201,5.265232
6.1136823,4.1770334
7.824846,7.0136356
3.3978584,4.7557
8.786397,7.4131384
4.804021,10.726547
5.7203116,6.746866
5.0238805,4.8370695
8.789051,8.72821
8.269244,6.476185
3.218876,6.15662
4.4998097,5.1596775
7.4764724,5.233817
6.1136823,5.221924
8.594524,6.824958
4.6151204,4.773404
8.216628,7.3619905
6.0497336,5.7099338
3.6082115,4.05687
6.1136823,3.969933
7.245655,4.912657
7.1751714,5.209955
3.7376697,5.8841605
10.9438,9.093478
7.601902,6.0482826
6.1136823,3.8602529
3.5553482,4.4179296
7.004882,5.2304497
6.6463904,7.0002117
2.7725887,5.2727685
6.1136823,5.5469275
8.489205,6.4117193
6.1136823,4.9360857
7.824846,8.5347
6.1136823,5.4705048
6.1136823,4.9276624
10.169767,7.523414
6.1136823,4.500907
10.6338825,6.090603
6.1136823,4.72724
8.883502,6.242322
3.295837,6.853506
6.1136823,5.300889
7.601902,6.1902404
10.545394,6.7139235
9.854507,5.6196423
5.1119876,5.6098356
5.918894,6.2280793
5.117994,4.943561
7.877397,7.8542476
5.7430034,5.1995068
6.177944,4.694046
6.1136823,7.0035486
3.5553482,6.1835327
6.1136823,6.588662
7.0139155,5.0378466
9.376024,4.730321
1.0851892,5.2627783
12.072553,5.417919
4.955827,4.4705133
6.2304816,8.754322
8.839566,6.333928
6.1136823,4.646011
6.1136823,6.1904945
8.318499,9.282455
4.1743875,6.5829577
6.5806394,6.616994
9.392829,5.0749965
7.41998,7.671357
10.126711,8.160704
5.4026775,5.024081
8.00156,5.731619
6.1136823,4.290304
3.637586,5.084171
4.882802,5.5971746
4.3636394,5.4357204
8.354203,4.8489647
5.605802,6.0571604
10.225643,5.918427
5.9454207,8.436502
8.537388,8.907716
6.1136823,6.73048
6.493754,7.16555
6.1136823,4.0527024
9.056956,5.1351123
2.7080503,4.677016
6.7117405,8.236804
4.7361984,5.140732
11.177942,9.6992235
5.9427996,6.5420966
6.1136823,3.944478
3.637586,4.568883
6.8373327,5.4059324
6.8426833,8.348793
6.200509,6.199825
2.2300143,5.2007647
9.2805195,6.9983425
3.6109178,4.0226808
8.310673,6.915553
5.3423343,8.504892
1.9600948,5.05446
5.8435445,7.069529
9.680469,7.39018
6.1202974,5.3443704
2.5649493,4.264661
9.903587,6.5710807
8.166784,8.0239
4.060443,7.1267824
5.123964,3.9501114
6.1136823,4.798679
9.210541,8.724859
4.995183,7.1219015
2.5952547,4.2139544
8.683046,6.5417485
6.8046145,6.8190455
7.6314316,4.033952
8.537388,6.9522514
8.577159,6.044729
5.1474943,6.9838066
7.8640356,7.931265
10.753681,7.804834
7.5657935,5.877339
3.9512436,5.7710037
3.9512436,6.6266875
7.194437,6.634327
6.81564,6.813172
2.8903718,8.118533
3.7376697,4.383617
5.996452,7.756896
7.997999,8.486685
8.041735,8.545963
3.7612002,4.5292234
2.85647,4.7105823
7.1716566,5.4721923
2.7080503,5.05446
6.9882264,7.137789
8.964824,5.056203
1.7749523,5.6554112
6.7968235,4.2645407
6.1136823,4.922925
6.1136823,4.7865443
6.761573,5.5835834
3.218876,6.2082043
8.78554,8.190716
5.433722,6.3350344
7.4395595,8.382861
11.371385,7.829104
6.1136823,4.1554995
6.177944,6.8488226
6.135565,6.1084805
10.404324,7.645551
3.0048833,4.9190435
6.0210233,6.2711716
9.76434,8.529184
5.4026775,7.6497936
2.4432163,3.8602529
4.804021,5.773119
4.727388,5.0252733
5.6602306,6.357515
4.4224486,4.0233746
6.1136823,6.231773
7.5760975,6.2565994
4.356709,5.1340265
3.1780539,4.533388
6.1136823,4.0757346
5.0238805,7.327988
6.1136823,4.847123
8.834337,9.382934
9.472858,7.4727526
3.5553482,4.3733664
6.1136823,4.548504
6.1136823,5.7857137
6.1136823,4.0431056
3.1780539,6.192053
6.1136823,4.7849555
9.19847,7.283804
3.1354942,5.2914023
1.7065647,4.72674
9.05975,6.8196154
5.846439,8.250139
7.784057,4.654213
2.3025851,5.3618784
2.7080503,4.127634
10.060576,7.2449703
3.295837,9.506283
6.1136823,5.055887
2.8903718,6.155241
9.200492,6.451172
5.7745514,4.7442126
10.119888,6.6824827
2.5649493,4.0546017
6.1136823,3.6743922
6.1136823,5.3541045
7.1731915,4.8979435
8.065389,5.4843616
10.404324,7.741513
2.7725887,4.7672734
6.3664703,6.3283978
3.4339871,5.058049
3.3638415,5.1162195
6.1136823,5.9227257
8.132119,4.8531895
6.1136823,4.01364
8.007034,7.2870603
9.200492,8.206091
7.762596,8.691971
7.550661,6.79505
2.6390574,5.520401
5.463832,8.130072
4.406719,3.3165984
5.8348107,7.129879
6.713606,7.50885
6.1136823,4.259657
6.1136823,7.997448
3.1354942,5.027965
5.0238805,7.1263943
4.955827,5.188927
8.1022835,6.4174676
2.5649493,4.86591
5.505144,7.1901984
4.6158957,5.157617
7.534763,7.8492203
6.1136823,5.676499
6.2505765,5.2397623
8.8371,6.22937
6.81564,5.744338
5.5683446,5.6078105
8.392083,8.176096
6.1136823,4.856374
5.2040067,3.8634846
11.184365,8.742288
10.655352,9.912088
9.118225,8.340008
7.245655,8.348617
5.3565865,5.14476
6.1136823,6.7103715
6.8690143,8.170409
9.268798,6.5103054
7.4966526,8.258954
10.663686,7.0573463
5.4026775,4.3801193
4.1271343,6.390025
2.8903718,4.830818
6.88111,5.165592
4.477337,4.0298843
9.087181,5.653943
3.2027464,5.693397
3.0910425,4.871034
7.8407063,5.6407547
4.3694477,6.9205256
8.724532,7.1566296
6.1136823,3.9070678
3.2580965,5.710862
8.764366,5.851973
2.3025851,4.131964
3.583519,7.8608947
3.3672957,5.6696243
6.1136823,4.236771
9.546955,5.991685
3.0910425,2.850677
3.1945832,4.1174617
4.406719,6.6664066
6.1136823,4.0964866
5.6347895,8.838657
6.1136823,4.622386
6.363028,8.560566
11.097441,13.911596
8.683046,7.6638017
6.0450053,7.4333625
6.1136823,5.3980017
2.3978953,5.209349
4.7706847,4.72674
1.9459101,4.047103
3.583519,4.7137156
6.1136823,4.401002
5.971262,5.614276
7.268223,5.6659274
5.817111,4.9584846
6.4800444,6.6724195
7.4000096,5.786964
6.1136823,4.8153157
7.614312,7.850239
2.646175,5.6429
4.882802,7.811311
3.1780539,6.6799345
9.6268835,9.136719
8.366836,5.6819763
5.2040067,6.347993
8.497398,4.8913774
3.5553482,5.669818
6.1136823,5.0923643
8.103495,5.8567934
5.4026775,4.697897
3.0445225,4.8490167
8.225235,5.0638094
2.3978953,3.6465032
5.676754,6.3173485
6.1136823,4.802512
6.1136823,3.2242093
6.1136823,7.359079
5.1357985,5.2247677
6.070195,5.8015566
6.1136823,4.8714542
2.3025851,6.6051455
2.3418057,4.4716544
2.0028305,4.7484555
7.4395595,5.784007
1.2470323,4.231255
10.961312,7.5437226
7.314553,11.19558
9.057423,5.7606153
7.824846,7.2496753
14.686805,29.852926
5.4467373,7.526924
10.165929,6.4463897
8.29455,7.7440996
5.0238805,5.46085
9.989757,8.008547
7.4910874,5.2981033
3.2846637,5.155553
10.373553,8.80115
3.2644334,3.3737082
6.1136823,4.2725954
6.2422233,8.475283
6.710369,5.9178057
7.8046594,4.280508
7.824846,7.2784476
2.1972246,4.07787
2.9957323,6.7592173
0.6931472,9.418192
6.1136823,4.628561
3.7658405,5.1491795
8.848509,8.327225
10.457688,4.9124565
0.6931472,4.926694
2.1400661,4.9507837
4.248495,8.103757
8.556798,5.913169
6.338594,4.539238
9.982484,5.660288
6.1136823,4.2812586
6.9828424,5.582795
6.6995006,6.631741
9.05975,10.972771
6.1136823,5.066166
4.2282925,4.786093
7.824846,5.236771
3.218876,3.8158894
6.1136823,5.0781746
5.4026775,3.4168837
3.2580965,6.2558436
8.556798,10.942427
5.4309807,7.8812547
6.1136823,5.837885
5.8636312,6.4907455
6.1136823,3.9123175
5.3565865,5.0647345
4.4886365,5.6230116
1.9459101,7.421973
9.76319,6.2981024
2.587764,4.0513864
6.7357802,6.399619
6.818292,5.926407
5.529429,6.2500334
10.259832,5.1863
7.697121,10.247818
8.839566,8.108266
5.9939613,7.2776146
6.309276,6.888071
9.392829,7.8617477
6.349139,5.1158895
5.2573085,6.7598214
10.27512,6.2604933
5.1298985,4.0894876
9.475086,9.492986
2.0794415,7.0664907
4.882802,5.2723694
8.29455,5.446943
11.152501,8.173025
4.955827,5.708452
5.3752785,4.351139
4.882802,5.985177
5.3082676,5.7781367
10.518727,5.794471
6.1136823,4.5922413
1.4816046,3.4321232
8.743851,8.238618
2.0541236,5.9981976
4.248495,4.924494
4.046921,4.9670897
8.868132,5.6651196
1.3862944,4.398308
8.222016,5.659622
11.733747,10.947043
6.7776465,8.409288
9.680469,6.9819727
9.048057,5.0888453
3.5292974,5.3847814
11.233238,8.402615
3.6635616,2.7572265
6.09131,5.9253893
11.141891,8.267332
3.7841897,8.545482
10.805537,8.630266
7.681099,6.1236076
5.2040067,4.3707786
1.3350011,5.656276
4.7706847,7.412441
6.6093493,5.172162
6.5986276,5.539576
1.8579035,5.198091
6.1136823,4.8699417
6.4952655,6.536889
6.2383246,5.913066
9.8523,6.3250737
5.710427,3.4058478
7.5021863,5.431348
0.6931472,5.9733677
2.8332133,3.1374712
7.334329,8.399881
6.1136823,7.4953184
6.1136823,4.0598197
5.891644,5.7664533
2.1972246,3.4592834
5.897154,5.675129
7.891602,5.159401
3.4011974,4.5707827
8.071531,6.6773844
7.8640356,6.8622413
3.4594662,4.491001
2.8903718,5.0405903
6.1136823,4.8578963
12.857871,22.093946
11.841524,6.8286
1.3862944,7.332985
7.091742,6.6071053
6.1136823,5.376438
8.29455,7.193404
2.360854,4.71799
15.352163,52.543343
3.295837,5.084594
7.224025,7.8459344
2.3978953,2.7691083
6.1136823,3.734057
4.1743875,7.899599
6.1136823,4.8305783
4.063885,3.1152568
4.1743875,6.229137
3.9550824,3.9891
8.853951,5.7758875
6.1136823,5.112034
10.69199,7.936102
9.020632,8.226694
4.94876,5.9775705
6.1136823,2.9269347
2.9957323,7.199238
2.7080503,3.063488
6.1136823,5.2652965
3.9702919,6.8742943
9.082734,4.7521834
2.6532419,5.0659323
10.309019,7.8747306
8.61123,5.2214785
3.6109178,5.633295
6.289716,4.031603
2.9957323,4.7237673
2.6390574,5.883446
3.4339871,4.2882524
7.314553,7.30558
6.1246834,7.1378517
5.609472,6.64317
2.1860514,5.05446
10.891206,8.045214
4.304065,5.1050205
6.6745615,5.0453014
6.8917274,6.7148438
0.6931472,5.986722
5.805135,5.1996665
9.71788,9.553853
3.7376697,6.49654
5.3565865,5.601802
6.9584484,9.141888
6.539586,8.759516
6.1136823,4.23333
6.1136823,4.296573
6.2766433,8.11886
4.6151204,6.599745
8.071531,5.6394234
4.189655,4.94806
3.5553482,4.8671827
6.1136823,5.24931
4.304065,6.8615346
4.3438053,3.9776592
2.7013612,4.1061544
7.314553,4.7444267
3.8918202,4.856625
6.1136823,4.5280457
4.3489866,7.943363
6.1136823,5.9325733
9.208539,8.734211
6.1136823,4.4113007
1.9459101,3.2001553
8.29455,6.2649307
6.1136823,9.723671
7.388946,5.639675
6.1136823,5.388838
3.9702919,4.048354
9.226146,7.683722
1.9459101,3.517993
6.1136823,8.05756
10.203667,8.634436
10.102421,7.8736115
4.191169,4.8016076
2.7725887,4.4942484
7.2730927,7.657993
9.918475,9.390924
5.7203116,7.315446
3.0910425,5.2415867
6.0450053,6.11302
7.091742,6.7893205
6.1136823,5.1876707
4.276666,6.057653
6.2422233,6.590686
7.101676,7.672737
6.278709,4.9217424
4.356709,6.58383
5.0875964,4.6621633
4.0253515,4.69256
7.091742,9.350116
7.9262414,5.2302985
2.7725887,3.4538908
3.8918202,6.825708
4.276666,5.5676455
6.1136823,4.686735
3.5580187,5.9049687
3.9239516,4.814319
9.392829,9.087062
6.9097533,5.6369324
5.9375362,7.1365128
9.210541,8.003701
6.1136823,4.8397655
3.8501475,4.2438974
9.169726,7.497659
2.6390574,5.213146
6.1136823,4.9676924
6.1463294,4.5168333
5.0875964,5.415122
6.4002576,6.2050753
5.610204,5.6952453
3.988984,5.7644
9.852563,9.122096
1.5260563,3.661465
10.449778,8.468155
9.539788,8.960793
11.72555,7.3982153
4.9904327,5.2803144
7.066467,7.8446207
6.1136823,4.965811
8.389587,8.75996
7.2668276,6.675899
6.6618547,5.413254
4.543295,5.3072996
6.1136823,5.5948415
10.745981,7.2651587
7.1966867,8.009765
6.1136823,4.5919046
4.8315086,5.22884
6.5235624,8.911949
7.784057,5.6026306
6.1136823,7.7967086
6.1136823,4.0964775
4.7361984,6.503644
5.0875964,5.7273474
6.889591,6.184423
3.6635616,6.120701
4.0430512,4.328731
7.4966526,5.2738276
6.902743,9.713462
4.544901,8.556051
8.575839,5.3724904
4.204693,5.998809
6.1136823,5.0130067
8.347634,8.629593
6.3905764,5.8918486
3.2580965,4.6491137
10.483186,8.339044
3.440418,4.7895765
6.1136823,5.221924
3.1780539,5.140701
2.9957323,2.810028
2.3223877,5.342745
9.710874,20.176462
8.987447,10.661882
4.955827,4.680071
4.406719,7.9543304
1.786747,5.342724
5.7430034,7.2900534
6.1136823,5.682611
3.0910425,5.421975
6.1136823,4.43769
5.641907,6.7548547
6.1136823,3.9421053
5.0998664,8.297156
6.582025,6.3903384
6.0210233,4.0428514
7.4395595,7.1794577
12.066822,9.21743
2.7725887,3.3874319
6.1136823,4.956711
9.062073,2.51629
4.804021,6.5736732
5.2040067,3.0006142
7.550661,7.1829085
2.406945,4.9631567
8.158802,5.1411614
6.1136823,5.237939
4.4920015,4.795049
3.0910425,5.2716303
6.1136823,5.0306273
4.0430512,2.695063
5.0949764,7.1234035
3.912023,5.923109
6.1136823,6.024697
7.6430035,7.622565
4.3579903,5.1763296
2.2925348,4.933093
7.224025,8.926668
5.062595,7.8379564
5.7138953,5.753527
6.1463294,4.6260405
8.817001,5.65187
3.523415,3.977931
10.367285,8.028343
1.6639261,4.372116
10.278253,8.893421
2.6390574,4.786476
5.46806,8.43033
4.406719,5.0768347
5.8636312,6.5139103
2.7146947,7.153433
2.3223877,4.8304977
6.1136823,6.0803328
9.094031,5.8382425
3.0910425,4.8723545
3.063391,5.0612893
5.0238805,5.516951
9.089846,9.481987
6.1136823,4.459879
5.299115,8.623356
6.1136823,5.062675
6.1136823,5.440249
6.1136823,3.990035
3.3068867,4.2032194
9.44161,8.332796
4.7184987,7.599004
8.545587,9.310682
5.0369525,7.9976034
8.882114,6.772316
6.55151,6.965968
0.6931472,4.9423165
10.179365,19.768475
4.7552395,6.9203773
3.1354942,5.98293
10.933143,9.287113
2.9957323,6.5008593
8.24591,6.8088217
6.1136823,4.143939
1.609438,5.8159547
0.6931472,5.9699297
2.6672282,4.5045047
6.1136823,5.2652965
7.2950563,6.112899
4.1535563,5.693688
6.1136823,4.576454
8.364508,6.9193277
5.7745514,6.2851095
4.624973,5.7082534
2.1746252,5.5869813
2.9957323,4.605336
8.269244,4.7037344
6.1136823,4.7332144
11.407587,7.9470253
6.289716,3.857009
10.669002,7.62849
7.004882,5.3809795
6.9688506,7.8877683
5.3082676,3.7424097
2.0794415,7.036398
8.971703,7.0302944
9.898576,8.158583
5.0238805,6.475812
9.367515,9.006388
2.8903718,5.018789
6.09131,10.876245
10.27512,6.624409
8.630879,7.300644
7.2737865,6.45367
5.817111,5.484941
6.3044486,9.078775
2.1246538,3.385854
4.6051702,5.040394
8.132119,5.7260833
2.4364817,5.0399127
5.7917933,5.9328475
6.1984787,4.4406557
6.1136823,4.9227424
9.164191,8.784185
10.351438,8.741683
2.4680996,5.0363455
8.47094,9.556947
9.928278,4.3895254
6.1136823,5.414761
2.7725887,4.1340933
10.404324,7.3544955
5.1416636,7.838042
6.610696,7.5638227
5.32301,7.091447
3.1780539,4.941206
2.862201,4.1253033
5.0875964,7.504327
7.004882,5.7908516
8.259975,8.711922
3.8286414,6.1942334
2.3978953,4.979742
3.218876,4.710344
5.529429,6.1504154
5.9454207,7.2982454
3.295837,4.928986
4.882802,4.693205
6.295266,6.4774766
4.4308167,6.220768
6.8373327,6.1102705
3.3945084,4.5577736
3.218876,5.230692
6.814543,7.8823667
4.085976,5.0666223
9.148678,7.269512
6.1136823,4.023153
6.1136823,2.7709203
4.4426513,4.6873817
0.6931472,5.056054
6.1136823,4.077819
7.314553,6.6089683
6.1136823,4.708395
3.7841897,4.4590693
2.8903718,4.502825
7.99362,8.630577
6.1136823,4.6368084
10.240031,7.634038
10.518727,7.2397456
7.7297354,7.216515
9.367515,8.303777
3.4011974,4.2647505
3.1780539,3.1836636
7.145196,5.5178823
6.1136823,5.2226562
5.3565865,6.25083
3.988984,5.694134
3.6635616,2.973751
2.1690538,4.5890284
1.3350011,3.5880194
4.1271343,5.241861
0.6931472,6.867809
6.1136823,5.007211
9.582042,8.721306
10.518727,7.880412
6.2383246,7.4851522
2.2955604,5.656303
1.9459101,6.064373
9.392829,10.64625
5.6629605,6.7179346
4.304065,7.0744734
8.269244,7.369998
11.321317,6.9088225
6.1136823,5.0923643
3.8066626,4.484646
6.1136823,4.966442
4.1431346,6.031419
10.060576,6.67953
10.338576,9.486692
6.1136823,4.4157467
8.263332,7.8159947
10.021359,8.927071
2.7725887,4.5160494
12.712896,9.849588
1.9459101,4.6166916
8.881975,5.897675
7.4395595,5.4210005
7.824846,6.48382
3.871201,4.773079
10.950842,6.9351916
7.8555446,7.8538733
5.891644,3.5230618
6.1136823,4.433219
9.741086,8.512934
3.1780539,7.127987
4.317488,7.370289
6.1984787,3.524807
9.939991,8.28072
5.0238805,5.913127
6.1136823,4.351366
10.404324,6.5690207
6.1136823,4.242491
4.1108737,4.492136
10.4631605,6.192935
9.615939,8.952596
2.5176964,4.8612146
8.569786,8.506205
7.004882,10.850298
4.0943446,5.5314937
6.1136823,4.5053906
5.7300997,6.265883
6.331502,6.8582807
8.476788,7.0114136
7.224025,7.0979533
6.1136823,4.773099
2.7725887,3.6487927
8.208491,4.696759
6.1136823,4.0964775
4.406719,5.0192337
4.6151204,5.1720567
8.012418,5.4829807
5.3082676,6.3492994
3.5945687,3.9357634
7.004882,8.911882
9.8523,7.141736
9.320271,6.267029
10.586635,8.069189
8.232706,8.415035
7.697121,5.688672
7.3277807,8.566589
2.4336133,4.3115883
3.2771447,4.925621
5.818093,4.5198402
3.0445225,3.5624168
3.0910425,2.7426307
6.1136823,4.1421137
2.0668628,5.173319
1.410987,4.031258
7.4966526,7.330017
4.2341065,6.120845
5.4467373,6.405615
3.8649313,4.4093876
4.7095304,3.944263
4.65396,3.8549914
11.6082535,8.25962
2.944439,5.13811
5.7589016,8.411573
5.676754,5.4820366
8.343316,5.430189
6.1923623,5.203354
7.3134203,6.6335716
4.955827,6.168725
6.156979,6.2883086
6.156979,8.940666
6.1136823,4.4846334
6.150603,4.466479
2.0412204,4.802512
4.304065,6.5383863
6.1136823,5.1810417
6.1136823,4.1791296
3.0445225,6.228776
6.075346,4.783425
6.7719355,6.042109
10.27512,10.134251
9.998889,6.515424
3.6888795,6.1854277
4.7184987,6.1906753
9.798238,6.7004013
8.537388,6.255565
2.442347,4.9210596
4.7184987,6.48835
9.952373,6.2061625
2.2913353,4.46288
2.3978953,5.5243816
6.527958,6.7274065
3.7376697,4.81342
9.494165,6.2771015
6.1136823,5.5053234
7.091742,7.1042757
4.68675,5.6940207
8.875785,6.893958
7.4966526,5.278907
7.009409,4.6341476
9.299632,10.305309
6.1136823,5.18459
9.998889,6.7074842
5.5683446,5.5490856
6.1136823,6.074358
3.2580965,5.9750824
4.564348,3.319208
5.710427,7.7937937
5.2040067,7.189497
4.4963593,5.525504
6.8046145,6.9960766
3.912023,5.8152823
1.9459101,3.519199
6.1136823,4.6159506
5.2040067,5.3025265
6.1136823,4.773683
7.6362696,5.0356274
3.2878442,6.242694
6.1136823,61.146103
6.1136823,4.1642084
7.116394,7.416903
6.331502,4.3614235
7.842279,7.807417
4.5217886,5.7869406
8.357963,5.909849
8.039803,7.666289
6.1136823,4.3191433
2.4849067,3.5871751
6.295266,4.544285
9.055556,6.1020613
8.716372,6.376272
6.1136823,6.5784287
6.1136823,5.25363
4.574711,5.1262474
5.2040067,5.6644435
5.0875964,6.1178985
9.392829,6.586508
6.1136823,5.102724
2.4849067,4.647586
5.32301,4.602209
7.9017477,8.975969
8.098339,5.521162
5.8636312,5.233014
8.155362,8.122232
8.28099,4.213907
7.601902,7.4041386
6.0684257,5.9532757
6.4409466,6.16208
6.510258,7.135638
2.8903718,6.0881743
1.9459101,2.6387618
5.2040067,4.579641
4.882802,5.7230797
6.1136823,5.0402665
11.066669,9.807702
7.1716566,7.342309
8.650325,8.277162
1.2237754,4.463743
8.612867,5.707513
3.988984,4.6635194
5.164786,5.169747
10.030209,7.8886585
6.0684257,7.279524
1.5303947,5.5064607
7.5475016,7.648257
10.831746,7.9324236
7.049255,5.378418
3.2580965,7.4625626
8.269244,6.2081065
6.1136823,5.102087
6.1136823,4.151932
6.1136823,5.0004864
9.9476,9.84619
6.1136823,5.27837
6.889591,7.070826
3.465736,4.924972
5.918894,5.133643
10.509496,6.4029636
6.1136823,5.8307276
8.1022835,7.6161375
7.824846,8.310751
9.485848,6.618875
2.00148,4.863978
3.713572,5.286969
6.1136823,3.8943162
5.4306,5.5884457
6.09131,5.9543123
2.944439,7.048726
7.650645,6.7971506
7.534763,6.6778617
2.1972246,6.135746
2.3978953,2.7480035
6.1136823,4.802512
5.8636312,4.708067
4.7904043,4.928809
6.1136823,4.788186
5.2040067,5.411464
6.473891,4.6522856
6.1136823,4.051146
7.2730927,6.994054
1.7369512,5.4455967
7.3790083,5.913294
8.679992,6.089226
6.09131,7.0657845
9.0492325,8.10159
7.4395595,6.7796555
9.392829,8.328617
6.2245584,5.710828
3.0910425,4.5758686
9.376024,6.8115625
6.8480053,5.145796
7.852439,8.1116495
7.9017477,5.7842226
9.158253,6.806323
8.801988,5.7564826
5.2040067,3.5379694
6.7475867,5.8580256
2.0856721,4.3879213
5.9454207,5.50968
5.2574954,7.2652874
5.3565865,6.590725
8.216628,6.409993
8.189244,5.872634
7.2875605,6.6958623
6.1136823,4.9479103
6.899723,4.987016
8.31923,6.1325016
7.550661,6.0306234
10.859037,7.7892685
9.472858,9.058352
3.2619352,4.011724
9.546955,7.22252
5.3565865,8.343149
0.6931472,6.0760922
7.7151237,8.092511
7.697121,6.628588
2.383243,4.6356525
6.1136823,5.009502
6.1136823,6.244234
10.079581,6.680722
7.229839,6.446315
3.6109178,5.690238
7.938089,6.924179
6.313548,4.75183
1.3862944,7.552293
11.775305,7.895913
2.9957323,2.6645808
3.3945084,4.407396
6.5823984,4.9553347
9.644229,5.887656
7.695758,7.001777
4.908233,4.6608562
5.5683446,4.70629
3.465736,2.870239
4.675483,3.4486837
9.016998,8.819762
4.3382053,9.983379
9.243069,8.94807
1.7917595,3.6879566
6.1136823,7.5146084
4.27944,4.225008
6.1984787,7.4340324
6.0844994,7.3772297
1.5892352,4.0639296
2.1972246,5.2173195
6.7707896,6.482509
7.301148,6.6011295
1.2412132,5.99081
7.194437,6.457535
6.1136823,3.9800358
8.132119,5.8230743
6.8690143,5.581193
6.1136823,4.160142
9.741086,8.074755
7.3790083,7.261532
9.546955,11.303554
3.0445225,6.5186596
6.1136823,3.9854121
5.0238805,7.062874
4.9698133,5.97596
12.873907,8.865898
4.356709,5.5778413
5.8348107,4.6440973
5.7430034,5.6073365
9.105202,6.0711203
3.0445225,5.212207
4.449685,5.0147324
3.9908342,4.6313667
7.004882,6.8154283
9.741086,7.2734995
6.4952655,7.57998
4.882802,5.659856
2.4388628,4.0818186
11.463757,6.967632
6.1136823,5.9161997
9.772032,6.8874407
5.42495,4.5612917
4.4127984,4.691273
6.1136823,6.1153584
8.036573,8.116613
8.630879,7.940874
6.1136823,5.9064283
9.472858,7.6491365
7.870548,8.279943
2.6946273,4.0527024
5.854551,5.616674
3.465736,5.4401937
4.588024,5.7219048
4.7004805,4.740384
3.3286266,4.2711706
6.1136823,5.50836
5.529429,6.2961617
5.0369525,6.366084
9.615939,7.7055626
6.1136823,5.381071
2.6810215,4.688022
2.3795462,5.15571
4.7184987,7.363765
6.1136823,5.2637997
2.944439,7.0050364
6.1136823,5.009983
6.1136823,4.663966
8.612867,6.47124
6.1136823,5.1027155
4.962845,6.4157877
6.793466,6.8091116
6.9584484,7.892037
5.7203116,7.3176064
8.0900955,9.490417
1.1631508,4.7868185
5.0875964,5.5228806
4.5368915,4.443589
3.3672957,3.1544957
9.210541,6.5089602
9.613269,6.203221
8.412277,4.360202
10.404324,7.910592
8.117312,7.7104483
6.274762,7.594064
8.987447,6.952644
3.2771447,4.9914083
3.8286414,4.862435
8.363342,6.6388903
8.824972,6.86884
9.392829,5.9762735
4.454347,5.728394
4.8520303,5.7295914
11.178878,6.2919736
6.1136823,5.718154
8.129175,5.4706793
2.1860514,5.4836802
6.1136823,3.8655014
6.1136823,5.4130106
2.3025851,4.9436846
10.341807,7.04785
4.356709,7.7614555
4.6151204,5.7806845
6.461468,9.174366
4.3463993,4.2360053
4.4886365,6.295534
6.1984787,6.488832
2.8069901,3.1890364
7.541683,8.657931
7.4966526,7.6347284
6.1136823,5.8584375
7.009409,8.374336
7.4966526,7.5191565
12.985402,9.209993
7.256297,7.8462305
9.546955,7.474851
9.262174,6.320262
4.574711,5.303441
4.1271343,5.4221354
7.1716566,6.5767894
6.1136823,5.139013
7.245655,5.6928782
6.1136823,4.8869715
8.665958,4.3225274
6.0088134,3.8667085
7.4048877,5.912122
9.123584,8.340859
5.891644,4.7579017
8.360306,9.122845
10.766863,8.929937
2.6390574,3.1836147
7.9309254,6.885026
7.077498,6.08448
11.891376,7.9841843
1.2527629,4.9018183
6.1136823,4.236771
9.210541,11.129648
6.1136823,7.199024
3.1354942,5.0131288
4.5217886,5.306439
8.487929,4.6133995
8.853951,6.2012386
6.1136823,5.2226562
6.8648477,8.06967
4.2819266,4.2601757
9.699043,7.8802795
6.349139,5.7361474
7.140453,6.301504
2.501436,4.4093
11.417636,8.402723
3.8501475,5.7725763
2.501436,3.3710213
4.624973,5.6344414
6.8554087,6.202096
6.1136823,4.973227
6.1136823,4.4616194
6.493754,7.956663
8.630879,8.355362
4.084929,4.26009
7.1716566,6.1631937
5.156361,4.6528077
7.2276626,5.2638674
9.323848,7.942568
8.071531,7.617357
6.889591,8.573978
7.697121,7.975157
9.903587,6.968045
3.3322046,5.5631323
9.072916,8.260237
5.8348107,5.5533166
8.243282,6.194748
5.605802,4.9833937
6.1136823,4.304181
9.566755,6.284548
2.2433114,4.9618864
5.2040067,5.2075424
5.652489,4.5006356
8.764366,5.815036
5.710427,5.4577193
10.27512,8.513298
6.156979,6.48874
6.3578424,7.0749283
5.1474943,5.0831795
6.1136823,5.1393957
3.2386785,4.6028833
3.7376697,5.3964
8.6070795,8.385095
2.3978953,4.952099
9.488124,7.4342155
3.6109178,5.4066076
9.360225,6.9421988
3.1000922,4.1912107
9.836386,4.5093026
6.1136823,4.979333
5.2574954,7.10164
2.4561641,4.723583
10.1386385,8.972795
3.6216707,4.1396213
5.971262,4.722288
5.1474943,6.7094145
2.1972246,6.4267693
7.4512415,7.583598
2.3978953,5.0600038
3.6635616,4.462744
8.216628,7.732913
11.686895,4.962045
3.1354942,5.3586593
10.878085,9.416464
5.7430034,5.054912
5.2040067,8.339626
5.2257466,5.0201674
9.472858,7.114934
4.955827,3.9322715
6.809039,8.164684
4.804021,6.9038887
3.912023,5.0988426
3.0445225,4.615679
7.108244,8.908293
6.1136823,5.4144397
2.0794415,4.621542
8.434246,7.5843935
6.889591,5.3596582
3.4934726,4.95339
4.3438053,7.397424
4.189655,2.8913903
5.488938,4.2593336
7.1716566,5.5994954
1.5686159,4.6961374
5.2040067,6.5197268
9.419952,6.331748
5.2574954,4.6459417
6.9097533,8.67046
2.272126,5.315238
6.1136823,2.948022
6.1136823,4.1750507
2.1282318,4.72724
6.1136823,4.8869715
2.4159138,4.1238337
7.245655,7.315489
7.550661,7.42789
9.260843,6.396109
5.488938,6.66425
9.011767,5.492742
7.245655,5.350546
4.185099,4.8162394
13.554149,12.222873
4.0943446,5.608408
2.4379897,4.2780743
6.5957804,5.8240294
10.271667,8.056998
6.3405356,6.385579
6.8204856,5.1941586
3.2580965,4.134191
5.5683446,8.171119
3.124479,5.7656393
6.8731637,8.408316
12.3686,11.908457
6.1136823,2.9415574
5.616771,4.3348107
5.3565865,4.5365973
4.2195077,6.036726
4.560173,6.138625
9.615939,6.8292
7.2730927,7.890615
7.245655,9.341904
6.352629,4.959731
6.1136823,4.72724
6.1136823,4.1350145
6.1136823,4.5174837
6.493754,8.199482
4.1431346,3.5418594
7.9731555,6.585591
7.098376,6.9106994
9.472858,7.1287036
4.0892863,5.040353
7.32449,7.1792903
1.7263317,6.1812077
6.4167323,4.7127123
2.4932055,5.1782646
4.2738843,4.312343
9.305832,5.3241067
7.9755645,6.046896
4.406719,3.8369522
9.472858,7.951133
7.5294065,4.977762
7.695758,8.537274
4.7184987,6.0672865
3.465736,3.0762887
4.1604443,4.3149133
6.1136823,3.1411343
7.1244783,8.060235
6.81564,3.1874626
10.757945,5.960873
6.1136823,4.6783586
9.472858,7.5160737
3.440418,4.3349934
6.1136823,4.0004845
5.710427,5.1887846
3.637586,5.431018
6.1136823,4.5293007
5.641907,3.858128
5.996452,2.963132
7.824846,6.6627197
9.798238,7.4267807
9.000607,7.8733187
8.165079,5.4191275
5.2574954,5.712666
8.575839,5.5182366
1.6389967,4.062495
5.9558372,5.8297496
6.1136823,4.938061
6.1136823,4.1481295
3.4965076,7.982029
4.1743875,7.859658
6.1136823,5.221924
6.1136823,5.300889
6.582025,5.607903
7.666222,5.715255
4.0943446,5.2759957
6.4723463,6.4243755
6.1136823,6.0328813
1.6282498,4.4814277
6.1136823,4.859872
6.1136823,6.3612127
4.394449,4.209626
6.2576675,5.6373253
5.2574954,4.7427444
6.1136823,4.168976
5.2168903,7.933921
8.192442,7.8477383
9.305832,7.1543713
6.1136823,4.9524703
6.0176196,7.267795
6.1136823,3.7373106
5.8636312,4.7502613
8.786915,8.618977
7.004882,5.3613896
6.1136823,4.6495204
5.1474943,6.8390102
6.1136823,4.955431
6.7592554,5.993828
7.8640356,5.809976
4.7184987,6.041314
6.1136823,6.103194
4.6151204,6.2659082
6.1136823,3.705386
7.9718895,7.6189876
4.26268,4.6114454
6.1136823,4.9219933
4.7184987,4.7717094
4.564348,4.161989
6.1903152,4.5828133
7.421776,7.339261
2.417286,4.974495
10.335335,7.3555927
10.341807,8.355372
2.7080503,5.2218456
7.762596,8.691971
6.1136823,4.884948
9.615939,6.8219094
14.508658,25.985651
4.3201513,4.719906
6.768953,6.710552
6.1136823,5.376438
6.6359468,6.210309
3.637586,6.9771385
3.8632593,5.877186
8.16109,4.90018
4.934474,5.2441816
6.1136823,5.0261354
6.4488893,5.2098527
10.10651,8.32474
7.6103578,6.514705
2.3887627,4.639282
6.3664703,5.0345745
10.003559,8.089007
9.1476965,6.9214573
1.8050047,4.2796507
7.0012455,7.4386787
8.243282,5.1926384
6.570883,7.132506
6.1136823,5.865041
7.100027,8.265773
3.2580965,6.1169643
4.0073333,7.1739407
4.394449,6.0711503
7.245655,8.369658
3.912023,5.5761604
12.31941,7.770517
3.7612002,6.103627
6.1136823,4.7247276
6.1136823,6.4184136
5.170484,4.282756
6.1136823,3.923438
8.269244,5.1753454
5.676754,5.552111
6.1136823,3.6273217
7.601902,7.231845
3.6584203,5.819699
5.710427,7.1566606
12.083917,6.6957235
3.9512436,6.6266875
5.0369525,7.9825497
7.650645,6.46364
8.882114,5.040085
6.7357802,4.321633
5.0875964,4.531975
7.938089,6.883487
4.060443,4.8735785
6.1136823,4.143939
9.225426,7.83759
3.0910425,4.8797293
8.634442,5.6460466
4.5325994,6.9383235
7.36518,4.75957
5.2040067,5.261808
3.0621183,6.0225325
3.3068867,5.0272355
6.1136823,4.9347606
5.9454207,4.4886036
7.314553,6.276408
1.4816046,4.012598
6.1136823,8.274709
8.716372,10.1722145
11.396414,6.33614
2.9957323,5.2648363
9.781433,6.3194523
5.8348107,5.0911293
4.5325994,7.792319
7.538743,5.215191
4.158883,6.8834023
0.6931472,3.8038762
2.9957323,6.4175673
2.8903718,5.497446
8.039803,6.2866583
2.3915112,4.636433
7.9731555,5.6481113
4.5217886,5.1284227
7.506592,7.183667
6.1136823,3.9070678
2.9285235,4.3878827
9.457356,8.226546
5.488938,5.6966467
3.7208624,4.079048
5.3082676,5.4629707
6.1136823,9.644731
7.601902,5.1824408
11.751958,8.237564
8.497398,5.9272356
7.9116907,7.688421
1.1355053,5.9349427
9.101864,6.3089457
7.301148,7.0402412
5.370638,6.533657
7.5918617,8.186737
9.200492,6.8099513
8.16109,7.501553
6.1136823,4.559789
10.774413,6.3460665
5.82609,5.2011175
6.336826,4.330188
2.6390574,5.210357
4.5174313,4.561901
10.341807,6.991631
10.609107,8.328805
5.7768583,5.580282
2.0794415,6.436077
6.9097533,5.750809
2.1972246,4.4974318
9.545043,6.9427004
6.1136823,3.923438
9.105202,6.8566365
7.8995247,6.609605
6.1136823,4.9227424
6.1136823,5.9303045
6.9255953,6.0696535
7.245655,6.1846337
9.843313,6.6529307
10.891206,7.59466
11.248986,9.406214
5.996452,6.498038
5.7170277,5.7837477
5.996452,7.211546
5.0998664,6.299301
7.938089,5.789345
9.707716,5.6433773
5.2040067,5.422614
5.0875964,7.0779634
3.7841897,6.913046
6.7357802,4.8255863
2.2082744,5.1020293
7.004882,5.7159996
6.1136823,4.8653603
5.57973,3.8377752
2.8735647,4.1320834
4.204693,7.6725984
6.43294,6.0898237
8.343316,8.136857
7.1716566,10.286612
5.669881,5.853401
7.031741,6.6333327
9.024252,6.402034
6.1136823,5.648425
2.3025851,5.529338
10.434175,8.109169
6.1136823,4.9852
8.132119,7.992092
4.361824,4.7315674
5.1298985,6.2510176
3.583519,4.131199
10.698785,4.831974
4.7184987,3.568847
2.6100698,5.557685
5.2574954,5.0835104
6.331502,3.9216056
6.8710914,5.1132627
9.741086,7.881471
2.8033605,3.978929
4.8202815,4.6133623
6.1136823,5.2658825
6.1136823,4.948183
5.2040067,7.058134
7.601902,9.111958
1.9459101,6.8068495
6.09131,6.3925304
6.1136823,4.761709
2.8903718,4.677016
5.5333896,2.9548726
12.538974,9.5724125
4.3515673,3.8333228
9.027859,6.2529206
6.1136823,3.8249407
5.673323,4.8556514
12.449027,7.9980297
10.037581,25.554295
6.1136823,4.392719
6.1136823,4.76952
8.388451,8.7062435
7.1716566,6.387735
6.710523,8.211566
6.1136823,4.151932
6.1136823,4.143317
8.962135,11.033527
7.5475016,8.530471
4.543295,5.5028663
7.900266,6.580379
7.532624,6.9125414
4.882802,7.9985085
3.7727418,6.879903
5.1474943,2.9690511
8.854237,5.4935427
4.3820267,4.2058153
3.912023,5.696664
8.068403,6.5550823
6.906035,7.7553177
8.3551445,8.733565
2.8903718,4.2488136
4.6596584,5.714449
5.401325,4.8437805
7.1244783,8.257736
4.7184987,5.756895
4.1751647,4.7148895
11.0186615,11.854464
9.771213,26.363234
6.0450053,5.7090874
7.550661,5.810267
5.1474943,4.809034
1.4951488,7.0040054
7.650645,4.557363
6.1136823,4.368909
9.640563,8.412561
7.245655,6.616869
9.530973,7.068918
3.7841897,7.1130996
6.1136823,4.7913866
6.1136823,4.482232
6.582025,5.97769
5.676754,5.141591
10.222014,5.29555
11.621331,8.1789
5.8348107,4.5925975
2.9957323,2.7933722
6.1136823,3.7838192
6.5957804,5.6233735
9.663452,9.461901
9.11405,6.498867
5.2968163,4.9201126
10.162075,7.5450425
6.1136823,4.4936466
2.4849067,4.7831635
4.264087,4.7462626
6.4800444,5.304386
5.9454207,6.142542
3.0910425,4.930212
4.828314,5.0691957
6.1136823,7.199024
5.2574954,7.617305
1.8718022,4.39075
5.7745514,3.9323363
2.3418057,4.246789
11.964014,8.393643
7.7297354,8.544838
4.8598123,4.5967436
2.0794415,3.4572206
7.3926477,5.4962482
7.219642,7.21336
6.0684257,5.3421063
4.1271343,4.123512
5.379897,8.181198
3.0007198,4.9021177
6.1136823,5.2112575
8.776784,4.7139287
6.1136823,5.0799556
9.758577,8.840377
6.9097533,7.2731104
6.1136823,4.7559557
6.1136823,4.993219
6.1136823,4.5930715
7.697121,7.002062
4.7791233,6.355661
3.0445225,3.9906235
4.882802,7.2294636
5.820083,8.589407
6.1136823,7.66389
4.5849676,5.124861
5.2040067,8.4529915
3.0910425,3.1374924
6.1136823,4.0431056
3.4011974,4.6487226
6.2576675,7.0214634
6.1136823,4.979454
1.6954215,4.967478
6.1136823,5.1518483
6.698268,7.5562687
4.624973,7.8660784
6.6995006,6.3908243
3.295837,5.257174
4.248495,4.5254583
6.1136823,9.563603
4.624973,5.301832
5.641907,5.03349
4.955827,6.2957077
6.1136823,4.2095
7.2950563,6.6093955
9.305832,5.6531854
5.6795697,6.8286476
6.1136823,4.6148233
6.1136823,5.307591
6.498689,4.896783
2.501436,4.3536572
5.3082676,5.059958
3.9702919,5.6550193
3.6096683,7.1315947
3.4339871,5.15545
6.135565,2.986701
5.971262,6.1207757
3.7841897,3.0643518
3.4339871,6.288312
5.488938,5.422854
7.9487386,7.862981
4.276666,5.639761
2.3025851,4.342579
7.945201,8.84233
6.8373327,5.92297
6.1136823,5.210673
8.537388,10.165785
6.1136823,5.2524266
10.137531,8.319955
9.392829,5.89705
4.304065,6.3182554
6.889591,7.144867
6.338594,8.841473
3.7819142,3.9492536
6.1136823,5.450144
2.3025851,4.754835
5.641907,6.133535
7.074963,6.4584923
6.1136823,5.2118425
7.8690195,6.2967787
8.068403,3.9825897
2.4849067,3.5599754
4.7184987,6.8223486
4.7184987,4.520612
8.920256,8.068649
4.454347,7.117404
7.4395595,8.048752
7.314553,7.449298
6.1136823,4.1024437
6.464588,6.9915304
4.7123566,5.5517015
4.882802,6.478587
4.7184987,5.983912
6.1136823,4.9950705
7.7106533,8.195838
3.3322046,6.818736
7.601902,8.990524
3.3672957,5.19242
8.790573,6.3988495
6.1136823,5.3089647
3.4843123,4.6697984
6.9097533,8.983742
6.331502,6.9315686
4.158883,5.636204
11.164814,8.5026
4.1789923,4.56462
10.8198185,7.301879
9.615939,7.170742
3.7841897,4.7518797
8.539346,5.919462
12.577643,11.529253
1.9906923,5.916113
3.4965076,6.0330443
6.1136823,4.400359
7.066467,6.767897
5.605802,6.82687
5.1817837,6.1596518
6.025866,7.30174
3.5174978,4.554969
7.570443,6.2240467
9.554072,9.291
4.543295,6.1241784
5.4026775,5.8450794
6.1136823,4.9405823
2.1972246,4.4762793
6.853299,5.7269597
6.6554403,6.098608
7.3979106,3.9401102
6.1136823,3.9635162
6.1136823,5.539748
6.489205,5.656723
6.1136823,4.9989123
3.487375,3.3158312
7.89804,7.076986
7.1623974,7.1778083
4.687671,5.260729
6.1136823,4.7497206
2.4849067,4.481017
5.710427,5.821398
4.2195077,7.143972
6.1136823,4.4867144
6.6227365,8.343826
6.322565,5.718415
3.1525474,5.919421
6.1136823,6.2999296
7.7587605,8.00353
7.8640356,5.7841425
6.1136823,3.7459788
9.980541,6.08658
4.495355,5.293314
8.007034,5.9149485
6.177944,5.6314435
6.4002576,3.9122841
1.8870697,3.8744535
9.751966,7.783227
10.601672,8.712471
2.8332133,4.455598
1.6505798,7.244652
3.6189933,4.552392
6.43294,5.9380927
4.1743875,4.6790905
6.129355,5.2022114
4.955827,6.0949473
10.69199,11.896957
3.6888795,7.080908
7.784057,5.778936
10.29482,7.8258266
7.793999,7.6522474
6.1136823,4.149821
2.8903718,4.236771
6.1136823,4.779415
2.00148,4.551011
6.6198473,5.217629
5.805135,5.1262565
6.0210233,4.3755903
1.1568351,5.973974
6.921658,5.9453926
7.3975616,4.5238295
12.989979,9.982846
5.0875964,6.29044
6.1136823,6.841926
8.243282,6.741291
4.350278,4.804574
2.9601052,4.3165507
9.105202,9.603659
7.245655,10.261902
12.180765,9.3951845
3.0445225,4.656598
6.568078,3.9009302
8.839711,8.421576
5.605802,3.96883
7.550661,6.550866
6.3261495,8.980331
8.9998665,9.930344
4.5434504,4.991646
9.019422,7.645586
4.394449,8.280899
8.731659,5.701504
6.1136823,4.0030856
6.1136823,3.1803045
2.0794415,7.1261244
6.1136823,4.1755395
3.6109178,5.4244266
8.489205,8.496819
7.846199,7.8247685
5.0238805,7.7653794
5.598422,5.9689274
9.615939,7.056775
3.9318256,5.8017015
9.296885,6.446268
4.317488,5.8786564
7.1639466,8.517551
6.295266,6.8770885
5.2040067,5.4261036
6.1136823,4.736696
4.804021,4.4296017
5.8348107,6.5386505
4.591071,8.077348
6.4952655,4.571736
3.0910425,7.870754
7.4966526,8.103123
2.3025851,5.520509
4.1108737,4.4923725
7.796469,8.382063
5.8636312,7.3644314
4.59512,7.6558456
8.039803,5.9145355
6.1136823,5.3620467
8.399905,5.553545
6.2576675,8.62797
4.564348,6.4333277
10.951017,7.764536
6.1136823,5.786483
11.736085,8.15398
10.596684,7.5257883
6.7707896,5.546423
8.65382,6.934778
8.12208,8.487969
1.9974177,4.8701715
6.1136823,5.7107897
9.461685,7.2102633
6.464588,7.174554
2.4849067,3.9968338
4.1092334,4.4762545
8.476788,6.455517
3.637586,7.117085
8.007034,7.393792
5.5232286,5.531217
11.320578,8.222956
6.1136823,5.217898
7.965893,7.188196
6.548031,7.092288
7.091742,5.1829653
5.048573,5.8826046
10.86479,6.011673
7.4966526,4.5972533
10.031089,6.6781683
6.135565,6.5756397
3.2148678,4.4566865
7.353722,5.809334
7.3790083,4.6455455
4.304065,5.762535
6.0684257,5.0437045
2.4849067,7.6220064
5.7656703,5.781908
5.529429,5.6776633
5.659482,5.168612
4.2904596,5.100558
9.056256,5.017971
9.847023,8.736178
0.6931472,4.9978476
6.7357802,5.7622604
6.1202974,8.509249
4.0073333,5.342538
3.914021,3.9737449
9.143239,9.355867
2.6983893,6.116023
7.037028,8.532213
6.1136823,4.702138
10.126711,6.706045
6.1136823,5.0405903
7.091742,7.0097466
4.276666,4.5359683
5.7745514,6.2614946
7.377119,7.874855
2.8332133,4.6156588
8.420021,7.84063
5.805135,7.4942636
10.839621,5.6023026
5.1474943,7.792876
9.313799,7.636585
6.1136823,4.273841
7.7630215,7.343163
5.5093884,6.8642707
4.543295,6.8995924
7.98344,8.563757
6.1136823,5.2820454
7.0118303,6.83642
9.472858,9.128101
6.1136823,5.1594877
6.1136823,4.1650057
8.434246,5.8362145
7.314553,4.721674
4.2341065,7.1678815
8.563886,5.923497
5.0875964,6.6667604
2.3978953,3.000298
8.909506,5.497945
10.69199,8.082526
6.9902563,5.9022274
9.615939,5.566661
4.4188404,5.4165
7.6088705,6.030308
4.882802,4.3174896
6.1136823,3.3024528
6.1136823,4.172752
6.2576675,5.2986593
9.127176,7.274412
8.72024,8.561056
6.9097533,5.8917713
7.784057,5.986535
10.085893,6.944023
6.4785094,4.9386263
11.669947,7.536044
4.317488,4.8944197
6.1136823,3.9217486
7.784057,8.161762
5.3565865,6.6710362
6.1136823,4.1208444
7.314553,11.211382
9.472858,8.283215
7.702556,6.487177
6.0210233,6.8273396
10.80499,9.236016
8.240121,8.543692
6.1136823,5.1027155
1.3350011,3.265747
9.210541,4.7038164
5.8636312,5.6838536
8.007034,7.0978293
6.1136823,5.4265113
9.664389,5.7017856
1.8718022,5.083791
6.1136823,4.854556
7.7799687,6.2740774
4.624973,4.6614203
0.6931472,6.0250545
3.1354942,6.0439186
7.1043086,5.620879
6.7707896,5.93244
5.5947113,8.47402
7.5236306,5.723917
7.550661,4.420271
7.9017477,6.1689167
8.634533,5.6316013
9.12151,6.175134
2.7788193,4.6864133
4.25703,5.369335
2.338917,4.1952724
4.6634393,3.8569038
6.2383246,6.3062735
6.9865665,7.8625255
8.472614,7.6513505
7.393263,5.7313137
6.1136823,4.7724886
1.8245493,4.1172934
5.433722,7.3084188
10.043337,5.5824976
11.332746,9.69511
8.699848,6.2196455
9.339788,6.269134
8.132119,6.5694833
3.9908342,4.516176
5.605802,6.7857184
2.7146947,5.3551683
5.3442464,4.8909883
8.300032,8.755373
6.57543,5.639197
6.1136823,4.788515
3.4965076,4.3862696
9.952373,8.886439
7.3790083,8.489296
8.984944,7.0882716
3.2580965,6.7753205
6.4800444,4.0267453
3.5263605,7.9403267
6.899723,2.9171236
8.039803,5.678102
6.4769726,8.849012
10.778998,11.934376
6.1136823,5.158071
5.710427,6.045353
2.3978953,3.3720093
6.1136823,4.649135
5.9427996,7.23022
6.1136823,5.341879
5.7430034,7.266742
6.1136823,5.274494
4.0430512,6.5618925
4.2195077,6.2983828
7.650645,6.092725
6.1136823,3.2770882
5.3565865,7.413821
6.565204,5.259981
6.1136823,4.0732546
7.399302,5.212955
6.1136823,6.7907887
8.909506,6.5792584
9.287487,9.351234
8.29829,7.6684875
4.339902,4.870795
4.804021,5.7437983
4.7184987,4.8831863
6.5539336,3.5597966
7.697121,6.298847
2.5649493,6.537771
4.882802,6.7868814
2.3025851,2.5511699
10.656333,7.5059543
6.1136823,5.242934
8.265136,5.560781
6.1136823,4.423745
10.017575,8.901725
7.1276937,6.3513412
4.356709,6.0884132
4.406719,6.8162956
5.081404,8.344866
3.637586,5.796328
5.488938,6.201885
6.729761,6.3283076
5.1474943,4.8267646
7.1716566,6.432541
2.7080503,7.1659856
5.3565865,8.298138
7.624619,8.531532
6.0210233,4.440772
6.1136823,3.422112
7.9487386,7.829638
2.0794415,6.299943
7.2943773,7.0062876
4.284965,4.8757915
7.6604443,5.553966
7.860185,7.616248
3.4011974,6.6572256
9.998889,7.4656234
7.507818,5.232089
9.741086,7.1609063
2.2399633,5.0816145
5.971262,5.2866626
6.4921193,5.8063803
3.4719665,5.772001
7.342779,6.8890915
3.6813512,4.1385784
4.465908,3.7663815
8.055793,7.6769943
3.6402142,3.6426005
5.605802,5.3650446
7.58883,7.849904
6.4216223,5.88338
7.50769,9.307378
6.1136823,5.1027155
3.3322046,5.843908
8.558227,8.38135
7.2363396,4.622777
6.156979,7.7949944
4.882802,6.533333
6.1136823,4.582609
5.8607864,5.368433
5.2574954,5.944897
8.366836,6.0388556
6.1136823,4.376766
13.075276,9.442423
7.8228154,5.627273
3.0349529,6.042701
6.1136823,3.662349
9.472858,5.6930695
6.1136823,4.157439
8.679652,8.800025
7.270313,4.61033
7.004882,5.365043
7.1623974,7.17541
7.9731555,5.88747
6.1136823,7.33113
4.8202815,6.1151385
3.1354942,7.791825
6.1136823,5.489511
9.200492,5.959157
4.470495,5.996335
6.7238326,6.210969
9.465913,5.4170384
5.4467373,3.8579142
8.434246,6.1969776
5.5122185,5.3947115
6.9950333,4.3408594
6.1136823,4.351366
1.1631508,3.4310536
5.0238805,6.4969974
6.4488893,3.475812
6.1136823,5.1393957
6.1136823,4.4693475
6.1136823,7.199024
7.509883,6.2925982
5.710427,4.104882
2.1162555,3.7856565
4.406719,5.3966913
10.799617,6.934557
7.463937,7.6765842
8.748622,5.263481
9.903587,4.641059
7.4966526,5.057576
3.637586,6.674632
5.2040067,4.43095
3.583519,5.1221604
7.1716566,5.819298
6.379528,7.653701
4.465908,8.458503
6.5539336,7.0684714
2.3025851,5.2259808
9.009814,9.306559
5.7745514,6.4218454
5.9427996,6.533593
7.784057,6.118417
8.111328,12.399675
2.7146947,4.9001193
7.4389715,6.174813
5.9454207,6.6030173
10.645473,8.131007
8.164692,5.230133
3.0905879,4.384719
2.9957323,5.6800766
5.918894,5.4915447
2.4344902,4.704421
8.096209,7.1079454
3.0910425,4.7790375
4.574711,3.814852
4.8598123,5.8758307
8.132119,7.9055886
6.1136823,4.962467
6.1136823,4.7414207
3.6913764,5.808916
3.218876,4.8778324
3.713572,3.7142296
7.360104,6.696353
4.7184987,2.7554731
6.0185933,6.810619
6.1136823,4.9807315
3.6109178,7.5721154
9.449514,5.5869017
3.5553482,4.0335255
6.1136823,5.944114
3.0910425,5.019476
10.714462,7.264673
6.4167323,6.2353907
10.085893,6.0302057
8.108322,8.001506
9.392829,6.119426
9.69289,8.436139
8.137457,8.765339
6.793466,4.80484
6.1136823,4.7591295
5.273,8.516825
8.537388,6.470219
7.5868034,7.896743
6.1136823,4.886078
7.083388,7.922371
8.9861965,5.5493813
7.939159,8.557915
4.0253515,5.7076674
3.583519,6.700735
9.798238,7.214259
7.7415338,7.1285763
2.4849067,4.3655515
7.004882,5.4105053
6.1136823,5.1518483
3.7745984,4.2545967
6.1136823,5.331975
11.695264,7.4516807
6.1136823,4.3437405
4.543295,6.4412203
6.1136823,6.0328813
7.4133873,5.2514515
3.7376697,4.122376
6.1136823,5.051011
8.901366,6.4262533
1.9459101,4.972953
4.9698133,5.979104
2.7725887,3.0704713
5.0238805,5.3984666
6.095828,5.1916337
6.1136823,4.822595
7.550661,10.275936
6.1136823,4.88187
4.7184987,4.4358683
6.6745615,5.4137383
6.1136823,4.9405823
9.680469,4.5236254
6.156979,4.8131857
2.4849067,5.1639137
9.868068,6.137516
4.3820267,4.3393135
7.597898,8.979979
6.1136823,3.7314935
8.91355,8.018312
5.0369525,6.347166
9.952373,7.590245
6.879356,7.17468
7.697121,5.5240397
8.779865,5.9024
6.1136823,6.3369207
9.472858,5.9071403
5.918894,5.3406315
6.313548,6.787338
8.839566,7.624213
11.951193,8.527712
8.326517,4.8738246
7.463937,7.6513686
8.691986,7.22083
3.912023,6.2982936
6.8426833,5.755806
4.1431346,3.968493
5.9687076,5.968217
10.219868,7.1143713
2.1282318,3.037075
5.463832,7.851137
1.8405496,4.140381
4.7184987,6.311111
6.6554403,6.240833
8.2511425,8.129701
3.9908342,4.392293
6.1136823,4.946847
7.231287,5.8351216
6.1136823,6.6116924
3.4843123,5.0800123
10.085893,5.913688
5.0369525,7.305721
10.714462,7.728683
8.1022835,6.575067
6.1136823,3.0411415
6.1984787,6.9943714
9.546955,6.42513
2.3978953,4.6156273
6.0354815,8.970928
4.0253515,7.4691467
6.1136823,3.685793
4.406719,5.328827
7.560601,7.849542
3.4339871,7.9681416
8.476788,6.618205
2.8673306,3.189043
1.9459101,4.2812586
8.697346,7.8573484
6.177944,5.551164
6.1136823,4.2180867
8.083945,8.424911
5.030438,5.3085017
6.1136823,4.020437
6.1136823,4.2812586
9.195836,9.507338
7.550661,6.177499
5.1474943,4.9703484
3.4242628,4.5532703
8.132119,7.949129
2.0794415,4.0027766
4.955827,5.787326
6.1136823,2.3298569
5.5645204,5.547823
10.043337,8.378538
5.840351,4.8858232
8.987447,6.2901487
5.8636312,6.422002
4.1626263,6.085169
2.3025851,3.3643832
3.7612002,3.8515108
5.488938,5.460846
2.261763,5.64744
7.678789,14.693507
5.0875964,5.651311
6.1136823,4.064667
2.6390574,8.377153
5.926926,7.593176
3.8220983,3.6294398
3.8066626,5.9918704
9.903587,8.786502
10.1386385,8.899931
4.477337,3.5543945
6.1136823,5.009983
7.004882,6.346159
7.542571,8.22864
9.546955,7.4476333
8.824972,6.059494
3.3672957,7.16137
5.7430034,6.8878098
9.313799,7.7295666
9.561138,8.473383
6.1136823,4.115714
3.465736,5.241506
1.3083328,3.786535
10.669002,8.594629
3.5553482,4.174535
1.9459101,5.976703
6.1136823,5.749532
4.3694477,4.4895635
6.450333,8.746914
9.539788,4.910447
5.597199,4.5194893
2.5649493,5.3208256
5.950545,5.2015257
4.158883,5.463996
7.697121,4.878379
6.899723,6.5910215
0.6931472,5.967064
6.1136823,4.8213787
4.7184987,6.8010507
7.083388,6.910649
5.8545275,8.492037
9.277924,9.16476
6.1136823,4.838089
5.056246,3.9600444
6.1136823,4.0431056
4.6728287,5.5530767
2.0794415,6.401333
1.7917595,4.0036597
3.8458831,6.11979
7.0970464,9.222211
8.418698,6.1831913
3.9335835,6.045045
4.804021,4.996489
6.1136823,5.406259
11.672899,9.753869
8.399873,5.1524935
6.4002576,4.999738
7.3790083,7.5171914
3.6558397,3.773059
7.467371,5.852099
4.0253515,7.0960407
6.6871085,5.4219613
4.7184987,4.7997785
6.8690143,6.8724246
5.069533,4.6971436
8.114325,6.8066034
5.3082676,4.794323
9.814766,5.6328154
12.170456,7.6205754
6.1136823,5.1884723
6.2802086,6.560655
8.044901,5.919796
6.1136823,5.4981804
6.2383246,6.457039
6.1136823,5.924441
3.988984,6.0630503
5.996452,7.027046
10.203667,6.543479
5.0875964,7.588087
6.1984787,5.7264533
8.630879,5.594748
7.3518,7.431404
5.187386,4.7250457
4.248495,6.3826904
8.852049,6.7817044
4.406719,2.0776663
7.793999,7.895905
3.6163087,4.2126613
5.488938,3.881115
6.0210233,6.0998015
9.656755,9.401832
6.6093493,9.957064
8.824972,4.926824
7.4395595,9.580656
8.866117,5.9551306
1.704748,5.0032835
8.219326,8.056107
6.1136823,5.795885
3.08191,3.1553104
10.518727,7.303925
1.6134299,3.880927
8.819074,8.258293
9.126198,8.993599
5.46806,4.0737514
5.7745514,5.9935207
3.910021,4.5563564
9.680469,10.84941
3.583519,4.3976526
2.360854,4.94979
6.1136823,3.9421053
0.6931472,5.9733677
7.531873,5.2554626
9.495669,6.9318457
3.8897774,6.8747106
7.586296,6.8763103
3.3672957,2.9304285
6.899723,6.3184996
10.632899,15.849346
2.9069011,5.591893
6.1136823,5.045325
8.022569,5.13853
6.1136823,4.115714
4.6756287,4.77946
3.8938591,5.118881
4.772352,5.9471054
6.1136823,3.6498694
6.1246834,6.5361834
10.165929,8.94487
2.3978953,3.6241138
2.406945,4.835683
8.31923,7.274748
2.4449522,4.7015653
6.1136823,4.9439926
7.245655,6.2348037
6.1136823,5.051949
7.697121,7.1280775
5.9454207,5.7826343
6.2383246,7.266589
10.077945,6.6810327
7.3733745,8.131112
7.5849814,6.695588
6.4800444,6.4835806
9.615939,4.940584
11.192334,8.699009
6.177944,6.4078283
9.392829,7.6201653
10.468858,7.980318
3.8945782,4.979704
2.4849067,4.7872057
6.1136823,4.4320164
5.641907,6.6643157
2.3978953,6.065715
6.1136823,5.264592
6.1136823,4.368909
2.00148,3.028204
5.9454207,7.8702164
4.9416423,4.9574575
2.4318573,4.2964244
3.0106208,4.493246
2.372111,5.488248
5.3565865,6.602351
6.1136823,5.24975
4.6728954,5.082507
2.6878474,4.2118645
9.602517,8.913321
7.091742,6.008365
2.944439,4.2073927
4.5217886,6.045447
5.3082676,4.936076
6.793466,8.344858
7.7561955,6.9138517
3.2580965,4.9119434
9.169726,8.870292
3.637586,4.5798473
1.5260563,5.2389126
4.6821313,7.0870495
2.831784,7.2682524
2.442347,4.848965
5.811141,6.922522
3.295837,3.9456224
8.468423,6.004308
7.2477927,8.392733
8.732627,6.4739065
10.778998,5.3883862
9.392829,6.0698214
4.804021,6.528985
6.1136823,5.1095448
10.322264,8.684033
6.8169684,6.394456
5.5683446,5.704575
7.601902,5.8280663
7.9731555,7.865612
3.2580965,4.291738
6.5250297,6.023158
9.710327,7.9094872
2.4849067,4.9012947
7.3790083,6.1773233
1.3837912,5.238909
8.962135,5.9037647
7.1716566,5.8700714
5.996452,7.1886578
7.080868,5.7700644
5.641907,6.41726
10.341807,8.848678
6.4800444,4.92113
3.314186,4.6885195
6.1136823,5.114219
3.8501475,7.9523926
5.238338,6.7504406
2.1162555,4.9124317
8.664233,9.351731
4.6051702,4.6346197
1.7656548,4.9744473
6.177944,8.102812
6.7214255,6.9096355
1.8405496,5.656287
9.546955,7.329423
3.6558397,4.357439
6.1136823,3.7717288
7.825645,6.7303057
4.6337576,5.6939797
9.240093,6.4410496
4.5496573,4.8561587
11.775305,7.906951
6.1136823,3.9358835
7.550661,10.653738
8.434246,5.8987103
7.415777,8.382177
5.676754,6.490387
5.7745514,6.0553184
5.0369525,7.3100424
9.615939,10.881247
6.1984787,3.7214422
6.1136823,6.090946
3.6635616,4.755249
6.6883545,4.6197367
6.539586,6.665636
8.094073,7.0072527
6.2595816,8.937647
5.8348107,6.2091627
6.6795993,5.789953
8.648572,7.9724884
5.641907,6.6026917
5.641907,6.8967257
9.680469,7.407089
5.7430034,5.0335984
5.710427,6.657067
8.476788,6.3403788
3.5553482,6.074026
9.803778,7.203358
6.1136823,4.622386
3.795489,4.6392326
6.1136823,5.24931
11.877583,6.9815435
6.1136823,5.5948334
6.1136823,4.4983363
10.831746,8.436287
8.191463,5.9344015
6.7117405,4.861001
10.974162,20.556398
8.980676,5.905091
10.434175,8.9167385
6.1136823,5.69561
6.1136823,5.0216208
3.1280754,5.159159
6.6227365,7.5584717
8.1022835,4.2726293
6.1136823,5.4264135
7.697121,6.192109
3.2308044,4.0877905
8.240343,4.6070237
4.5849676,4.0560946
7.4395595,7.6344056
2.7725887,4.9446564
5.786897,5.8321943
8.392083,7.4953585
6.1136823,4.3865967
9.952373,7.014632
8.929567,8.438058
4.101741,7.0625525
6.1136823,4.9986086
6.1136823,4.915831
5.1474943,5.0330925
2.465554,4.322737
10.341807,8.776311
2.7972813,4.4832478
8.455743,8.010003
6.568078,3.5127578
8.105308,8.147485
4.4426513,5.547446
6.899723,5.154384
6.1136823,5.5185127
5.3565865,5.3378563
6.5750756,8.65476
6.1136823,4.223717
8.648572,4.7989216
7.091742,5.053256
10.671325,7.9822464
8.476788,6.196906
6.36855,7.133654
1.609438,6.7430353
4.3438053,5.184252
6.660575,5.54874
3.346389,4.0354667
11.369079,7.5669594
2.1972246,5.745906
6.7475867,7.8184466
6.0450053,6.4827156
6.1136823,5.0179806
4.338858,9.40701
6.2383246,6.674549
6.09131,4.723405
10.909656,5.0213976
4.317488,2.8510094
6.1136823,3.5139604
4.804021,5.860259
6.2766433,5.684883
8.882114,5.185419
5.676754,6.0273533
6.1136823,5.0038853
6.251904,4.96336
8.450198,5.3892746
2.3025851,4.884948
6.1136823,4.1750507
3.583519,6.120687
4.304065,5.674238
2.1459312,4.0703816
4.1431346,5.878606
8.16109,6.3674574
10.896776,9.220055
11.695264,9.203954
9.151863,6.310625
5.0875964,6.045391
1.609438,5.3410907
9.384461,4.6540604
4.955827,5.311759
6.1136823,4.6768293
7.550661,5.367008
