Actual,PyTorch_Predicted
6.2766434893416445,5.9970713
6.113682179832232,5.236161
6.124683390894205,5.9851418
4.882801922586371,4.7133193
8.797948354937416,8.620545
4.186619838331271,4.4069195
6.113682179832232,4.7887053
5.488937726156687,5.286571
5.0238805208462765,4.7081475
4.875197323201151,4.008755
7.349873704738337,7.3739347
5.204006687076795,3.8949869
4.532599493153256,4.210183
11.46899447586426,9.736295
8.830250570199247,8.3949
4.142951995946158,4.604515
8.444622498581403,8.275715
4.204692619390966,4.5075307
6.113682179832232,5.7626743
7.31455283232408,7.143902
3.258096538021482,4.45412
7.6787889981991535,7.938844
6.113682179832232,4.8472137
5.44673737166631,5.14736
4.955827057601261,4.2023015
7.566311014772463,7.405596
3.258096538021482,4.152577
7.898039690764619,7.4972
3.933263673001215,1.7497275
6.113682179832232,4.742299
5.834810737062605,5.646656
6.448889394146858,6.5104823
4.5217885770490405,4.899845
7.245655067594535,7.148465
6.113682179832232,5.9673667
4.04305126783455,3.9249818
5.916202062607435,5.7207975
6.113682179832232,5.968032
6.113682179832232,4.545989
6.113682179832232,4.748001
2.917770732084279,4.5085273
7.149131598557407,7.1212263
6.113682179832232,4.796277
9.79823814181703,9.080835
2.4849066497880004,2.086284
10.34180699751524,9.226681
2.58820875799096,1.4679503
6.113682179832232,5.2545667
6.1779441140506,5.929681
5.700443573390687,5.499189
6.884486652042782,5.9149523
2.6390573296152584,4.393664
8.455743229100015,8.332061
0.6931471805599453,1.5110042
9.504873919377063,8.977659
7.31455283232408,7.2960825
2.4849066497880004,4.230774
6.86484777797086,6.7247357
10.79961639258633,9.384543
7.934513463882263,7.7979403
8.243282523048375,8.23402
5.537334267018537,5.4110317
4.31748811353631,4.9865603
3.4657359027997265,4.5971627
3.9889840465642745,3.287086
9.181120554290926,8.942664
3.7612001156935615,3.2003694
8.317033476492403,8.15856
8.016977746762262,7.862154
6.723832440821209,6.633875
6.113682179832232,4.8011613
7.901747518520144,7.831977
8.187855443695623,7.6278596
8.102283624480073,7.960405
9.68046899341007,8.982096
10.24003121517787,9.252308
8.434246270595311,8.31477
6.218600119691729,5.7974806
8.57583938684897,8.20381
2.2607208888953467,4.0198345
2.995732273553991,4.217605
9.409355151711798,8.984796
6.113682179832232,4.1665397
2.079441541679836,2.86969
8.412277021466677,8.278994
5.971261839790462,5.56628
5.081404364984463,4.576884
0.6931471805599453,2.5414205
5.0238805208462765,4.625809
2.079441541679836,1.8831053
9.615938804529582,8.937657
6.113682179832232,4.7758102
6.113682179832232,4.313936
7.171656822768514,4.6057863
4.0943445622221,5.5164857
8.718849392907325,8.398464
4.804021044733257,4.740482
8.474703139795285,8.315342
8.982435503560263,8.709304
2.815408719422709,1.3526952
9.770070439095775,9.085889
4.501502267296758,5.267686
3.4339872044851463,3.0553937
6.113682179832232,5.62893
2.302585092994046,-0.05890608
10.571368205848186,9.314734
5.0238805208462765,5.1536207
8.216628493133443,7.73728
6.3835066348840055,5.9296055
7.86119079948352,7.7160597
4.580877493419047,4.57074
6.113682179832232,5.993355
6.113682179832232,4.8177886
6.648984550024776,6.4070683
7.266827347520591,6.9546013
8.503499864284235,8.325191
9.931686206894806,9.138791
3.346929616406618,1.4950745
4.634728988229636,4.111843
10.36860426020847,9.296578
3.634951112088381,4.333009
8.189244525735901,7.8552403
5.529429087511423,5.340373
3.4657359027997265,3.9711268
7.762596048540069,7.5815806
7.59270801532726,7.535804
6.113682179832232,6.266758
2.772588722239781,1.1972471
7.116394144093465,6.5289207
7.25063551189868,6.849407
4.605170185988092,4.5318274
11.72805297348936,10.083784
2.302585092994046,4.745647
4.356708826689592,4.738242
12.570722703538417,11.287657
5.0238805208462765,4.6045203
6.75343791859778,7.533002
3.8501476017100575,4.0530643
11.373686385878235,9.82002
4.61512051684126,4.301536
2.5649493574615367,4.800233
6.113682179832232,4.472597
5.8522024797744745,6.0564938
4.51085950651685,3.75336
9.615938804529582,9.100221
8.789050713521046,8.4702015
7.43955930913332,7.1545916
4.07753744390572,4.344362
10.695801104590572,9.465842
10.8474323611921,9.639216
6.113682179832232,4.6579533
3.186352633162641,4.188164
7.938088726896952,7.879443
5.236441962829949,4.5792665
6.77078942390898,5.485389
7.709756864454165,7.538044
7.004881989712859,6.81096
7.984462732262196,7.867878
4.110873864173311,4.535782
4.060443010546419,4.6190147
10.872408684473482,9.562015
6.113682179832232,4.7412515
5.308267697401205,5.42653
4.127134385045092,4.8946133
2.772588722239781,5.220546
9.165552189186048,8.840918
6.240275845170769,6.0212297
4.624972813284271,4.7110796
6.113682179832232,5.347846
2.6390573296152584,4.1579385
6.747586526829315,6.049549
7.917033603418922,7.7096176
9.05392045270488,7.056883
3.713572066704308,3.9543476
5.726847747587197,6.250596
6.113682179832232,4.138772
5.71042701737487,5.5014725
3.8918202981106265,4.183385
8.39366870513074,8.226558
6.805722553416985,6.8269405
8.665957964681349,8.581704
8.810161268297255,8.610427
9.852299515766695,9.035182
2.19722457733622,3.4889498
9.305832353435404,8.868896
4.290459441148391,4.2611
5.529429087511423,5.1426725
5.365976015021851,5.414591
6.113682179832232,4.817628
7.31455283232408,7.110012
2.2874714551839976,4.5218024
6.111467339502679,4.788102
10.647850524480344,9.451517
2.2491843162669305,4.6550627
3.49650756146648,4.860055
8.909505512946101,8.687131
9.230339058482873,8.591648
10.714462212209275,9.420642
4.61512051684126,4.3891606
10.126711100650509,9.215497
6.113682179832232,5.2962995
7.091742115095153,6.702428
7.083387847625295,7.2443566
2.5649493574615367,4.745208
8.630878955820053,8.432697
8.974871170971337,8.576076
6.093569770045136,4.6235037
7.998671361015776,7.809353
10.130702803220393,9.258838
3.091042453358316,4.2259707
6.113682179832232,5.688439
10.8590374583624,9.476808
4.406719247264253,4.55762
6.595780513961311,6.1652093
5.676753802268282,5.7789173
6.3835066348840055,6.386385
6.349138991379798,6.172099
8.630878955820053,8.476703
4.30406509320417,4.3527193
9.187276432377631,8.93139
6.113682179832232,5.85331
4.59511985013459,4.4611344
3.80666248977032,4.2951255
8.732627099660395,8.671959
6.735780014242327,6.116686
5.236441962829949,5.6735187
2.302585092994046,0.86295545
6.113682179832232,5.9258995
10.596684731846114,9.4267235
8.371010681238156,8.204782
6.51025834052315,6.4556637
7.973155433444133,7.732048
9.852299515766695,8.995707
3.737669618283368,4.7986183
11.461832150585344,9.833054
6.077642243349034,5.9967
4.804021044733257,4.5117965
8.839131752546109,8.667575
0.76169801648582,1.3011711
2.5249283241374862,1.5154917
2.778819271990417,3.6699886
8.216628493133443,7.945345
8.455743229100015,8.512038
1.7047480922384253,2.0299199
2.302585092994046,3.735712
6.432940092739179,5.5927525
4.1059436980654525,3.7873776
6.318968113746434,6.2313843
3.367295829986474,4.2082057
3.4657359027997265,4.294939
2.1162555148025524,4.7413006
6.113682179832232,5.5554504
3.122364924487357,4.715769
6.113682179832232,5.699465
8.732627099660395,8.602909
2.772588722239781,1.9682
7.004881989712859,6.780503
7.463936604468925,7.5180817
2.726681987327473,1.6666245
6.113682179832232,5.9892306
6.1779441140506,6.1472197
7.878155336503324,7.735346
3.7232808808312687,4.482662
3.1354942159291497,4.1649337
6.484635235635252,5.8774886
4.74493212836325,3.948071
0.6931471805599453,1.7967184
10.806713308080846,9.509044
6.572282542694008,6.3587074
9.68046899341007,8.951348
6.113682179832232,4.7780046
6.113682179832232,4.537248
6.71532063145127,6.0868177
8.343315881404946,8.072277
2.995732273553991,5.220546
9.546955455537145,8.92039
12.254872333463778,10.755924
2.72785282839839,2.4036138
3.828641396489095,4.0177493
3.4339872044851463,3.2142105
8.328934041955529,8.07929
6.113682179832232,5.9810762
7.45083509827746,6.673476
8.098536151624295,7.8780727
9.464439807410836,8.24301
6.113682179832232,4.826209
8.102283624480073,8.048718
9.259320994197804,8.841473
2.3702437414678603,4.7358603
9.741086263177303,8.974498
8.240648863374913,8.088437
8.317033476492403,8.187479
6.113682179832232,6.1733017
10.73644015278695,9.494233
1.94585805890356,1.749522
2.5649493574615367,4.774987
9.159257581746866,8.855814
3.49650756146648,3.8965707
6.525029657843462,6.4138713
2.4423470353692043,2.1458144
7.305188215393037,7.168825
4.756770601392795,5.4613156
6.113682179832232,5.4016848
6.129050210060545,6.1199827
9.776494254379262,9.020726
6.113682179832232,5.831384
2.131796772013764,1.3876089
4.192680462942962,4.380064
6.90975328164481,6.627756
6.156978985585555,6.714403
4.356708826689592,4.738242
4.356708826689592,4.734106
3.4657359027997265,4.519244
6.62273632394984,6.4188614
10.165928737122114,9.248784
4.219507705176107,4.184418
5.676753802268282,5.3881865
2.19722457733622,4.544658
5.2574953720277815,5.446412
6.113682179832232,4.8016596
5.198497031265826,4.332872
2.344686269012681,4.3490334
8.756210091886738,8.616101
2.995732273553991,2.80393
6.113682179832232,6.057827
2.2438960966453663,4.8291836
6.257667587882639,5.615856
4.971676010839631,5.157158
5.7430031878094825,5.2939124
9.53097354456765,8.671584
5.0238805208462765,4.8002872
7.8826922062890254,7.8883905
2.772588722239781,2.3939853
3.7977338590260175,4.7445335
7.550661243105336,7.5401626
6.782192056006791,6.552884
5.883600901232037,5.7278852
5.356586274672012,5.432123
6.135564891081739,5.976836
7.601901959875166,7.411086
2.833213344056216,4.598995
8.681350777582521,8.263312
9.187583384853566,8.781835
6.113682179832232,5.630445
9.495669678844369,9.008541
6.113682179832232,4.8018084
9.0940312495758,8.703873
6.508769136971682,6.0000744
6.113682179832232,4.7387376
7.741533589281828,7.4570146
6.879355804460439,6.419345
3.258096538021482,3.3658063
9.95237295026594,9.161954
3.49650756146648,3.1784024
6.091309882077698,5.571359
7.379008127628304,7.2935147
3.044522437723423,1.995558
6.2766434893416445,5.9853005
2.8903717578961645,4.1254983
5.2574953720277815,4.928882
6.113682179832232,6.2717557
4.07753744390572,3.8671045
5.525452939131784,5.2963343
4.204692619390966,4.1459575
6.156978985585555,5.8049893
9.99888863729938,9.220683
11.26320690547022,9.767186
6.113682179832232,5.637844
7.462789157412448,7.2916613
4.718498871295094,4.1866317
9.305832353435404,8.901405
6.113682179832232,4.8298025
9.803777708387116,9.160963
6.113682179832232,4.7873263
7.156176637480615,6.086317
6.113682179832232,4.677919
2.3758355547336385,4.4950004
4.189654742026425,5.024855
6.635946555686647,6.190936
6.113682179832232,4.760165
8.668493466439914,8.452383
1.4816045409242156,1.3970982
7.091742115095153,6.7916064
3.912023005428146,3.1096635
11.686895578675124,9.884965
5.918893854273146,5.5387216
2.1633230256605382,4.1480923
1.7967470107390942,4.774691
4.804021044733257,5.081305
6.113682179832232,4.606675
3.218875824868201,4.494797
6.113682179832232,6.0857677
1.966984236610776,2.7159395
8.64541048921699,8.487443
8.618485442898109,8.418245
10.647850524480344,9.543873
10.315663426335734,9.27377
7.004881989712859,6.6427164
8.82776136765472,8.01789
8.216628493133443,8.084237
3.6375861597263857,4.4963627
6.113682179832232,4.13956
4.07753744390572,4.345494
7.373374309910049,7.256217
6.113682179832232,4.49165
6.113682179832232,6.002268
10.165928737122114,9.215698
2.533696813957432,4.2797728
5.44673737166631,4.6207757
6.366470447731438,6.165783
3.7819143200811256,4.726983
6.113682179832232,4.5823903
2.4159137783010487,4.8307695
3.6428355156125294,3.1553168
9.75857738074032,9.056776
6.51025834052315,6.3137407
6.113682179832232,4.2768807
4.362082905808832,4.3716846
5.971261839790462,6.1857367
6.560594765065204,5.896535
9.424644974623188,8.654511
6.113682179832232,5.461458
6.113682179832232,4.690789
6.113682179832232,4.7951174
7.818290255775268,7.6482086
6.113682179832232,5.9059076
6.51025834052315,6.4420047
1.824549292051046,4.3861217
2.873564639579784,4.6155705
5.568344503761097,5.4742937
7.692569648067906,7.490502
5.8888779583328805,6.2285423
6.838279655781776,6.7892356
0.7702453390767809,1.5201805
6.113682179832232,4.798871
8.129174996911793,7.955791
9.615938804529582,8.857452
3.9149643661417945,4.276251
9.18008732880516,8.708895
4.406719247264253,4.442159
6.045005314036012,5.9252286
7.793999089503996,7.797843
11.528277024474663,10.189904
6.352629396319567,6.099376
9.90358754753646,9.042841
2.517696472610991,3.8548815
1.742219023667919,4.402645
10.40432344467275,9.414742
6.495265555937008,6.196972
6.113682179832232,4.8828206
3.708682081410116,3.1414802
3.2809112157876537,4.7532706
14.60396882741904,27.784672
9.90358754753646,9.103822
6.113682179832232,4.7887053
5.8805329864007,5.9721403
5.198497031265826,5.3904343
8.434246270595311,8.295069
3.49650756146648,2.5725713
7.074963197966044,6.86316
3.332204510175204,3.0967474
6.848005274576363,6.698396
7.303351142366113,7.3014355
3.616308761279101,4.21636
5.204006687076795,5.3865566
6.115892125483034,5.438668
4.882801922586371,4.8762817
7.901747518520144,8.052267
3.254242968705492,4.5564075
7.801515493081219,7.8045664
2.4423470353692043,2.3550534
5.641907070938114,4.4789104
8.132118772955806,7.9555674
6.600869728852309,6.259879
2.19722457733622,3.265996
6.113682179832232,5.671999
3.1354942159291497,3.5619364
5.7430031878094825,5.380144
1.8991179875485544,4.078701
7.260824713692283,6.83288
4.04305126783455,4.336826
11.37373236077595,9.780274
5.882625622278252,5.653126
4.659658371272161,4.7154455
8.613607741328979,8.5210085
6.113682179832232,4.7546
6.113682179832232,4.79399
6.113682179832232,4.3667088
9.68046899341007,9.033225
6.113682179832232,4.697139
4.276666119016055,4.4792433
6.113682179832232,5.9627733
6.113682179832232,4.6860642
5.891644211825772,5.325569
2.8903717578961645,3.9090102
4.07753744390572,4.452488
7.973155433444133,7.466508
5.568344503761097,5.2349424
10.463160481696102,9.229014
2.5649493574615367,4.7728515
3.725693427236653,4.719408
3.367295829986474,3.1704288
2.509599262378372,4.573016
6.899723107284872,6.677573
5.2611864682098295,5.2561374
9.207536444643448,8.860217
3.131136910560194,4.555917
6.113682179832232,4.8225064
8.714967559395971,8.468617
2.833213344056216,4.578003
9.021598247379304,8.723217
6.113682179832232,4.7950454
6.113682179832232,5.923933
10.591672441266258,9.344005
6.113682179832232,5.8618765
4.513054897080286,4.7977257
6.113682179832232,4.764781
4.276666119016055,4.385604
6.843749949006225,5.8383026
8.438799123988225,8.272198
4.02535169073515,4.3155823
9.75857738074032,9.080556
6.400257445308821,6.265385
5.71042701737487,5.4925814
8.671800909642677,8.447959
7.406103381237015,7.08386
6.113682179832232,4.482258
3.1780538303479458,4.0324583
4.189654742026425,4.9533277
5.996452088619021,5.7665772
7.037027614686276,6.8308697
0.6931471805599453,1.585961
7.980242459235436,8.127531
4.532599493153256,4.738906
7.901747518520144,7.809625
6.113682179832232,5.7125387
6.113682179832232,4.808369
4.584967478670572,4.0162663
6.349138991379798,5.7783623
6.113682179832232,4.8307695
2.96010509591084,4.749857
7.245655067594535,6.9768543
4.276666119016055,4.1967306
7.004881989712859,6.891244
2.772588722239781,3.3271065
3.5667118201397288,3.1763024
8.17413934342947,7.9782043
6.113682179832232,6.281787
4.276666119016055,4.160872
5.937536205082426,4.7581673
8.389814262086407,8.46515
4.02535169073515,3.7331858
2.9444389791664403,3.317336
8.831565879121063,8.375642
2.0360119837525,4.818226
6.113682179832232,5.861876
7.535830462798367,7.315338
7.245655067594535,7.0606875
7.901747518520144,7.752245
6.652863029353347,6.3799343
7.004881989712859,6.8443346
6.699500340161678,6.5995083
3.910959039491633,1.8129833
10.338576185710364,9.364604
7.901747518520144,7.600489
5.1298987149230735,5.127227
11.238514934711688,9.725762
6.113682179832232,5.2696157
8.657302899400882,8.424209
5.147494476813453,4.664796
3.1780538303479458,4.541723
8.041734711487537,7.887822
8.808312311471798,8.682005
1.9401794743463283,4.5560775
2.302585092994046,2.9365911
7.31455283232408,6.9912615
4.804021044733257,4.815764
4.254193263163997,4.779062
8.50976567558744,8.015635
6.815639990074331,6.6813116
7.784057002639929,6.1431284
3.1354942159291497,2.2335052
7.43955930913332,7.37222
8.116417072794205,7.9802146
3.091042453358316,4.333883
6.648984550024776,5.808692
6.113682179832232,5.3763576
8.779865100863852,8.53189
5.524257005164247,5.0019255
3.1780538303479458,4.229061
9.58204184993154,9.08108
5.918893854273146,5.5671954
3.683866912290392,4.793266
2.5649493574615367,4.156732
1.0929045735194949,1.4527363
2.1633230256605382,1.449006
6.459904454377535,5.5299025
2.174751721484161,4.581327
7.002155954403621,6.405614
6.871091294610546,7.241782
11.321789172290998,9.780704
8.502891406705377,8.229471
6.90975328164481,6.712401
3.9318256327243257,4.0195475
6.648984550024776,6.4608607
2.8903717578961645,4.7191935
7.231287004327616,6.3814497
6.113682179832232,4.5707774
1.9315214116032136,2.1346545
6.068425588244111,5.0108843
5.488937726156687,5.3604336
3.610917912644224,2.2713895
7.601901959875166,7.608844
5.147494476813453,4.876851
3.0878555624297968,4.4064393
7.379008127628304,6.9317255
3.956996371070877,4.0927024
6.113682179832232,5.4063845
10.4032320062913,9.281983
2.9444389791664403,4.1842313
8.269244521183056,8.395162
10.360500922524867,9.190167
3.1354942159291497,3.5481367
8.434246270595311,8.283048
2.70805020110221,1.3360534
1.9459101490553128,1.4452063
6.977281341630747,6.946888
3.258096538021482,4.769444
2.302585092994046,2.0236368
4.553876891600541,5.606882
4.4520190064939165,3.6808276
7.923348211930154,7.910997
3.784189633918261,3.443828
6.464588303689961,6.2478623
7.004881989712859,6.729912
6.100318952020064,4.701327
6.113682179832232,4.788026
8.688116703257823,8.48937
6.776506992372183,6.584325
6.826545223556594,6.5204597
3.80666248977032,5.0412254
6.156978985585555,6.0239964
9.200492035921368,8.849563
6.113682179832232,4.7988987
6.113682179832232,4.7973742
4.495466920896128,4.2363434
7.697121317282625,7.559934
2.862200880929469,4.800742
6.113682179832232,4.7764664
7.824845691026856,7.798964
3.3978584803966405,4.5892076
8.786397166341942,8.59715
4.804021044733257,5.4122295
5.720311776607412,5.27388
5.0238805208462765,5.203326
8.789050713521046,8.648361
8.269244521183056,8.314496
3.218875824868201,3.7012239
4.499809670330265,4.838734
7.476472381163905,7.2706385
6.113682179832232,4.7951174
8.59452453435256,8.499554
4.61512051684126,4.6473765
8.216628493133443,8.0199
6.049733455231958,5.308297
3.6082115510464816,4.5134096
6.113682179832232,5.60954
7.245655067594535,6.8343654
7.175171272611848,7.1907263
3.737669618283368,4.8970165
10.94379959925603,9.517701
7.601901959875166,7.5871563
6.113682179832232,4.6280637
3.555348061489413,4.3922963
7.004881989712859,6.881709
6.646390514847729,6.313518
2.772588722239781,3.075249
6.113682179832232,4.1417
8.48920515487607,8.252164
6.113682179832232,4.7848654
7.824845691026856,7.7229404
6.113682179832232,4.8374596
6.113682179832232,5.946108
10.169767218727474,9.275652
6.113682179832232,4.6702104
10.63388234712274,9.189713
6.113682179832232,4.7547884
8.883501584323207,8.308778
3.295836866004329,4.125159
6.113682179832232,4.7149196
7.601901959875166,7.2929964
10.545394068902477,9.296749
9.85450737031441,9.032508
5.111987788356544,4.8180285
5.918893854273146,5.687413
5.117993812416755,4.24144
7.877397186353287,7.73466
5.7430031878094825,5.556919
6.1779441140506,5.8308783
6.113682179832232,6.2346964
3.555348061489413,4.0756187
6.113682179832232,5.672889
7.013915474810528,4.704805
9.376024287617112,9.02889
1.085189268335969,1.8690495
12.072552681411771,10.430936
4.955827057601261,5.2988043
6.230481447578482,6.3344693
8.839566503657949,8.561552
6.113682179832232,4.742222
6.113682179832232,6.2202463
8.318498320504338,8.27457
4.174387269895637,4.4679255
6.580639137284949,6.398465
9.39282858154946,8.843395
7.419979923661835,7.4470787
10.126711100650509,9.224757
5.402677381872279,3.8443809
8.001560615191917,7.932852
6.113682179832232,4.7902017
3.6375861597263857,3.1438892
4.882801922586371,4.9795046
4.363639370278909,4.7379656
8.354203562921775,8.553138
5.605802066295998,5.49658
10.225643512847986,9.121719
5.945420608606575,5.9436445
8.537387898701757,8.331104
6.113682179832232,5.4709167
6.493753839851686,6.3519573
6.113682179832232,4.746505
9.056956065076823,8.699562
2.70805020110221,4.8489537
6.71174039505618,6.555585
4.736198448394496,5.383909
11.177942119400434,9.752096
5.942799375126701,5.5696974
6.113682179832232,5.7086096
3.6375861597263857,1.974386
6.837332814685591,6.1136127
6.842683282238422,6.6885986
6.20050917404269,6.177394
2.2300144001592104,4.5098367
9.280519206597427,8.963536
3.610917912644224,3.1016426
8.310672341233358,8.093037
5.342334251964811,5.8638973
1.9600947840472696,4.7338743
5.84354441703136,5.855508
9.68046899341007,9.107006
6.12029741895095,6.2968655
2.5649493574615367,2.8572428
9.90358754753646,9.096681
8.166784289056151,8.136748
4.060443010546419,4.1649456
5.123963979403259,4.7337313
6.113682179832232,5.8025885
9.21054035197885,8.876677
4.995183189537334,5.326284
2.5952547069568657,3.1116745
8.683046555502886,8.581026
6.804614520062624,7.057788
7.631431664576906,7.0471764
8.537387898701757,8.406099
8.57715877258367,8.254039
5.147494476813453,4.9108706
7.86403565907245,7.797885
10.753681216035355,9.560682
7.565793282428515,7.3566904
3.951243718581428,4.428782
3.951243718581428,4.9885917
7.194436851100335,6.569764
6.815639990074331,6.64369
2.8903717578961645,4.104572
3.737669618283368,4.210513
5.996452088619021,5.3955994
7.99799931797973,7.747533
8.041734711487537,7.9083686
3.7612001156935615,4.582118
2.856470206220483,4.662179
7.171656822768514,7.155265
2.70805020110221,4.7338743
6.988226547062806,6.7788854
8.96482339168508,8.680353
1.7749523509116738,2.3368976
6.796823718274855,5.5136433
6.113682179832232,4.7873306
6.113682179832232,4.348224
6.761572768804055,6.493834
3.218875824868201,3.894957
8.785539527561276,8.474466
5.43372200355424,5.152378
7.43955930913332,7.061258
11.371384941857643,9.858968
6.113682179832232,4.7392993
6.1779441140506,5.7918463
6.135564891081739,5.8248568
10.40432344467275,9.139424
3.004883227715808,1.5580043
6.021023349349527,5.2329726
9.76434042112597,9.014286
5.402677381872279,5.501906
2.4432162227337915,4.6280637
4.804021044733257,4.7829924
4.727387818712341,4.6731405
5.660230601245297,4.903782
4.422448549172797,4.7263985
6.113682179832232,5.0433216
7.576097340623111,7.5564437
4.356708826689592,5.389979
3.1780538303479458,4.38962
6.113682179832232,5.6473503
5.0238805208462765,4.808363
6.113682179832232,4.803813
8.834336974017637,8.633068
9.472858470764416,8.949643
3.555348061489413,4.2165546
6.113682179832232,4.4124036
6.113682179832232,6.451193
6.113682179832232,4.744155
3.1780538303479458,3.8980045
6.113682179832232,4.727375
9.198470199405696,8.488172
3.1354942159291497,3.9596338
1.706564623164823,4.8204
9.05975001334368,8.745588
5.846438775057725,5.919404
7.784057002639929,7.950515
2.302585092994046,3.0376372
2.70805020110221,4.518345
10.060576767778905,9.211299
3.295836866004329,5.5800023
6.113682179832232,5.9513826
2.8903717578961645,3.8883486
9.200492035921368,8.868035
5.7745515455444085,5.6194897
10.119888422982946,9.20152
2.5649493574615367,4.67332
6.113682179832232,5.743331
6.113682179832232,6.136664
7.173191742486599,6.796891
8.065388262962227,7.951003
10.40432344467275,9.17356
2.772588722239781,4.592366
6.366470447731438,6.170564
3.4339872044851463,4.6079693
3.3638415951183864,3.0117
6.113682179832232,6.0936913
8.132118772955806,4.6880054
6.113682179832232,4.437592
8.007034012193408,7.932229
9.200492035921368,8.821842
7.762596048540069,7.6728196
7.550661243105336,7.531148
2.6390573296152584,2.5083148
5.4638318050256105,5.9716153
4.406719247264253,3.3786569
5.834810737062605,5.4313073
6.71360573796953,6.619898
6.113682179832232,4.445737
6.113682179832232,5.9646387
3.1354942159291497,4.800233
5.0238805208462765,4.591917
4.955827057601261,4.6455436
8.102283624480073,8.163255
2.5649493574615367,4.3634467
5.505144348229698,5.248958
4.615895682498052,1.9896946
7.534762657037537,7.4026165
6.113682179832232,5.5079174
6.250576282124333,6.291019
8.837100411162755,8.637757
6.815639990074331,6.695814
5.568344503761097,5.4130106
8.392083380373393,8.218828
6.113682179832232,4.829661
5.204006687076795,4.6036773
11.184364802967512,9.901309
10.655351654054858,9.385568
9.118225083068378,8.811656
7.245655067594535,6.9020643
5.356586274672012,4.8188086
6.113682179832232,5.6876855
6.8690144506657065,6.567293
9.268797941547753,8.906444
7.496652438168283,7.3719506
10.663685720345685,9.352042
5.402677381872279,5.1370215
4.127134385045092,4.2269783
2.8903717578961645,1.9480488
6.881110177148494,6.9853387
4.477336814478207,4.570586
9.087181461790696,8.729922
3.202746442938317,4.699724
3.091042453358316,3.936935
7.8407064517494,7.7245407
4.3694478524670215,4.286915
8.72453251118548,8.598849
6.113682179832232,4.677919
3.258096538021482,2.1141078
8.764365720529808,8.234495
2.302585092994046,4.770793
3.58351893845611,4.2844386
3.367295829986474,3.617297
6.113682179832232,4.525502
9.546955455537145,8.9105015
3.091042453358316,1.9863515
3.194583132299156,4.611228
4.406719247264253,4.539218
6.113682179832232,4.814245
5.634789603169249,5.8885508
6.113682179832232,4.840829
6.363028103540465,6.4729204
11.097440323579738,9.801377
8.683046555502886,8.659152
6.045005314036012,5.677806
6.113682179832232,4.744528
2.3978952727983707,3.8760695
4.770684624465665,4.8204
1.9459101490553128,4.9952197
3.58351893845611,4.6184244
6.113682179832232,4.4919553
5.971261839790462,5.940792
7.268223021159565,6.4435444
5.817111159963204,5.549431
6.480044561926653,6.3057413
7.400009517162692,7.2167673
6.113682179832232,4.6191883
7.614312146452,7.488018
2.6461747973841225,4.023048
4.882801922586371,4.7572155
3.1780538303479458,3.8287792
9.6268833523992,9.089755
8.366835309827675,8.333132
5.204006687076795,5.3865566
8.497398564088058,8.121158
3.555348061489413,3.6848302
6.113682179832232,4.788026
8.10349427838097,8.0765295
5.402677381872279,5.731346
3.044522437723423,2.1283262
8.225235324101668,8.163545
2.3978952727983707,2.866876
5.676753802268282,5.4912357
6.113682179832232,4.780818
6.113682179832232,4.60695
6.113682179832232,5.65206
5.135798437050262,4.6351905
6.070195239442144,5.72547
6.113682179832232,4.8418837
2.302585092994046,3.6125479
2.341805806147327,4.381762
2.002830439307996,4.198935
7.43955930913332,7.165407
1.247032293786383,1.7725787
10.961312568303402,9.647891
7.31455283232408,7.442049
9.05742226555147,8.631463
7.824845691026856,7.937326
14.686804760727426,27.550743
5.44673737166631,4.788409
10.165928737122114,9.174541
8.294549515143679,8.263089
5.0238805208462765,5.3973966
9.989756987688304,9.1593
7.491087593534876,6.796102
3.284663565406204,4.8160973
10.37355367982882,9.314761
3.264433309750886,2.5665207
6.113682179832232,4.49165
6.2422232654551655,6.1891103
6.710369045704336,6.7285337
7.804659297056102,4.5513697
7.824845691026856,7.5622926
2.19722457733622,3.995616
2.995732273553991,4.4253573
0.6931471805599453,5.5401773
6.113682179832232,4.621513
3.765840495250065,4.649775
8.848509300888079,8.597661
10.457688707770052,9.354592
0.6931471805599453,1.5057523
2.1400661634962708,4.7041264
4.248495242049359,4.2996664
8.556798446008598,8.560138
6.338594078203183,6.155003
9.982483558762626,9.162218
6.113682179832232,4.4889283
6.982842297715199,6.517877
6.699500340161678,6.3510985
9.05975001334368,8.880317
6.113682179832232,4.7221913
4.22829253473184,4.064702
7.824845691026856,7.667589
3.218875824868201,4.32039
6.113682179832232,5.8504286
5.402677381872279,4.9947042
3.258096538021482,4.690965
8.556798446008598,8.295021
5.430980825718117,4.487168
6.113682179832232,5.676197
5.863631175598097,5.5287924
6.113682179832232,4.647557
5.356586274672012,3.8481398
4.48863636973214,4.394262
1.9459101490553128,2.9204988
9.763190466997406,9.078303
2.5877640352277083,4.677969
6.735780014242327,6.436515
6.818292332678993,6.779127
5.529429087511423,5.3932686
10.25983244201288,9.206078
7.697121317282625,7.3577547
8.839566503657949,8.595766
5.993961427306569,5.832218
6.309276256657999,6.083798
9.39282858154946,8.846191
6.349138991379798,5.9686184
5.257308615894442,5.1075544
10.27512007210784,9.082564
5.1298987149230735,5.3073206
9.475086413144906,9.047042
2.079441541679836,4.0189567
4.882801922586371,4.348823
8.294549515143679,8.278747
11.152500641871764,9.449487
4.955827057601261,4.2453113
5.375278407684165,4.9492474
4.882801922586371,5.081038
5.308267697401205,4.8019867
10.518727244219548,9.324317
6.113682179832232,5.8605576
1.4816045409242156,1.1841862
8.743850562030243,8.606865
2.0541237336955462,4.0124307
4.248495242049359,5.0248365
4.0469208412721445,1.6828408
8.868131713503033,8.650172
1.3862943611198906,1.2397768
8.222016437202196,7.970124
11.733746320914792,10.051154
6.777646593635117,6.6765666
9.68046899341007,9.049389
9.048056708918736,8.608682
3.529297384289471,3.680828
11.233238016844153,9.744884
3.6635616461296463,4.3624067
6.091309882077698,5.73238
11.14189076866657,9.676417
3.784189633918261,4.3178515
10.80553736211994,9.528322
7.681099001536359,7.69885
5.204006687076795,4.7456794
1.33500106673234,1.3988497
4.770684624465665,4.549374
6.60934924316738,4.7923727
6.598627648728384,6.4160595
1.8579034406175343,1.5865653
6.113682179832232,4.761858
6.495265555937008,5.8708696
6.238324625039508,6.2777567
9.852299515766695,8.987058
5.71042701737487,5.345778
7.502186486602924,6.88899
0.6931471805599453,1.3076779
2.833213344056216,1.9345505
7.334329350300536,7.209698
6.113682179832232,6.3157578
6.113682179832232,4.7974634
5.891644211825772,5.44804
2.19722457733622,3.4331646
5.8971538676367405,5.1141787
7.891602210027854,7.694208
3.4011973816621555,2.7869658
8.07153089355666,8.024151
7.86403565907245,7.884256
3.459466289786131,4.2790303
2.8903717578961645,4.7272406
6.113682179832232,4.8044324
12.857871137289369,12.231965
11.841523927486865,10.280456
1.3862943611198906,2.4343917
7.091742115095153,6.6079187
6.113682179832232,4.570023
8.294549515143679,8.107908
2.360854001118021,4.614177
15.352163130872672,44.17669
3.295836866004329,4.720113
7.22402480828583,7.084761
2.3978952727983707,3.048552
6.113682179832232,5.979568
4.174387269895637,4.5642076
6.113682179832232,4.8196487
4.063885354737392,4.2947598
4.174387269895637,4.611078
3.955082494888593,4.5457845
8.85395110151461,8.566779
6.113682179832232,6.2741756
10.691990366412826,9.41475
9.02063159674821,8.484023
4.948759890378168,4.773964
6.113682179832232,5.840232
2.995732273553991,4.064626
2.70805020110221,3.0357072
6.113682179832232,4.843768
3.970291913552122,3.7749567
9.082734247371036,8.764958
2.653241964607215,4.7705836
10.309019325088835,9.359788
8.61122983334262,8.483312
3.610917912644224,3.0039825
6.289715570908998,5.588131
2.995732273553991,1.441284
2.6390573296152584,3.618402
3.4339872044851463,2.4995937
7.31455283232408,7.0776863
6.124683390894205,5.809783
5.60947179518496,5.724611
2.186051276738094,4.7338743
10.891205523751276,9.60903
4.30406509320417,4.717982
6.674561391814426,6.5797186
6.89172751790494,6.0073156
0.6931471805599453,1.4449024
5.805134968916488,5.6139507
9.717880392358245,9.158545
3.737669618283368,5.1662273
5.356586274672012,4.9988265
6.958448393297656,6.755951
6.539585955617669,6.8696003
6.113682179832232,4.4890127
6.113682179832232,5.8801775
6.2766434893416445,6.1130247
4.61512051684126,4.5695505
8.07153089355666,7.8431053
4.189654742026425,4.6379647
3.555348061489413,3.8147154
6.113682179832232,4.842205
4.30406509320417,5.0137906
4.343805421853684,4.6167088
2.7013612129514133,1.7417533
7.31455283232408,6.916603
3.8918202981106265,4.0694313
6.113682179832232,4.542908
4.3489867805956814,5.515818
6.113682179832232,6.1797686
9.208538750029554,8.865329
6.113682179832232,4.836177
1.9459101490553128,3.3975425
8.294549515143679,8.158099
6.113682179832232,6.592983
7.388946097618437,7.355097
6.113682179832232,4.795806
3.970291913552122,4.5810733
9.226145296424829,8.9130125
1.9459101490553128,1.1831071
6.113682179832232,5.56682
10.203666216317192,9.247244
10.10242037513528,9.215936
4.191168746857641,4.319571
2.772588722239781,4.204155
7.273092595999522,7.2907915
9.918474682344376,9.135109
5.720311776607412,5.3613143
3.091042453358316,4.153597
6.045005314036012,5.68194
7.091742115095153,6.800972
6.113682179832232,5.964348
4.276666119016055,4.989052
6.2422232654551655,5.858176
7.101675971619444,6.9989905
6.278709023828715,5.407937
4.356708826689592,4.2010503
5.087596335232384,4.7249856
4.02535169073515,3.9056358
7.091742115095153,6.886604
7.926241523170962,7.690442
2.772588722239781,3.8668032
3.8918202981106265,4.285793
4.276666119016055,4.469996
6.113682179832232,5.1193533
3.5580185869633447,4.223748
3.92395157629342,4.751796
9.39282858154946,8.918322
6.90975328164481,6.3396144
5.937536205082426,5.7289476
9.21054035197885,8.687695
6.113682179832232,4.7269034
3.8501476017100575,3.8886027
9.169726689090886,8.864346
2.6390573296152584,4.4887714
6.113682179832232,4.799708
6.1463292576688975,6.0189905
5.087596335232384,4.3290205
6.400257445308821,5.946602
5.610204127696635,5.128321
3.9889840465642745,3.7116613
9.852562611350836,9.07614
1.5260563034950494,2.028513
10.44977732555479,9.301535
9.53978799366043,8.93465
11.72554988369423,10.183705
4.990432586778736,4.7486115
7.066466970136958,6.937841
6.113682179832232,4.79971
8.38958706681109,7.971109
7.266827347520591,6.6286116
6.661854740545311,5.990681
4.543294782270004,4.596116
6.113682179832232,4.8024025
10.745981033208576,9.2941885
7.19668657083435,6.845145
6.113682179832232,4.431513
4.83150862819882,4.870181
6.523562306149512,6.4534054
7.784057002639929,7.2401156
6.113682179832232,6.347171
6.113682179832232,4.9818134
4.736198448394496,5.2206316
5.087596335232384,4.375066
6.889591308354466,6.723354
3.6635616461296463,4.5060854
4.04305126783455,3.9187057
7.496652438168283,7.3840094
6.902742737158593,5.900194
4.544900832306459,5.1122446
8.57583938684897,8.48604
4.204692619390966,4.1392307
6.113682179832232,5.7885485
8.34763455381213,8.251681
6.390576181243971,5.5371523
3.258096538021482,4.7053275
10.483186040588494,9.30665
3.4404180948154366,4.5714393
6.113682179832232,4.795118
3.1780538303479458,3.2582974
2.995732273553991,1.9906452
2.322387720290225,1.4836903
9.71087320625674,7.1121683
8.98744678941718,8.474173
4.955827057601261,4.366079
4.406719247264253,4.7869725
1.786746927404511,1.4800026
5.7430031878094825,5.225637
6.113682179832232,5.4044924
3.091042453358316,4.7790093
6.113682179832232,4.662191
5.641907070938114,5.04598
6.113682179832232,4.700821
5.099866427824199,5.8109803
6.582025138892826,6.2394824
6.021023349349527,6.0832653
7.43955930913332,6.861603
12.06682207238348,10.470176
2.772588722239781,1.2585181
6.113682179832232,5.9383855
9.06207235530708,8.325818
4.804021044733257,4.091438
5.204006687076795,5.241646
7.550661243105336,7.5146365
2.4069451083182885,4.674971
8.158802490694002,8.147054
6.113682179832232,5.9206896
4.492001487882454,4.776965
3.091042453358316,4.1613626
6.113682179832232,4.745208
4.04305126783455,3.2933033
5.094976442530006,5.3345747
3.912023005428146,3.0662267
6.113682179832232,6.007619
7.643003635560718,7.499811
4.35799005684564,4.6679173
2.2925347571405443,4.8041277
7.22402480828583,6.851798
5.062595033026967,6.0014853
5.713895109301075,4.0255837
6.1463292576688975,5.556389
8.817001443665859,8.608474
3.5234150143864045,4.5061955
10.367284459872344,9.32861
1.66392609771817,4.1813345
10.278252874394656,8.787811
2.6390573296152584,4.6732416
5.468060141135132,5.8557167
4.406719247264253,5.2664223
5.863631175598097,5.6082096
2.714694743820879,2.7507367
2.322387720290225,4.86959
6.113682179832232,5.279603
9.0940312495758,8.598999
3.091042453358316,4.2561417
3.0633909220278057,4.6490493
5.0238805208462765,5.0321264
9.08984588634012,8.821537
6.113682179832232,5.5931873
5.299115176152625,5.4467454
6.113682179832232,4.7988987
6.113682179832232,4.815653
6.113682179832232,5.6234255
3.3068867021909143,4.427383
9.441610810502,8.924654
4.718498871295094,4.9289184
8.545586265917455,8.433483
5.0369526024136295,4.890323
8.882114044208821,8.646684
6.551510017542127,6.5481853
0.6931471805599453,1.5198704
10.179365286288071,9.567063
4.755239665042817,3.8425562
3.1354942159291497,5.3371315
10.93314268336526,9.576108
2.995732273553991,3.873987
8.245909264774093,8.06028
6.113682179832232,4.7641554
1.6094379124341005,3.315142
0.6931471805599453,1.3361113
2.667228206581955,3.0622382
6.113682179832232,4.843768
7.29505641646263,7.334277
4.1535564218539465,4.7495527
6.113682179832232,4.403666
8.36450810375059,7.8414226
5.7745515455444085,5.618395
4.624972813284271,5.0307875
2.1746250427880534,4.354463
2.995732273553991,2.9679205
8.269244521183056,7.845567
6.113682179832232,4.702768
11.407587171287714,9.896287
6.289715570908998,5.4718823
10.669001905221974,9.499777
7.004881989712859,6.7162657
6.968850378341948,6.8982086
5.308267697401205,4.791404
2.079441541679836,1.5146528
8.971702399703325,8.632333
9.898575508175108,9.109953
5.0238805208462765,5.2897577
9.36751504634818,8.913232
2.8903717578961645,3.4663773
6.091309882077698,5.919324
10.27512007210784,9.334085
8.630878955820053,8.37676
7.273786317844895,7.0650625
5.817111159963204,5.5456057
6.304448802421981,6.251396
2.124653884501384,4.1438303
4.605170185988092,4.827594
8.132118772955806,7.858085
2.436481745715546,1.6461046
5.791793351978915,5.0855923
6.198478716492308,5.6756573
6.113682179832232,4.804283
9.164191715950205,8.809297
10.351437272250449,9.250888
2.468099531471619,4.7190437
8.470939806898775,8.022373
9.928277721343347,9.001518
6.113682179832232,4.7654257
2.772588722239781,2.0203385
10.40432344467275,9.240315
5.14166355650266,6.050313
6.610696044717759,5.8618736
5.3230099791384085,5.310501
3.1780538303479458,2.8725843
2.862200880929469,4.618574
5.087596335232384,4.9347773
7.004881989712859,6.3211794
8.259975659768276,8.105454
3.828641396489095,4.777569
2.3978952727983707,3.9884992
3.218875824868201,4.2883224
5.529429087511423,5.3231573
5.945420608606575,5.7073746
3.295836866004329,2.976841
4.882801922586371,4.683459
6.295266001439646,5.7919397
4.430816798843313,4.028392
6.837332814685591,6.619199
3.3945083935113587,4.695255
3.218875824868201,4.0948977
6.814542897259958,6.8328953
4.085976312551584,4.5615425
9.148677711584076,8.798106
6.113682179832232,4.7731915
6.113682179832232,5.4422026
4.442651256490317,4.5890546
0.6931471805599453,1.8053432
6.113682179832232,4.8022633
7.31455283232408,6.6587563
6.113682179832232,5.6845293
3.784189633918261,4.288197
2.8903717578961645,3.2427893
7.993619994827744,7.87475
6.113682179832232,4.8085175
10.24003121517787,9.230007
10.518727244219548,9.302716
7.729735331385051,7.744789
9.36751504634818,8.914672
3.4011973816621555,2.902107
3.1780538303479458,3.1530418
7.145196134997171,7.1215515
6.113682179832232,4.800901
5.356586274672012,4.718486
3.9889840465642745,4.218972
3.6635616461296463,3.8947325
2.169053700369523,4.4448595
1.33500106673234,1.2396274
4.127134385045092,4.2190504
0.6931471805599453,2.9958656
6.113682179832232,4.7950454
9.58204184993154,8.980613
10.518727244219548,9.358392
6.238324625039508,6.0592976
2.295560478057081,1.404336
1.9459101490553128,3.3542957
9.39282858154946,8.895175
5.662960480135946,4.6161513
4.30406509320417,4.8623686
8.269244521183056,7.9689283
11.321316917264513,9.867596
6.113682179832232,4.788026
3.80666248977032,3.914561
6.113682179832232,4.5851097
4.143134726391533,5.346427
10.060576767778905,9.181445
10.338576185710364,9.3375225
6.113682179832232,4.7248907
8.263332667439967,8.255553
10.021359473131016,9.151439
2.772588722239781,4.36425
12.712896271976868,11.620225
1.9459101490553128,2.3340847
8.881975184248867,8.641774
7.43955930913332,6.9653387
7.824845691026856,7.6547084
3.871201010907891,4.814648
10.950841633920426,9.464915
7.855544677915663,7.715116
5.891644211825772,5.9870005
6.113682179832232,4.3310876
9.741086263177303,9.02588
3.1780538303479458,3.5402775
4.31748811353631,4.593448
6.198478716492308,5.915435
9.939991067547286,9.11822
5.0238805208462765,4.9123588
6.113682179832232,4.7220855
10.40432344467275,9.282283
6.113682179832232,5.6902266
4.110873864173311,4.3555856
10.463160481696102,9.354566
9.615938804529582,8.958766
2.517696472610991,4.414328
8.569785641535407,8.268463
7.004881989712859,6.378473
4.0943445622221,3.7726111
6.113682179832232,5.605285
5.730099782973574,5.164794
6.331501849893691,6.1269417
8.4767877767812,8.405088
7.22402480828583,6.888046
6.113682179832232,4.772403
2.772588722239781,2.1248543
8.20849175174038,6.835569
6.113682179832232,4.9818134
4.406719247264253,4.5486236
4.61512051684126,4.2985682
8.012417659110863,7.906115
5.308267697401205,5.4203043
3.594568774642695,4.5772758
7.004881989712859,6.8075466
9.852299515766695,9.037177
9.320270431348378,8.909706
10.58663490101774,9.421509
8.232706009860976,7.761359
7.697121317282625,7.4792247
7.327780538421631,7.2642665
2.4336133554004498,1.2874718
3.277144732992177,4.5653496
5.818092820833612,5.2352653
3.044522437723423,3.061474
3.091042453358316,2.2372563
6.113682179832232,4.4145465
2.066862759472976,4.7292795
1.410986973710262,1.2190347
7.496652438168283,7.140518
4.23410650459726,4.508949
5.44673737166631,5.38062
3.864931397894296,4.6462736
4.709530201312334,4.186178
4.653960350157523,5.2590866
11.608253826427449,9.94975
2.9444389791664403,2.5671506
5.75890177387728,5.1466794
5.676753802268282,5.6013055
8.343315881404946,8.167798
6.192362489474872,5.8250675
7.313420367092967,6.654223
4.955827057601261,4.344538
6.156978985585555,5.7986684
6.156978985585555,6.200697
6.113682179832232,4.536954
6.150602768446279,5.4909453
2.0412203288596382,4.780818
4.30406509320417,4.29023
6.113682179832232,4.866575
6.113682179832232,4.5077415
3.044522437723423,3.5816424
6.075346031088684,5.197894
6.771935555839602,6.736732
10.27512007210784,9.275708
9.99888863729938,9.157711
3.688879454113936,3.6481438
4.718498871295094,4.960101
9.79823814181703,8.939492
8.537387898701757,8.445935
2.4423470353692043,4.7606783
4.718498871295094,4.628078
9.95237295026594,9.148558
2.291335322816708,1.6794581
2.3978952727983707,4.15932
6.52795791762255,6.001971
3.737669618283368,4.6883845
9.49416501410066,8.982097
6.113682179832232,5.8570566
7.091742115095153,6.7528276
4.686750172980514,4.818453
8.8757847808275,8.514336
7.496652438168283,6.0910397
7.009408932708637,6.4028606
9.299632479454944,8.817401
6.113682179832232,4.7779098
9.99888863729938,9.120643
5.568344503761097,5.678788
6.113682179832232,6.2331114
3.258096538021482,3.1021378
4.564348191467836,3.2899952
5.71042701737487,5.003621
5.204006687076795,4.7990894
4.496359280129911,4.45928
6.804614520062624,6.804366
3.912023005428146,3.826203
1.9459101490553128,2.8276775
6.113682179832232,4.803753
5.204006687076795,4.5795317
6.113682179832232,4.8065863
7.636269603379373,4.6939306
3.2878442893228788,4.998415
6.113682179832232,17.984581
6.113682179832232,4.685428
7.116394144093465,7.0802603
6.331501849893691,6.2263136
7.842278779117352,7.8799124
4.5217885770490405,4.641882
8.357962965845681,8.209514
8.039802343736485,7.8156443
6.113682179832232,4.7815967
2.4849066497880004,2.0340412
6.295266001439646,6.202504
9.055556158175316,8.687559
8.716371865276615,8.621994
6.113682179832232,6.2699795
6.113682179832232,4.480492
4.574710978503383,4.5033875
5.204006687076795,4.43474
5.087596335232384,5.203196
9.39282858154946,8.96215
6.113682179832232,4.7351193
2.4849066497880004,4.363875
5.3230099791384085,4.792092
7.901747518520144,6.2050037
8.098338846189057,8.0413885
5.863631175598097,4.9285307
8.155362120328135,8.285039
8.280989729513239,7.998643
7.601901959875166,7.4575686
6.068425588244111,6.052862
6.440946540632921,6.3649073
6.51025834052315,6.3186874
2.8903717578961645,3.0588806
1.9459101490553128,2.1042452
5.204006687076795,4.581286
4.882801922586371,4.3497143
6.113682179832232,4.744665
11.066669611853538,9.711326
7.171656822768514,6.8782787
8.65032450401942,8.520344
1.2237754316221157,1.2980635
8.61286694148452,8.260875
3.9889840465642745,4.289205
5.1647859739235145,4.611932
10.030208305315284,9.220748
6.068425588244111,5.92449
1.5303947050936475,4.7833705
7.547501682814967,7.594577
10.831746380186138,9.541605
7.049254841255837,6.618748
3.258096538021482,4.165622
8.269244521183056,8.063999
6.113682179832232,4.679741
6.113682179832232,4.7412515
6.113682179832232,4.477317
9.947600127154448,9.1398115
6.113682179832232,4.492908
6.889591308354466,6.788721
3.4657359027997265,4.760878
5.918893854273146,4.663925
10.50949607527931,9.339917
6.113682179832232,6.098458
8.102283624480073,7.8151636
7.824845691026856,7.5393896
9.485848643496254,9.002901
2.0014800002101243,4.760336
3.713572066704308,4.322294
6.113682179832232,5.6285815
5.430600355539502,5.332645
6.091309882077698,5.8427725
2.9444389791664403,3.5928779
7.650644551436897,7.4852233
7.534762657037537,6.8026705
2.19722457733622,2.9801433
2.3978952727983707,1.8184345
6.113682179832232,4.780818
5.863631175598097,5.4195786
4.790404164229081,4.673448
6.113682179832232,5.95535
5.204006687076795,4.54855
6.473890696352274,6.213968
6.113682179832232,4.7562237
7.273092595999522,7.213876
1.7369512327330598,1.4440278
7.379008127628304,6.822631
8.679992081721329,8.363003
6.091309882077698,5.74785
9.049232211581426,8.838498
7.43955930913332,7.4556847
9.39282858154946,8.907778
6.22455842927536,5.291747
3.091042453358316,4.061702
9.376024287617112,8.892865
6.848005274576363,6.6167355
7.85243908535751,7.8222876
7.901747518520144,7.8463593
9.158252937185466,8.8461485
8.80198770865203,8.685555
5.204006687076795,5.942834
6.747586526829315,6.2789707
2.085672091430472,4.400859
5.945420608606575,5.3786683
5.2574953720277815,4.852418
5.356586274672012,5.208616
8.216628493133443,7.967537
8.189244525735901,8.114474
7.2875606403097235,6.6476755
6.113682179832232,4.8397756
6.899723107284872,6.6863327
8.319229938632326,8.160516
7.550661243105336,7.6077104
10.8590374583624,9.490293
9.472858470764416,8.926819
3.261935314328648,4.730852
9.546955455537145,8.944157
5.356586274672012,5.99236
0.6931471805599453,1.5935205
7.715123603632105,7.573898
7.697121317282625,7.3743057
2.3832429960115,4.7116885
6.113682179832232,5.9209313
6.113682179832232,5.945672
10.079581424158675,9.228457
7.22983877815125,6.8928432
3.610917912644224,4.2258306
7.938088726896952,7.9116197
6.313548046277095,5.9233074
1.3862943611198906,2.513312
11.775305113934762,10.087117
2.995732273553991,1.9442623
3.3945083935113587,4.7831707
6.582398517160639,6.8352137
9.64422858375447,8.924894
7.695757990554761,7.701644
4.908233360478175,4.8914986
5.568344503761097,5.2314625
3.4657359027997265,4.395655
4.675483358240584,2.7868538
9.016998311898762,8.764276
4.338205355125032,4.007111
9.243068918416414,8.882657
1.791759469228055,2.6657186
6.113682179832232,5.576471
4.279440045898781,3.479046
6.198478716492308,5.8939524
6.084499413075172,5.6785407
1.589235205116581,1.112823
2.19722457733622,3.767247
6.77078942390898,6.451536
7.301147805856032,6.93993
1.241213215176716,1.40045
7.194436851100335,6.988455
6.113682179832232,4.025208
8.132118772955806,8.147416
6.8690144506657065,6.6329308
6.113682179832232,2.0106976
9.741086263177303,8.276087
7.379008127628304,7.011774
9.546955455537145,8.951143
3.044522437723423,4.156524
6.113682179832232,4.4763865
5.0238805208462765,4.657226
4.969813299576001,5.626792
12.873907146297809,12.039288
4.356708826689592,3.5066676
5.834810737062605,5.2009826
5.7430031878094825,4.811516
9.105202053852878,8.671344
3.044522437723423,3.191208
4.449685283147696,4.0372667
3.990834185852436,4.4911585
7.004881989712859,6.455584
9.741086263177303,9.089091
6.495265555937008,6.478751
4.882801922586371,4.2210636
2.438862711286593,4.498937
11.463756228962144,9.903197
6.113682179832232,5.610596
9.772031416698052,9.0516405
5.424950017481403,4.709752
4.412798293340635,3.9232993
6.113682179832232,6.300357
8.036573409707312,8.018672
8.630878955820053,8.699464
6.113682179832232,5.4488406
9.472858470764416,9.045249
7.870547844507712,7.6808095
2.694627180770069,4.746505
5.854550801332144,5.697116
3.4657359027997265,4.223616
4.5880240271531205,4.829831
4.700480365792417,4.7030277
3.32862668882732,3.931028
6.113682179832232,4.830721
5.529429087511423,4.6814704
5.0369526024136295,4.8637285
9.615938804529582,9.050725
6.113682179832232,5.830475
2.681021528714291,4.5239816
2.379546134130174,4.797286
4.718498871295094,2.3731587
6.113682179832232,5.8080664
2.9444389791664403,3.6735592
6.113682179832232,4.6771026
6.113682179832232,5.264577
8.61286694148452,8.494039
6.113682179832232,4.7887053
4.962844630259907,4.7395124
6.79346613258001,6.546686
6.958448393297656,6.437039
5.720311776607412,5.3531756
8.09009578318096,7.814414
1.1631508098056809,1.7055166
5.087596335232384,5.1954455
4.536891345234797,4.6507897
3.367295829986474,2.455433
9.21054035197885,8.85527
9.61326893243235,8.947348
8.412277021466677,8.384186
10.40432344467275,9.236019
8.117312461601975,7.9493227
6.274762021241939,6.0105143
8.98744678941718,8.581142
3.277144732992177,4.3368506
3.828641396489095,4.5295987
8.363342466597977,7.992277
8.82497196556714,8.60729
9.39282858154946,8.877644
4.454347296253507,4.708462
4.852030263919617,5.0767517
11.178878285519511,9.5423975
6.113682179832232,5.69471
8.129174996911793,7.797069
2.186051276738094,4.7941127
6.113682179832232,4.2532682
6.113682179832232,4.7916994
2.302585092994046,4.778187
10.34180699751524,9.171015
4.356708826689592,4.34222
4.61512051684126,4.317487
6.461468176353717,6.4410954
4.3463994570307305,4.6526127
4.48863636973214,4.1436806
6.198478716492308,5.828592
2.8069901489571136,2.911045
7.541683099882111,7.305873
7.496652438168283,6.9353514
6.113682179832232,5.7289104
7.009408932708637,6.0331326
7.496652438168283,7.4215827
12.985402109476611,12.390527
7.256297239690681,7.115391
9.546955455537145,9.02104
9.2621735206162,8.87474
4.574710978503383,5.0438795
4.127134385045092,4.8161383
7.171656822768514,6.8981895
6.113682179832232,4.8038263
7.245655067594535,6.73795
6.113682179832232,4.7780895
8.665957964681349,8.597777
6.008813185442595,5.5462823
7.404887575616125,7.355296
9.1235835080499,8.755396
5.891644211825772,5.9239283
8.360305435879093,8.347323
10.766862622063668,9.506315
2.6390573296152584,3.138382
7.930925372483388,7.4305286
7.077498053569231,6.507913
11.891375599226786,10.303164
1.252762968495368,1.4196293
6.113682179832232,4.525502
9.21054035197885,8.803689
6.113682179832232,5.972027
3.1354942159291497,1.5647895
4.5217885770490405,3.9247584
8.48792914572971,7.6956964
8.85395110151461,8.595968
6.113682179832232,4.800901
6.86484777797086,6.3216023
4.281926460039692,4.3473153
9.699043078654404,8.992383
6.349138991379798,6.2529664
7.140453043101158,6.8731318
2.501435951739211,4.3393707
11.417636284945406,9.797496
3.8501476017100575,3.163272
2.501435951739211,3.7519097
4.624972813284271,5.0650735
6.855408798609928,6.7191086
6.113682179832232,4.773744
6.113682179832232,5.8937426
6.493753839851686,6.1242046
8.630878955820053,8.300412
4.084928897835458,4.280001
7.171656822768514,6.8155923
5.156361195876566,2.4090934
7.227662498728654,6.941181
9.323847612769775,8.911201
8.07153089355666,7.969602
6.889591308354466,6.7201614
7.697121317282625,7.8693724
9.90358754753646,9.122653
3.332204510175204,3.198411
9.072915696064513,8.730948
5.834810737062605,5.4057746
8.243282523048375,7.9973793
5.605802066295998,5.168854
6.113682179832232,4.8495455
9.566755282109057,9.009398
2.2433114670481933,1.6245039
5.204006687076795,4.9372277
5.652489180268651,5.361392
8.764365720529808,8.5792885
5.71042701737487,5.5806894
10.27512007210784,9.404972
6.156978985585555,5.7980084
6.3578422665081,5.937822
5.147494476813453,4.6717434
6.113682179832232,4.789419
3.2386784521643803,4.7184463
3.737669618283368,3.9571595
8.607079115968618,8.452926
2.3978952727983707,2.2201371
9.488123612248716,8.978038
3.610917912644224,2.971168
9.360224821513476,8.722246
3.100092288878234,4.286492
9.836385748995392,9.093337
6.113682179832232,4.7727814
5.2574953720277815,4.216335
2.4561641809223462,4.5382667
10.138638722974616,8.973353
3.6216707044204863,4.6832533
5.971261839790462,6.1292086
5.147494476813453,5.0485873
2.19722457733622,3.7238877
7.451241684987676,7.497918
2.3978952727983707,3.4409022
3.6635616461296463,3.263732
8.216628493133443,8.16599
11.686895578675124,9.867515
3.1354942159291497,3.97155
10.878084927671337,9.582756
5.7430031878094825,5.3210287
5.204006687076795,4.469099
5.225746673713202,4.8823614
9.472858470764416,8.999144
4.955827057601261,4.844137
6.80903930604298,6.7865567
4.804021044733257,4.190181
3.912023005428146,4.25472
3.044522437723423,4.4142437
7.108244139731541,6.472274
6.113682179832232,6.1347423
2.079441541679836,4.352708
8.434246270595311,8.251271
6.889591308354466,6.761174
3.493472657771326,4.8094983
4.343805421853684,4.1347723
4.189654742026425,3.9664297
5.488937726156687,4.8120832
7.171656822768514,7.074615
1.5686159179138452,1.3741057
5.204006687076795,5.141232
9.41995278900604,8.925786
5.2574953720277815,4.325516
6.90975328164481,6.591679
2.272125885509337,4.5283456
6.113682179832232,5.7471156
6.113682179832232,4.7323194
2.128231705849268,4.7547884
6.113682179832232,4.7780895
2.4159137783010487,4.607475
7.245655067594535,6.8148956
7.550661243105336,7.217369
9.260843354149287,8.746652
5.488937726156687,5.2533154
9.011767474596178,8.765553
7.245655067594535,7.0138283
4.185098925490565,3.9700947
13.554148391229091,14.995492
4.0943445622221,3.7693858
2.4379897300002487,4.6300645
6.595780513961311,6.510946
10.271666075858276,9.259751
6.340535655019982,5.448886
6.820485686839662,6.064161
3.258096538021482,4.992417
5.568344503761097,5.3688226
3.1244791386919504,5.1559353
6.873163834212518,6.66774
12.36859957499595,10.902818
6.113682179832232,5.2469583
5.616771097666572,4.3273377
5.356586274672012,5.24039
4.219507705176107,3.4683375
4.560172820057356,4.205788
9.615938804529582,8.762327
7.273092595999522,7.1243744
7.245655067594535,6.524394
6.352629396319567,5.70482
6.113682179832232,4.7547884
6.113682179832232,5.249529
6.113682179832232,5.622259
6.493753839851686,6.757195
4.143134726391533,4.448168
7.973155433444133,7.9365892
7.098375638590786,7.0657353
9.472858470764416,9.021678
4.089286303126441,1.7678771
7.324489979348532,7.0648108
1.7263316639055997,4.188933
6.416732282512326,5.6222067
2.4932054526026954,4.2383013
4.273884476054178,2.88764
9.305832353435404,8.906605
7.975564658495202,7.133294
4.406719247264253,5.2518554
9.472858470764416,8.876102
7.529406457837013,4.751993
7.695757990554761,7.604126
4.718498871295094,4.0931478
3.4657359027997265,3.5525756
4.160444363926624,2.883381
6.113682179832232,4.518188
7.124478262493424,6.877365
6.815639990074331,6.2867265
10.757945432978325,9.391749
6.113682179832232,5.760007
9.472858470764416,8.985709
3.4404180948154366,4.6477065
6.113682179832232,4.741315
5.71042701737487,5.0845113
3.6375861597263857,4.102055
6.113682179832232,5.9160166
5.641907070938114,4.808912
5.996452088619021,4.5147557
7.824845691026856,7.7049737
9.79823814181703,8.944842
9.000606507571892,8.713023
8.165079258805068,8.010844
5.2574953720277815,5.029894
8.57583938684897,8.5809555
1.6389967146756448,4.7574606
5.955837369464831,5.4366584
6.113682179832232,4.791174
6.113682179832232,4.828699
3.49650756146648,4.111843
4.174387269895637,5.106594
6.113682179832232,4.7951174
6.113682179832232,4.7149196
6.582025138892826,5.573902
7.666221925662725,7.5317245
4.0943445622221,3.0453136
6.472346294500901,6.233308
6.113682179832232,6.3150783
1.6282497724003313,1.5945749
6.113682179832232,4.824115
6.113682179832232,6.137407
4.394449154672439,4.491728
6.257667587882639,6.115753
5.2574953720277815,5.0849624
6.113682179832232,4.7691193
5.216890367852308,4.9729548
8.19244152647694,8.187756
9.305832353435404,8.845839
6.113682179832232,5.0783663
6.017619504584833,5.531556
6.113682179832232,0.61702573
5.863631175598097,5.5393996
8.786914938491025,8.633206
7.004881989712859,6.762433
6.113682179832232,5.7612514
5.147494476813453,4.6420364
6.113682179832232,4.5879726
6.759255270663693,6.4749503
7.86403565907245,7.660709
4.718498871295094,4.7204757
6.113682179832232,5.801957
4.61512051684126,4.598139
6.113682179832232,5.950087
7.97188934752005,7.8067884
4.262679877041316,4.5157447
6.113682179832232,4.7636175
4.718498871295094,5.113164
4.564348191467836,4.8079453
6.190315405853148,4.6471562
7.421775793644647,6.8508034
2.4172858106202626,1.5303738
10.335334901918412,9.363045
10.34180699751524,9.22975
2.70805020110221,3.9415753
7.762596048540069,7.6728196
6.113682179832232,4.79399
9.615938804529582,9.072759
14.50865873852372,24.556147
4.320151230955794,3.900919
6.768952876101678,5.9352155
6.113682179832232,4.570023
6.635946555686647,6.29137
3.6375861597263857,3.863864
3.863259347128618,4.2626476
8.161089512845797,8.075903
4.934473933130692,4.8051667
6.113682179832232,4.8307695
6.448889394146858,6.3267336
10.106510025854115,9.18071
7.610357618312838,7.50761
2.388762789235098,4.5080805
6.366470447731438,5.145917
10.003559106260344,9.231832
9.147696136827507,8.700161
1.805004695978076,4.076465
7.001245622069476,6.9174604
8.243282523048375,8.122845
6.570882962339584,5.710488
6.113682179832232,4.148715
7.10002716662926,6.8329067
3.258096538021482,3.0665863
4.007333185232471,4.1422462
4.394449154672439,4.621239
7.245655067594535,6.8433332
3.912023005428146,4.393167
12.319410259368746,10.73101
3.7612001156935615,4.2422957
6.113682179832232,4.485452
6.113682179832232,5.7827873
5.170483995038151,4.7325306
6.113682179832232,4.691649
8.269244521183056,8.10753
5.676753802268282,5.579895
6.113682179832232,5.7290306
7.601901959875166,7.612624
3.658420246629228,4.2472763
5.71042701737487,5.519339
12.083916310927156,10.384649
3.951243718581428,4.9885917
5.0369526024136295,4.9346466
7.650644551436897,7.433001
8.882114044208821,8.627186
6.735780014242327,6.575127
5.087596335232384,5.236409
7.938088726896952,7.638713
4.060443010546419,4.695404
6.113682179832232,4.7641554
9.225426009394225,8.951486
3.091042453358316,4.8197455
8.634442751466477,8.564745
4.532599493153256,4.421057
7.365180126021013,6.8451185
5.204006687076795,4.572394
3.062118234121401,1.5399194
3.3068867021909143,4.4353113
6.113682179832232,4.801252
5.945420608606575,6.211777
7.31455283232408,7.127459
1.4816045409242156,1.2028531
6.113682179832232,5.863658
8.716371865276615,8.573477
11.3964141203719,9.671674
2.995732273553991,4.4825864
9.781432906528822,9.00596
5.834810737062605,5.823784
4.532599493153256,4.393569
7.538743041854011,7.4741297
4.158883083359672,3.5965226
0.6931471805599453,1.364753
2.995732273553991,3.5011268
2.8903717578961645,3.9933197
8.039802343736485,8.004407
2.391511302188447,4.491955
7.973155433444133,7.8177757
4.5217885770490405,4.440854
7.506591780070841,7.283012
6.113682179832232,4.677919
2.928523523860541,3.7486773
9.45735668770195,8.933473
5.488937726156687,5.3892403
3.720862499966987,4.3387384
5.308267697401205,5.447095
6.113682179832232,6.594756
7.601901959875166,7.528905
11.751958113348223,10.143554
8.497398564088058,8.418109
7.911690520708339,7.8657084
1.135505293138749,1.4529812
9.1018638956401,8.778804
7.301147805856032,6.932561
5.3706380281276624,5.770135
7.591861714889934,7.616397
9.200492035921368,8.81875
8.161089512845797,8.083219
6.113682179832232,4.9567814
10.774412697490552,9.331035
5.82608977097132,4.874961
6.336825731146441,4.6493015
2.6390573296152584,3.8845959
4.517431271680085,4.6421485
10.34180699751524,9.395875
10.609106634591392,9.475097
5.776858414771076,5.446945
2.079441541679836,1.5894642
6.90975328164481,7.1178083
2.19722457733622,4.5641685
9.54504260370723,9.016457
6.113682179832232,4.691649
9.105202053852878,8.7658205
7.899524472032198,7.6922526
6.113682179832232,4.804283
6.113682179832232,5.9995337
6.925595197110468,6.667137
7.245655067594535,6.8365192
9.843312829500055,9.111283
10.891205523751276,9.584821
11.248985960463353,9.843616
5.996452088619021,5.6842484
5.717027701406222,5.530281
5.996452088619021,5.342508
5.099866427824199,5.8793983
7.938088726896952,7.9939394
9.70771594801777,8.9671755
5.204006687076795,4.9195614
5.087596335232384,4.406541
3.784189633918261,4.418645
6.735780014242327,6.16026
2.2082744135228043,4.7240057
7.004881989712859,6.392326
6.113682179832232,6.1036606
5.579729825986222,5.327737
2.873564639579784,4.4376936
4.204692619390966,4.256458
6.432940092739179,6.7164817
8.343315881404946,7.9569745
7.171656822768514,6.473382
5.66988092298052,5.1346397
7.0317412587631285,6.4885488
9.024251728612985,8.737027
6.113682179832232,5.929573
2.302585092994046,4.3341804
10.434174625397674,9.194583
6.113682179832232,4.8385844
8.132118772955806,8.057123
4.361823927356363,4.658833
5.1298987149230735,4.9329367
3.58351893845611,4.5806637
10.698785101741006,9.12608
4.718498871295094,4.451952
2.6100697927420065,4.7174892
5.2574953720277815,5.1797595
6.331501849893691,5.8615875
6.871091294610546,6.0213337
9.741086263177303,8.992028
2.803360380906535,4.2857304
4.820281565605037,4.4541783
6.113682179832232,6.3140054
6.113682179832232,4.741273
5.204006687076795,4.925905
7.601901959875166,6.869317
1.9459101490553128,2.0387762
6.091309882077698,5.8885703
6.113682179832232,4.642275
2.8903717578961645,4.8489537
5.53338948872752,5.022238
12.53897422923659,11.183012
4.351567427189173,4.2905474
9.027858802380862,8.769149
6.113682179832232,5.43392
5.673323267171493,5.2988462
12.44902666724706,11.175622
10.037581287016828,9.567885
6.113682179832232,4.8292427
6.113682179832232,5.8036423
8.388450315523512,8.2080345
7.171656822768514,6.7747974
6.710523109452428,6.509095
6.113682179832232,4.7412515
6.113682179832232,4.332659
8.962135390066601,8.702156
7.547501682814967,7.443383
4.543294782270004,4.470946
7.900266036767701,7.6934004
7.532623618788788,7.4366436
4.882801922586371,4.6037025
3.7727418733660456,3.1543288
5.147494476813453,4.1891584
8.854236693405742,8.604881
4.382026634673881,4.502142
3.912023005428146,4.684572
8.068402958569699,7.8963428
6.906035073488812,6.462603
8.355144739461839,8.127629
2.8903717578961645,4.4838967
4.659658371272161,3.623833
5.4013251166222656,5.1648097
7.124478262493424,6.8156366
4.718498871295094,4.840982
4.175164523248395,2.9520936
11.018661929503216,9.700138
9.77121251322631,9.409795
6.045005314036012,5.931531
7.550661243105336,7.5259595
5.147494476813453,5.0274715
1.4951487660319729,1.4938862
7.650644551436897,7.5172863
6.113682179832232,5.959977
9.640563131210074,9.088879
7.245655067594535,7.039381
9.53097354456765,9.031053
3.784189633918261,3.3619149
6.113682179832232,4.6914754
6.113682179832232,4.552959
6.582025138892826,6.3890257
5.676753802268282,5.293626
10.22201400828289,9.100125
11.621331338814016,9.880212
5.834810737062605,5.412363
2.995732273553991,4.2904863
6.113682179832232,4.750536
6.595780513961311,6.487048
9.6634521335517,9.0258665
9.114049711657897,8.832158
5.296816240421769,5.037988
10.162075464783532,9.077186
6.113682179832232,4.8125257
2.4849066497880004,1.7868083
4.264087336809195,4.353141
6.480044561926653,6.475949
5.945420608606575,5.8633122
3.091042453358316,4.7834644
4.8283137373023015,4.487052
6.113682179832232,5.972027
5.2574953720277815,4.9345746
1.871802176901592,1.0999954
5.7745515455444085,5.227584
2.341805806147327,4.406318
11.96401382310281,10.3227625
7.729735331385051,7.63136
4.859812404361672,4.5461607
2.079441541679836,1.2411184
7.392647520721623,6.043118
7.219642040130735,6.9032383
6.068425588244111,6.0680933
4.127134385045092,3.2991443
5.37989735354046,5.8194647
3.0007198150650303,4.1498175
6.113682179832232,4.8254576
8.776784383701493,7.8485937
6.113682179832232,4.7471247
9.75857738074032,9.022673
6.90975328164481,6.1576138
6.113682179832232,5.774662
6.113682179832232,4.2173924
6.113682179832232,4.823269
7.697121317282625,7.556074
4.77912349311153,4.4390717
3.044522437723423,2.839928
4.882801922586371,5.0060787
5.820082930352362,6.1017017
6.113682179832232,5.183856
4.584967478670572,4.8368626
5.204006687076795,4.46233
3.091042453358316,1.9432998
6.113682179832232,4.744155
3.4011973816621555,4.771874
6.257667587882639,5.4380116
6.113682179832232,5.866552
1.6954215008207398,1.6459961
6.113682179832232,4.779254
6.698268054115413,6.5802784
4.624972813284271,4.6506476
6.699500340161678,6.358719
3.295836866004329,4.4694257
4.248495242049359,4.246474
6.113682179832232,6.149352
4.624972813284271,4.979968
5.641907070938114,5.0787745
4.955827057601261,4.607198
6.113682179832232,4.4377346
7.29505641646263,7.258361
9.305832353435404,8.840044
5.679569598892408,4.674877
6.113682179832232,4.7162976
6.113682179832232,6.1983237
6.49868917197845,6.00496
2.501435951739211,4.536826
5.308267697401205,5.2502728
3.970291913552122,4.0798593
3.609668310458921,5.1671085
3.4339872044851463,3.8551164
6.135564891081739,5.8644876
5.971261839790462,5.701289
3.784189633918261,4.237452
3.4339872044851463,3.8935857
5.488937726156687,4.976012
7.94873845481361,7.8839545
4.276666119016055,4.364342
2.302585092994046,2.3584309
7.945201132412759,7.8005347
6.837332814685591,7.044831
6.113682179832232,4.821745
8.537387898701757,8.440742
6.113682179832232,4.4618187
10.137531478318628,8.979607
9.39282858154946,8.926272
4.30406509320417,3.9083624
6.889591308354466,6.847151
6.338594078203183,6.345723
3.7819143200811256,4.5147376
6.113682179832232,4.818226
2.302585092994046,3.4646142
5.641907070938114,5.413987
7.074963197966044,6.915992
6.113682179832232,4.828118
7.869019376499024,7.647684
8.068402958569699,7.9582667
2.4849066497880004,3.2623994
4.718498871295094,4.3171215
4.718498871295094,4.6120024
8.920255414908091,8.630647
4.454347296253507,4.236387
7.43955930913332,7.40926
7.31455283232408,7.299312
6.113682179832232,4.1850457
6.464588303689961,6.526372
4.712356659554211,3.0485713
4.882801922586371,4.9953856
4.718498871295094,4.5517063
6.113682179832232,4.8355856
7.710653323501202,7.526684
3.332204510175204,4.226307
7.601901959875166,7.4979615
3.367295829986474,4.6986766
8.790573479157159,8.62781
6.113682179832232,6.042843
3.484312288372662,4.7537775
6.90975328164481,6.803323
6.331501849893691,6.1728
4.158883083359672,3.7709763
11.164813751691984,9.699075
4.178992036282385,4.369258
10.819818283610305,9.510195
9.615938804529582,9.008014
3.784189633918261,2.9166822
8.53934599605737,8.290415
12.5776430984906,11.416626
1.9906922405952263,1.3243387
3.49650756146648,4.0947504
6.113682179832232,5.9576283
7.066466970136958,6.7504797
5.605802066295998,5.2821074
5.181783550292085,5.184524
6.025865973825314,5.7171955
3.517497837358316,3.239364
7.570443252057374,7.464418
9.554071910278983,9.018017
4.543294782270004,4.5282583
5.402677381872279,4.287785
6.113682179832232,4.8412743
2.19722457733622,2.2347822
6.853299093186078,6.7856584
6.655440350367647,6.3675594
7.397910739251215,6.4310064
6.113682179832232,5.603958
6.113682179832232,5.96741
6.489204931325317,6.4078875
6.113682179832232,4.762151
3.487375077903208,4.0823236
7.898039690764619,7.870912
7.162397497355718,6.904297
4.687671407499835,4.5184374
6.113682179832232,4.4736657
2.4849066497880004,3.1658697
5.71042701737487,5.4946547
4.219507705176107,3.9570599
6.113682179832232,4.3611026
6.62273632394984,6.3496904
6.322565239927284,6.30175
3.1525474442297874,1.3787699
6.113682179832232,5.828871
7.758760544157663,7.6119556
7.86403565907245,7.880308
6.113682179832232,4.0975447
9.98054118197842,9.100054
4.4953553199808844,4.911667
8.007034012193408,7.9605265
6.1779441140506,5.9993553
6.400257445308821,6.150662
1.88706964903238,1.1298912
9.751966744894888,8.945745
10.60167202461334,9.390404
2.833213344056216,2.7834845
1.6505798557652755,1.5307395
3.6189933266497696,4.5501375
6.432940092739179,6.2172627
4.174387269895637,4.6362576
6.129355118865528,6.0352015
4.955827057601261,5.242202
10.691990366412826,9.638573
3.688879454113936,4.1362247
7.784057002639929,7.737508
10.294819929067236,9.312983
7.793999089503996,7.7964487
6.113682179832232,5.9481125
2.8903717578961645,4.525502
6.113682179832232,4.5281887
2.0014800002101243,1.1504238
6.619847389491774,6.7430744
5.805134968916488,5.60273
6.021023349349527,6.085775
1.1568351387902551,1.4548128
6.921658184151129,6.255143
7.397561535524052,5.896801
12.989978755558203,12.4369
5.087596335232384,4.8956747
6.113682179832232,6.0738945
8.243282523048375,8.020769
4.350277936359301,4.581499
2.96010509591084,1.5729604
9.105202053852878,8.47658
7.245655067594535,6.7588987
12.180765093903544,10.630288
3.044522437723423,3.9865937
6.568077911411976,6.4920053
8.839711577882753,8.677739
5.605802066295998,5.19488
7.550661243105336,7.303956
6.326149473155099,5.8210173
8.999866223762636,8.722249
4.543450161408356,1.9652247
9.01942196795671,8.346709
4.394449154672439,5.534615
8.73165920153676,8.424643
6.113682179832232,5.639579
6.113682179832232,5.685428
2.079441541679836,4.0771747
6.113682179832232,4.7671947
3.610917912644224,4.3061566
8.48920515487607,8.354913
7.846198815497425,6.9036694
5.0238805208462765,4.4177413
5.598421958998375,5.5813265
9.615938804529582,9.100999
3.9318256327243257,3.3186064
9.296884973376368,8.934067
4.31748811353631,3.1962395
7.163946684342547,6.76919
6.295266001439646,6.1105747
5.204006687076795,5.469816
6.113682179832232,4.6860156
4.804021044733257,4.755291
5.834810737062605,5.4233484
4.591071261608589,4.3948417
6.495265555937008,6.52435
3.091042453358316,4.2420206
7.496652438168283,7.469925
2.302585092994046,3.6896317
4.110873864173311,3.2270408
7.796469243086058,7.729362
5.863631175598097,5.980799
4.59511985013459,4.3099346
8.039802343736485,7.9390035
6.113682179832232,4.7713966
8.399905330925241,8.241582
6.257667587882639,6.236079
4.564348191467836,4.358962
10.951017050974922,9.535147
6.113682179832232,5.9953
11.73608501615644,10.128563
10.596684731846114,9.398919
6.77078942390898,6.7309217
8.653819788948063,8.5170765
8.122080008906696,7.990036
1.9974177062012453,4.7435546
6.113682179832232,4.156635
9.461685507748296,8.826789
6.464588303689961,6.2591224
2.4849066497880004,2.3780339
4.109233174715851,4.497256
8.4767877767812,8.112031
3.6375861597263857,3.9037726
8.007034012193408,8.058463
5.523228511956259,5.2963862
11.320577814453172,9.799071
6.113682179832232,4.664774
7.965892735084528,7.7766533
6.548030921391581,6.206851
7.091742115095153,5.7737637
5.048573133436648,4.5783057
10.864789890239631,9.492915
7.496652438168283,7.3294253
10.03108889712985,9.172396
6.135564891081739,5.682671
3.214867803470662,4.555988
7.353722330399631,6.8520527
7.379008127628304,7.2995186
4.30406509320417,4.2828608
6.068425588244111,6.255456
2.4849066497880004,3.7868233
5.765670315370111,5.530937
5.529429087511423,3.9218116
5.659482215759621,5.085204
4.290459441148391,4.7347136
9.056256356593469,8.6863165
9.847023015555,9.0822115
0.6931471805599453,1.5140405
6.735780014242327,6.310023
6.12029741895095,6.1947355
4.007333185232471,4.3977838
3.914021008090819,4.6876764
9.143238568435446,8.816793
2.6983893251116484,1.7366054
7.037027614686276,6.912583
6.113682179832232,5.8700886
10.126711100650509,9.121806
6.113682179832232,4.7272406
7.091742115095153,6.745495
4.276666119016055,5.1328697
5.7745515455444085,5.7589893
7.377118908972701,7.1767454
2.833213344056216,4.4077277
8.420021279663963,8.325529
5.805134968916488,5.571744
10.839620126623824,9.3741455
5.147494476813453,4.509243
9.313799080344412,8.676531
6.113682179832232,4.4825077
7.763021309018518,7.049812
5.5093883366279774,5.340377
4.543294782270004,3.8873816
7.983440063006542,7.749065
6.113682179832232,5.635454
7.011830304766511,6.827382
9.472858470764416,9.012498
6.113682179832232,5.9548616
6.113682179832232,4.766775
8.434246270595311,8.237078
7.31455283232408,7.2928324
4.23410650459726,4.96198
8.56388591940822,8.232692
5.087596335232384,4.623348
2.3978952727983707,4.1359267
8.909505512946101,8.638149
10.691990366412826,9.356496
6.990256500493881,6.7968884
9.615938804529582,9.010319
4.418840607796598,3.851494
7.60887062919126,7.602845
4.882801922586371,4.961007
6.113682179832232,5.927991
6.113682179832232,4.682937
6.257667587882639,6.2561026
9.127176130715414,8.69403
8.720239871952511,8.552465
6.90975328164481,6.8156557
7.784057002639929,7.373207
10.085892439191388,9.134559
6.478509642208569,6.507389
11.669946307650886,10.087078
4.31748811353631,4.5418115
6.113682179832232,4.5096173
7.784057002639929,7.603733
5.356586274672012,4.939883
6.113682179832232,4.5411158
7.31455283232408,6.580219
9.472858470764416,8.974149
7.7025561132685825,7.5052447
6.021023349349527,5.8833838
10.804989466936844,9.459219
8.240121298076472,8.099966
6.113682179832232,4.7887053
1.33500106673234,1.2256807
9.21054035197885,8.350183
5.863631175598097,5.429287
8.007034012193408,7.8812733
6.113682179832232,6.1159744
9.664388663527056,8.931771
1.871802176901592,4.73567
6.113682179832232,4.8458357
7.779968723615364,7.848511
4.624972813284271,4.36244
0.6931471805599453,1.4480493
3.1354942159291497,4.529259
7.104308819387724,6.9793944
6.77078942390898,5.4852486
5.594711379601839,5.753064
7.523630463983896,7.298793
7.550661243105336,7.452371
7.901747518520144,7.6686187
8.634533137007384,8.447741
9.121509158269568,8.725109
2.778819271990417,3.7096868
4.257030144499196,4.762327
2.338917022241436,4.645482
4.663439094112067,4.326278
6.238324625039508,5.9969645
6.9865664594064265,6.268559
8.47261414801827,8.482383
7.393263094763838,6.8906918
6.113682179832232,4.843497
1.824549292051046,1.92262
5.43372200355424,5.093344
10.043336447652528,9.133491
11.332745613088134,9.817796
8.699848026000312,8.378541
9.339788439163067,8.860247
8.132118772955806,8.060193
3.990834185852436,4.4696984
5.605802066295998,5.1147556
2.714694743820879,4.499074
5.3442462984364365,5.3299356
8.300031711779575,7.8040276
6.575429891459506,6.598192
6.113682179832232,4.694898
3.49650756146648,5.5619817
9.95237295026594,9.184565
7.379008127628304,6.566407
8.984944285608679,8.678714
3.258096538021482,4.2282844
6.480044561926653,5.486991
3.5263605246161616,3.6241093
6.899723107284872,6.8054338
8.039802343736485,7.9699516
6.476972362889683,6.434454
10.778997955688665,9.635196
6.113682179832232,4.7819333
5.71042701737487,5.294834
2.3978952727983707,2.8231556
6.113682179832232,4.8355026
5.942799375126701,5.569475
6.113682179832232,6.281787
5.7430031878094825,5.802243
6.113682179832232,6.2406054
4.04305126783455,4.340644
4.219507705176107,4.4582143
7.650644551436897,6.1256456
6.113682179832232,5.6362357
5.356586274672012,5.0379486
6.565204196659518,6.435294
6.113682179832232,4.139274
7.39930195305648,7.3544025
6.113682179832232,5.529733
8.909505512946101,8.763637
9.287486581152836,8.843632
8.298290634359283,8.229832
4.33990170837321,4.7866836
4.804021044733257,4.065105
4.718498871295094,4.795768
6.553933404025811,6.363143
7.697121317282625,7.579467
2.5649493574615367,1.9235668
4.882801922586371,5.0872917
2.302585092994046,2.0900433
10.656333225885623,9.247311
6.113682179832232,5.9412737
8.265135629937385,8.157307
6.113682179832232,4.841484
10.017574878573896,9.092269
7.127693699347399,6.8189306
4.356708826689592,3.1727092
4.406719247264253,5.233166
5.081404364984463,5.767452
3.6375861597263857,4.57571
5.488937726156687,4.9698725
6.729761313419576,5.967207
5.147494476813453,4.5950685
7.171656822768514,6.916564
2.70805020110221,4.0869083
5.356586274672012,5.5043416
7.6246189861593985,7.532191
6.021023349349527,5.4077187
6.113682179832232,5.705944
7.94873845481361,7.887984
2.079441541679836,4.0825014
7.294377299288821,6.9148307
4.28496492183075,4.6923165
7.660444154150635,7.605465
7.860185057472165,7.3083725
3.4011973816621555,4.220455
9.99888863729938,9.100053
7.507818372984343,7.81713
9.741086263177303,9.090302
2.23996330594962,1.8768995
5.971261839790462,5.636577
6.492119457261987,6.548812
3.471966452550362,4.2695775
7.342779189331845,7.364663
3.681351187693145,4.6924415
4.465908118654584,3.1312604
8.05579245097777,8.008691
3.6402142821326553,4.21636
5.605802066295998,5.0384836
7.588829878307813,7.4606266
6.421622267806518,7.526479
7.507690077819904,6.820123
6.113682179832232,4.7887053
3.332204510175204,3.6927993
8.558226700677272,8.560867
7.236339342754344,6.4057946
6.156978985585555,5.636259
4.882801922586371,4.250084
6.113682179832232,4.680156
5.860786223465865,5.0873127
5.2574953720277815,5.0147038
8.366835309827675,8.299094
6.113682179832232,4.77384
13.075275962733803,12.724347
7.822815452201346,7.752806
3.0349529867072724,3.434747
6.113682179832232,6.3629503
9.472858470764416,8.899777
6.113682179832232,5.2545667
8.67965211911394,8.564378
7.270312886079025,7.0301733
7.004881989712859,6.235528
7.162397497355718,6.906821
7.973155433444133,7.960004
6.113682179832232,5.841942
4.820281565605037,4.2679715
3.1354942159291497,4.3000307
6.113682179832232,5.90854
9.200492035921368,8.875783
4.470495282661489,5.2266784
6.723832440821209,6.4942703
9.46591239050973,8.959842
5.44673737166631,4.780673
8.434246270595311,8.214861
5.512218336495314,5.1322527
6.995033287089198,6.5312386
6.113682179832232,4.7220855
1.1631508098056809,1.1822935
5.0238805208462765,5.3051786
6.448889394146858,6.256955
6.113682179832232,4.789419
6.113682179832232,6.052316
6.113682179832232,5.972027
7.509883061154913,7.3864226
5.71042701737487,5.7661333
2.1162555148025524,1.7071524
4.406719247264253,4.019731
10.79961639258633,9.389579
7.463936604468925,7.4823303
8.74862232231722,8.569605
9.90358754753646,9.036972
7.496652438168283,7.4887304
3.6375861597263857,3.757397
5.204006687076795,4.505848
3.58351893845611,4.723786
7.171656822768514,6.9298854
6.379527995108011,5.903018
4.465908118654584,4.397884
6.553933404025811,6.4255137
2.302585092994046,3.5594907
9.00981411052738,8.729575
5.7745515455444085,5.750184
5.942799375126701,5.617442
7.784057002639929,7.8145657
8.111328003286733,7.6282916
2.714694743820879,4.810205
7.438971592395862,7.1643515
5.945420608606575,6.407341
10.645472515179373,9.419751
8.16469151435509,7.9761596
3.09058780456667,1.4280916
2.995732273553991,3.2447305
5.918893854273146,5.0224056
2.4344901638739844,4.7763467
8.096208271650037,8.098398
3.091042453358316,4.1681886
4.574710978503383,4.558523
4.859812404361672,4.7761765
8.132118772955806,7.927807
6.113682179832232,3.0048914
6.113682179832232,4.785541
3.691376334312523,4.146034
3.218875824868201,2.2890775
3.713572066704308,2.6921043
7.360103972989152,6.692481
4.718498871295094,4.469885
6.018593214496234,6.166794
6.113682179832232,5.6686435
3.610917912644224,3.946609
9.44951474036292,8.978177
3.555348061489413,2.4906447
6.113682179832232,6.340868
3.091042453358316,4.446754
10.714462212209275,9.336972
6.416732282512326,6.2335258
10.085892439191388,9.160563
8.10832229017324,7.9102488
9.39282858154946,8.938622
9.692889970390436,8.970211
8.1374570048449,8.165225
6.79346613258001,6.720584
6.113682179832232,4.720499
5.272999558563747,5.6604047
8.537387898701757,8.46938
7.586803535162581,7.4401035
6.113682179832232,4.8398485
7.083387847625295,6.259241
8.98619632032839,8.782287
7.9391588179567965,7.8054204
4.02535169073515,4.3741684
3.58351893845611,3.7481623
9.79823814181703,8.989085
7.741533589281828,7.5787315
2.4849066497880004,1.1919479
7.004881989712859,6.780961
6.113682179832232,4.779254
3.774598329516474,1.5430176
6.113682179832232,5.976619
11.695263688291964,10.042251
6.113682179832232,4.8297634
4.543294782270004,4.270695
6.113682179832232,6.3150783
7.413387399428173,7.3855553
3.737669618283368,3.5205674
6.113682179832232,4.728058
8.90136656405678,8.602329
1.9459101490553128,4.626374
4.969813299576001,5.3199344
2.772588722239781,2.530508
5.0238805208462765,4.4626184
6.095828204111635,6.0706615
6.113682179832232,4.7471895
7.550661243105336,7.1740904
6.113682179832232,4.7653584
4.718498871295094,4.746667
6.674561391814426,5.789421
6.113682179832232,4.8412743
9.68046899341007,9.029136
6.156978985585555,5.335739
2.4849066497880004,1.8262138
9.868067607304868,8.897513
4.382026634673881,4.563462
7.597897950521784,7.60719
6.113682179832232,5.655484
8.913550280493675,8.687191
5.0369526024136295,4.9106503
9.95237295026594,9.016322
6.879355804460439,6.841548
7.697121317282625,7.6825857
8.779865100863852,8.4346695
6.113682179832232,5.6942883
9.472858470764416,8.845302
5.918893854273146,5.8443017
6.313548046277095,6.09744
8.839566503657949,6.2011185
11.951193299043943,10.335911
8.326516830239528,8.507145
7.463936604468925,7.5125566
8.691986481789401,8.53327
3.912023005428146,4.4515953
6.842683282238422,6.528163
4.143134726391533,4.424158
5.968707559985366,5.4579225
10.219867508783544,9.175872
2.128231705849268,1.8154006
5.4638318050256105,4.983994
1.840549633397487,1.1153344
4.718498871295094,4.318076
6.655440350367647,6.465803
8.251142139090751,8.137942
3.990834185852436,4.514645
6.113682179832232,4.840962
7.231287004327616,6.895351
6.113682179832232,5.5048037
3.484312288372662,4.625389
10.085892439191388,8.841144
5.0369526024136295,4.874729
10.714462212209275,9.270904
8.102283624480073,7.382497
6.113682179832232,4.61177
6.198478716492308,5.9460707
9.546955455537145,8.897733
2.3978952727983707,4.3982315
6.035481432524756,6.0462656
4.02535169073515,4.2980433
6.113682179832232,5.6484184
4.406719247264253,4.3649316
7.560601162768557,7.429976
3.4339872044851463,4.261529
8.4767877767812,8.309061
2.867330558749466,2.9133677
1.9459101490553128,4.4889283
8.697345730925353,8.525909
6.1779441140506,5.365133
6.113682179832232,4.779791
8.08394570229562,7.914336
5.030437921392435,5.001215
6.113682179832232,5.655267
6.113682179832232,4.4889283
9.195835685773302,8.649463
7.550661243105336,7.4537153
5.147494476813453,4.5478654
3.4242626545931514,4.529151
8.132118772955806,8.106913
2.079441541679836,2.1604443
4.955827057601261,4.8202515
6.113682179832232,5.706294
5.564520407322694,5.554921
10.043336447652528,9.161534
5.84035091743822,5.583247
8.98744678941718,8.630264
5.863631175598097,5.8066173
4.162626069638506,4.8087044
2.302585092994046,4.259801
3.7612001156935615,3.0041957
5.488937726156687,5.530643
2.26176309847379,1.9712772
7.6787889981991535,7.872621
5.087596335232384,4.9652357
6.113682179832232,4.3547535
2.6390573296152584,5.1737304
5.926926025970411,5.935191
3.822098297900159,4.231452
3.80666248977032,4.203567
9.90358754753646,9.1096115
10.138638722974616,8.919675
4.477336814478207,4.7368646
6.113682179832232,4.6771026
7.004881989712859,6.4151745
7.542570908468265,7.4482236
9.546955455537145,9.037031
8.82497196556714,8.49182
3.367295829986474,4.077956
5.7430031878094825,5.308667
9.313799080344412,8.634387
9.561138078742038,8.953103
6.113682179832232,4.758788
3.4657359027997265,3.3182654
1.308332819650179,3.0367274
10.669001905221974,9.554834
3.555348061489413,3.7423992
1.9459101490553128,3.9139771
6.113682179832232,6.5085664
4.3694478524670215,5.105336
6.450333145321208,6.1562796
9.53978799366043,4.6213675
5.5971989892534175,4.9831133
2.5649493574615367,4.212686
5.950544787829365,5.3481636
4.158883083359672,4.621335
7.697121317282625,7.2254443
6.899723107284872,6.724399
0.6931471805599453,1.3009441
6.113682179832232,4.7268534
4.718498871295094,4.346362
7.083387847625295,7.0496106
5.854527413134486,5.6678114
9.277923889465582,8.972715
6.113682179832232,4.812652
5.056245805348308,4.732748
6.113682179832232,4.744155
4.672828834461906,4.7127395
2.079441541679836,4.018538
1.791759469228055,2.4531562
3.845883202923601,4.1635175
7.097046424217574,6.8597116
8.418697944667139,8.293813
3.933583466809481,5.0471935
4.804021044733257,4.4684052
6.113682179832232,4.8099184
11.672899158100275,10.078792
8.399872548839694,7.9204903
6.400257445308821,4.5953946
7.379008127628304,7.5210314
3.655839600035736,3.7294102
7.467371066917559,7.321193
4.02535169073515,3.7576578
6.687108607866515,5.2189007
4.718498871295094,4.653627
6.8690144506657065,6.71482
5.069532935343741,4.9719687
8.114324709155339,7.952935
5.308267697401205,5.306961
9.814765622475324,9.058562
12.170455830527631,10.628027
6.113682179832232,5.990243
6.280208555506141,5.5559964
8.044901117403375,7.940208
6.113682179832232,5.4605637
6.238324625039508,6.0278783
6.113682179832232,5.703392
3.9889840465642745,4.2547555
5.996452088619021,5.57402
10.203666216317192,9.147595
5.087596335232384,4.706611
6.198478716492308,5.816197
8.630878955820053,8.501583
7.351799869057777,7.2347727
5.187385805840755,5.0139318
4.248495242049359,4.9330606
8.852048956723861,8.671581
4.406719247264253,5.037013
7.793999089503996,7.6570606
3.616308761279101,3.138791
5.488937726156687,5.462974
6.021023349349527,5.9722996
9.6567554664133,9.018313
6.60934924316738,6.594734
8.82497196556714,8.587116
7.43955930913332,6.7680726
8.866116166332754,8.531376
1.7047480922384253,3.8096833
8.21932609390609,7.9668965
6.113682179832232,6.489022
3.0819099697950434,2.444367
10.518727244219548,9.351833
1.6134299337036375,4.389384
8.819073983267831,8.58245
9.126197603863757,7.653235
5.468060141135132,5.097214
5.7745515455444085,4.1300764
3.910021002757473,4.5359726
9.68046899341007,8.996893
3.58351893845611,4.7414756
2.360854001118021,1.4525611
6.113682179832232,4.700821
0.6931471805599453,1.3076779
7.531873213208089,7.4319515
9.495669678844369,8.971636
3.8897773964808255,4.441287
7.58629630715272,7.5370207
3.367295829986474,3.8605714
6.899723107284872,6.7395496
10.63289939290031,9.576399
2.9069010598473755,3.839666
6.113682179832232,4.7997904
8.022568946988255,7.8765564
6.113682179832232,4.758788
4.675628649636653,5.5607147
3.893859034800475,3.609489
4.772352065761245,4.649591
6.113682179832232,4.2130313
6.124683390894205,5.8542595
10.165928737122114,9.265899
2.3978952727983707,2.913982
2.4069451083182885,4.654388
8.319229938632326,8.199158
2.444952334280968,4.143697
6.113682179832232,4.8031054
7.245655067594535,7.143071
6.113682179832232,5.816716
7.697121317282625,7.549342
5.945420608606575,5.656868
6.238324625039508,6.0631986
10.07794493427328,9.188481
7.373374309910049,7.2770615
7.584981389247157,7.4845886
6.480044561926653,6.3893013
9.615938804529582,8.861468
11.192334451490051,9.773686
6.1779441140506,5.774472
9.39282858154946,8.956252
10.468858178153916,9.390168
3.8945781272373545,1.6741693
2.4849066497880004,4.3181996
6.113682179832232,4.682272
5.641907070938114,5.410324
2.3978952727983707,3.1011634
6.113682179832232,5.9184046
6.113682179832232,5.959977
2.0014800002101243,1.3734934
5.945420608606575,6.265652
4.941642422609304,5.324916
2.431857428698185,4.3874254
3.0106208860477417,4.551784
2.372111155642656,4.8259387
5.356586274672012,5.497557
6.113682179832232,5.9998207
4.672895345678114,2.2208464
2.6878474937846906,4.7758856
9.602517585757411,8.8101
7.091742115095153,6.869791
2.9444389791664403,2.0742438
4.5217885770490405,4.3321824
5.308267697401205,4.73319
6.79346613258001,6.5636263
7.756195343948118,7.576208
3.258096538021482,4.7854176
9.169726689090886,8.844949
3.6375861597263857,4.1521716
1.5260563034950494,1.2755858
4.68213122712422,2.413886
2.8317840541513,2.7355745
2.4423470353692043,2.1048632
5.811140992976701,4.897666
3.295836866004329,3.4299293
8.468423027046809,8.236016
7.247792581767846,6.880962
8.732627099660395,8.542409
10.778997955688665,9.488998
9.39282858154946,8.906501
4.804021044733257,4.743317
6.113682179832232,4.705171
10.322263674703963,9.29758
6.816968313896803,6.513391
5.568344503761097,5.3011007
7.601901959875166,7.5498133
7.973155433444133,7.6403503
3.258096538021482,4.7757235
6.525029657843462,6.3031096
9.71032747056118,8.958631
2.4849066497880004,4.3465376
7.379008127628304,6.9649544
1.383791230901772,1.275033
8.962135390066601,8.728792
7.171656822768514,7.0598216
5.996452088619021,5.600166
7.080867896690782,6.876359
5.641907070938114,5.045499
10.34180699751524,9.285013
6.480044561926653,6.301429
3.3141860046725258,4.245617
6.113682179832232,4.7145967
3.8501476017100575,4.1481366
5.238337934700955,4.7762685
2.1162555148025524,4.820609
8.664232934065552,8.245684
4.605170185988092,4.521916
1.7656547823075557,1.5188527
6.1779441140506,6.0150137
6.721425700790643,6.73187
1.840549633397487,1.4010875
9.546955455537145,9.047127
3.655839600035736,4.799705
6.113682179832232,5.4884367
7.825644732219989,7.7219253
4.633757642840004,4.810012
9.24009333012553,8.925817
4.549657476057832,4.5519733
11.775305113934762,10.118136
6.113682179832232,4.698777
7.550661243105336,7.7459674
8.434246270595311,8.329418
7.415776975415394,7.4934654
5.676753802268282,5.3257766
5.7745515455444085,4.2853584
5.0369526024136295,4.862508
9.615938804529582,8.948505
6.198478716492308,5.4499664
6.113682179832232,5.5270014
3.6635616461296463,2.8428383
6.688354713946762,5.957699
6.539585955617669,6.423683
8.094073148069352,8.050219
6.259581464064923,6.290992
5.834810737062605,5.2241173
6.679599185844383,6.510968
8.648572269472618,8.2708025
5.641907070938114,5.598434
5.641907070938114,5.5415616
9.68046899341007,9.020084
5.7430031878094825,5.085154
5.71042701737487,5.5840015
8.4767877767812,8.409983
3.555348061489413,3.9563098
9.803777708387116,9.1334095
6.113682179832232,4.840829
3.795489189172194,4.5011597
6.113682179832232,4.842205
11.877582467350576,10.116046
6.113682179832232,5.892412
6.113682179832232,5.9176655
10.831746380186138,9.567732
8.191463051326927,8.035181
6.71174039505618,6.657277
10.974161859161184,9.936814
8.980675603671708,8.622284
10.434174625397674,9.36634
6.113682179832232,4.819493
6.113682179832232,4.750128
3.1280754605417043,1.3646643
6.62273632394984,6.589976
8.102283624480073,7.8517294
6.113682179832232,6.4065347
7.697121317282625,7.4190464
3.2308043957334744,4.730336
8.240342909402774,7.517681
4.584967478670572,4.6008697
7.43955930913332,7.3057394
2.772588722239781,4.6457605
5.786897381366708,5.3499346
8.392083380373393,8.088116
6.113682179832232,4.8279333
9.95237295026594,9.058846
8.929567707825337,8.640414
4.101740610509301,4.9385214
6.113682179832232,4.7536736
6.113682179832232,6.315655
5.147494476813453,4.991315
2.465553921272185,4.5763597
10.34180699751524,9.311119
2.797281334830153,4.666353
8.455743229100015,8.299253
6.568077911411976,6.462864
8.10530751550515,7.972318
4.442651256490317,4.660735
6.899723107284872,6.707177
6.113682179832232,4.8332767
5.356586274672012,4.760169
6.57507584059962,6.4619856
6.113682179832232,4.248039
8.648572269472618,8.404608
7.091742115095153,6.94681
10.671324678727515,9.490027
8.4767877767812,8.315828
6.368549670158185,6.4617095
1.6094379124341005,1.5240388
4.343805421853684,4.24271
6.660575149839686,5.9951057
3.3463891451671604,4.600068
11.36907818897207,9.823258
2.19722457733622,3.2965846
6.747586526829315,6.354559
6.045005314036012,5.620223
6.113682179832232,4.679377
4.338858139272503,4.247573
6.238324625039508,6.171405
6.091309882077698,5.531261
10.909655550812955,9.442228
4.31748811353631,3.9088783
6.113682179832232,5.8848906
4.804021044733257,4.1838746
6.2766434893416445,6.053271
8.882114044208821,8.617847
5.676753802268282,4.972586
6.113682179832232,4.755064
6.251903883165888,5.379037
8.450198322591959,8.039941
2.302585092994046,4.79399
6.113682179832232,4.7323194
3.58351893845611,4.505836
4.30406509320417,3.849625
2.145931282948669,4.607563
4.143134726391533,3.1611292
8.161089512845797,8.0610285
10.896776361897594,9.598548
11.695263688291964,10.14223
9.151863442217207,8.816226
5.087596335232384,4.749278
1.6094379124341005,2.1768298
9.384461732204798,9.0087595
4.955827057601261,4.7689505
6.113682179832232,5.998462
7.550661243105336,6.8767138
