Actual,XGB_Predicted
6.2766434893416445,6.3596354
6.113682179832232,5.9397283
6.124683390894205,6.1447973
4.882801922586371,4.8916464
8.797948354937416,8.793754
4.186619838331271,4.1819453
6.113682179832232,5.596672
5.488937726156687,5.4846296
5.0238805208462765,5.032971
4.875197323201151,4.839619
7.349873704738337,7.374878
5.204006687076795,5.159918
4.532599493153256,4.527919
11.46899447586426,11.493652
8.830250570199247,8.838156
4.142951995946158,4.1741376
8.444622498581403,8.447402
4.204692619390966,4.3596544
6.113682179832232,6.152361
7.31455283232408,7.318384
3.258096538021482,5.2071733
7.6787889981991535,7.673604
6.113682179832232,5.211019
5.44673737166631,5.436441
4.955827057601261,4.952313
7.566311014772463,7.558532
3.258096538021482,3.2723591
7.898039690764619,7.9145627
3.933263673001215,3.9645536
6.113682179832232,4.2541413
5.834810737062605,5.840827
6.448889394146858,6.437492
4.5217885770490405,4.5098543
7.245655067594535,7.2501082
6.113682179832232,6.126117
4.04305126783455,4.0244894
5.916202062607435,5.897883
6.113682179832232,6.126117
6.113682179832232,4.2180037
6.113682179832232,5.9745193
2.917770732084279,4.4149737
7.149131598557407,7.205794
6.113682179832232,5.197544
9.79823814181703,9.805394
2.4849066497880004,2.4825308
10.34180699751524,10.308978
2.58820875799096,2.6386137
6.113682179832232,5.8971324
6.1779441140506,6.1518726
5.700443573390687,5.714206
6.884486652042782,6.885295
2.6390573296152584,2.6415238
8.455743229100015,8.448452
0.6931471805599453,0.7180238
9.504873919377063,9.470229
7.31455283232408,7.3176603
2.4849066497880004,2.5523522
6.86484777797086,6.8926597
10.79961639258633,10.736906
7.934513463882263,7.9272633
8.243282523048375,8.255865
5.537334267018537,5.531133
4.31748811353631,4.3002462
3.4657359027997265,6.7404013
3.9889840465642745,4.0192447
9.181120554290926,9.171811
3.7612001156935615,3.772516
8.317033476492403,8.330943
8.016977746762262,8.032483
6.723832440821209,6.7268834
6.113682179832232,6.014236
7.901747518520144,7.9141755
8.187855443695623,8.1787815
8.102283624480073,8.09005
9.68046899341007,9.700658
10.24003121517787,10.22315
8.434246270595311,8.452717
6.218600119691729,6.2110143
8.57583938684897,8.587878
2.2607208888953467,3.7619078
2.995732273553991,3.0062613
9.409355151711798,9.424688
6.113682179832232,3.6359637
2.079441541679836,2.0600128
8.412277021466677,8.409116
5.971261839790462,6.0107737
5.081404364984463,5.0857835
0.6931471805599453,0.74230653
5.0238805208462765,5.019944
2.079441541679836,2.0616546
9.615938804529582,9.589822
6.113682179832232,5.4598947
6.113682179832232,3.943614
7.171656822768514,6.613386
4.0943445622221,4.0706806
8.718849392907325,8.704297
4.804021044733257,4.801456
8.474703139795285,8.495828
8.982435503560263,8.9522
2.815408719422709,2.7950902
9.770070439095775,9.743935
4.501502267296758,4.4902287
3.4339872044851463,3.4298685
6.113682179832232,6.1635566
2.302585092994046,2.3413897
10.571368205848186,10.610566
5.0238805208462765,5.0417037
8.216628493133443,8.220274
6.3835066348840055,6.3867908
7.86119079948352,7.848611
4.580877493419047,4.750431
6.113682179832232,6.1353025
6.113682179832232,4.6505623
6.648984550024776,6.654557
7.266827347520591,7.2537165
8.503499864284235,8.506959
9.931686206894806,9.931449
3.346929616406618,3.3362591
4.634728988229636,4.3592925
10.36860426020847,10.326946
3.634951112088381,3.6715963
8.189244525735901,8.17679
5.529429087511423,5.5384135
3.4657359027997265,3.460504
7.762596048540069,7.774344
7.59270801532726,7.591301
6.113682179832232,6.1692796
2.772588722239781,2.7865746
7.116394144093465,7.06989
7.25063551189868,7.248986
4.605170185988092,4.617127
11.72805297348936,11.840872
2.302585092994046,4.7843304
4.356708826689592,4.372631
12.570722703538417,12.571517
5.0238805208462765,5.0237856
6.75343791859778,6.775565
3.8501476017100575,3.843266
11.373686385878235,11.329706
4.61512051684126,4.6125774
2.5649493574615367,5.005475
6.113682179832232,4.6040745
5.8522024797744745,5.8718395
4.51085950651685,4.4795723
9.615938804529582,9.569223
8.789050713521046,8.749674
7.43955930913332,7.4398293
4.07753744390572,4.0716815
10.695801104590572,10.7394495
10.8474323611921,10.947658
6.113682179832232,5.8937507
3.186352633162641,2.7710183
7.938088726896952,7.928397
5.236441962829949,4.8834743
6.77078942390898,6.790115
7.709756864454165,7.70302
7.004881989712859,7.0020695
7.984462732262196,7.999529
4.110873864173311,4.1172
4.060443010546419,4.0710616
10.872408684473482,10.927576
6.113682179832232,5.424608
5.308267697401205,5.3367996
4.127134385045092,4.127815
2.772588722239781,5.5690417
9.165552189186048,9.166689
6.240275845170769,6.2430353
4.624972813284271,4.6685543
6.113682179832232,6.1527686
2.6390573296152584,2.6391687
6.747586526829315,6.7540455
7.917033603418922,7.919757
9.05392045270488,9.066405
3.713572066704308,3.7198822
5.726847747587197,5.749382
6.113682179832232,4.9301662
5.71042701737487,5.71209
3.8918202981106265,3.8993883
8.39366870513074,8.405772
6.805722553416985,6.799807
8.665957964681349,8.664738
8.810161268297255,8.781191
9.852299515766695,9.870234
2.19722457733622,2.1518195
9.305832353435404,9.286316
4.290459441148391,4.298322
5.529429087511423,5.541738
5.365976015021851,5.3728433
6.113682179832232,5.1294894
7.31455283232408,7.3204036
2.2874714551839976,4.446208
6.111467339502679,5.0197854
10.647850524480344,10.620074
2.2491843162669305,4.531605
3.49650756146648,3.5130436
8.909505512946101,8.889983
9.230339058482873,9.222459
10.714462212209275,10.732107
4.61512051684126,4.6119394
10.126711100650509,10.072419
6.113682179832232,6.152357
7.091742115095153,7.093492
7.083387847625295,7.062855
2.5649493574615367,4.6762366
8.630878955820053,8.64048
8.974871170971337,8.954826
6.093569770045136,5.48042
7.998671361015776,8.00697
10.130702803220393,10.161237
3.091042453358316,3.1411679
6.113682179832232,6.111761
10.8590374583624,10.924931
4.406719247264253,4.5406785
6.595780513961311,6.584287
5.676753802268282,5.6728616
6.3835066348840055,6.3733664
6.349138991379798,6.352631
8.630878955820053,8.623284
4.30406509320417,4.2985244
9.187276432377631,9.167997
6.113682179832232,6.1353025
4.59511985013459,4.5810766
3.80666248977032,3.8355446
8.732627099660395,8.707181
6.735780014242327,6.7246284
5.236441962829949,5.2407517
2.302585092994046,2.3351324
6.113682179832232,6.134146
10.596684731846114,10.611057
8.371010681238156,8.368965
6.51025834052315,6.426288
7.973155433444133,7.952646
9.852299515766695,9.799865
3.737669618283368,3.7232788
11.461832150585344,11.525086
6.077642243349034,6.0415134
4.804021044733257,4.8133736
8.839131752546109,8.84909
0.76169801648582,0.72038144
2.5249283241374862,2.5558202
2.778819271990417,2.8108816
8.216628493133443,8.217881
8.455743229100015,8.456459
1.7047480922384253,1.5860559
2.302585092994046,2.2815244
6.432940092739179,6.40064
4.1059436980654525,4.072426
6.318968113746434,6.290068
3.367295829986474,3.4041162
3.4657359027997265,3.464356
2.1162555148025524,5.361562
6.113682179832232,6.1562676
3.122364924487357,5.6875916
6.113682179832232,6.111761
8.732627099660395,8.741522
2.772588722239781,2.7902045
7.004881989712859,7.0050826
7.463936604468925,7.467682
2.726681987327473,2.7175171
6.113682179832232,6.161918
6.1779441140506,6.179403
7.878155336503324,7.887618
3.7232808808312687,4.1834145
3.1354942159291497,3.814081
6.484635235635252,6.4335227
4.74493212836325,4.752735
0.6931471805599453,0.7419426
10.806713308080846,10.741643
6.572282542694008,6.586426
9.68046899341007,9.65631
6.113682179832232,5.5928864
6.113682179832232,6.154151
6.71532063145127,6.7332797
8.343315881404946,8.335682
2.995732273553991,5.5690417
9.546955455537145,9.591592
12.254872333463778,12.36088
2.72785282839839,2.7274728
3.828641396489095,3.8341506
3.4339872044851463,3.4085572
8.328934041955529,8.331809
6.113682179832232,6.1563706
7.45083509827746,7.447125
8.098536151624295,8.085789
9.464439807410836,9.46516
6.113682179832232,4.9932947
8.102283624480073,8.125722
9.259320994197804,9.213067
2.3702437414678603,5.657979
9.741086263177303,9.732499
8.240648863374913,8.226414
8.317033476492403,8.330943
6.113682179832232,5.8334284
10.73644015278695,10.7394495
1.94585805890356,2.0109787
2.5649493574615367,5.5689235
9.159257581746866,9.161035
3.49650756146648,3.5090353
6.525029657843462,6.1580563
2.4423470353692043,2.4716096
7.305188215393037,7.299985
4.756770601392795,4.7471085
6.113682179832232,6.1562676
6.129050210060545,6.0932326
9.776494254379262,9.79906
6.113682179832232,6.161439
2.131796772013764,2.1756403
4.192680462942962,3.4238372
6.90975328164481,6.9018435
6.156978985585555,6.099595
4.356708826689592,4.372631
4.356708826689592,4.372631
3.4657359027997265,3.464356
6.62273632394984,6.6287637
10.165928737122114,10.150102
4.219507705176107,4.0890102
5.676753802268282,5.680215
2.19722457733622,4.080779
5.2574953720277815,5.2488813
6.113682179832232,6.0878696
5.198497031265826,5.16364
2.344686269012681,4.158607
8.756210091886738,8.746544
2.995732273553991,3.0276701
6.113682179832232,6.1387177
2.2438960966453663,4.8058705
6.257667587882639,6.2844152
4.971676010839631,4.961698
5.7430031878094825,5.719103
9.53097354456765,9.542378
5.0238805208462765,5.015015
7.8826922062890254,7.8915806
2.772588722239781,2.7943254
3.7977338590260175,5.0901194
7.550661243105336,7.5456
6.782192056006791,6.7942085
5.883600901232037,5.6204934
5.356586274672012,5.360105
6.135564891081739,6.0791087
7.601901959875166,7.5872607
2.833213344056216,2.811992
8.681350777582521,8.673581
9.187583384853566,9.164132
6.113682179832232,6.152357
9.495669678844369,9.47814
6.113682179832232,5.154047
9.0940312495758,9.108124
6.508769136971682,6.4564767
6.113682179832232,5.345166
7.741533589281828,7.7368293
6.879355804460439,6.87526
3.258096538021482,3.2720559
9.95237295026594,9.924364
3.49650756146648,3.5111024
6.091309882077698,6.035564
7.379008127628304,7.37695
3.044522437723423,3.0245943
6.2766434893416445,6.255159
2.8903717578961645,2.9305282
5.2574953720277815,5.243139
6.113682179832232,6.149278
4.07753744390572,4.070262
5.525452939131784,5.5305357
4.204692619390966,4.2110987
6.156978985585555,6.24073
9.99888863729938,10.003055
11.26320690547022,11.334561
6.113682179832232,6.152357
7.462789157412448,7.4765177
4.718498871295094,3.4372568
9.305832353435404,9.281352
6.113682179832232,5.699716
9.803777708387116,9.802866
6.113682179832232,4.9992824
7.156176637480615,7.1386166
6.113682179832232,5.452191
2.3758355547336385,4.614897
4.189654742026425,4.1643977
6.635946555686647,6.629898
6.113682179832232,5.2410274
8.668493466439914,8.659047
1.4816045409242156,1.5673199
7.091742115095153,7.109887
3.912023005428146,3.9081712
11.686895578675124,11.883148
5.918893854273146,5.931842
2.1633230256605382,3.4749997
1.7967470107390942,4.729406
4.804021044733257,4.79708
6.113682179832232,4.960542
3.218875824868201,4.720519
6.113682179832232,6.119114
1.966984236610776,2.0359986
8.64541048921699,8.659156
8.618485442898109,8.621563
10.647850524480344,10.624115
10.315663426335734,10.321701
7.004881989712859,7.0045314
8.82776136765472,8.9067545
8.216628493133443,8.216351
3.6375861597263857,3.6610606
6.113682179832232,6.1609945
4.07753744390572,4.0754724
7.373374309910049,7.369182
6.113682179832232,4.525541
6.113682179832232,6.1571045
10.165928737122114,10.164225
2.533696813957432,3.9333613
5.44673737166631,5.4667997
6.366470447731438,6.329748
3.7819143200811256,5.217572
6.113682179832232,4.267477
2.4159137783010487,5.5048075
3.6428355156125294,3.6715963
9.75857738074032,9.74084
6.51025834052315,6.4489307
6.113682179832232,3.455209
4.362082905808832,4.3822775
5.971261839790462,5.9646144
6.560594765065204,6.146747
9.424644974623188,9.421642
6.113682179832232,6.060161
6.113682179832232,4.7810526
6.113682179832232,5.812567
7.818290255775268,7.8146987
6.113682179832232,6.152361
6.51025834052315,6.4270406
1.824549292051046,5.116854
2.873564639579784,5.190092
5.568344503761097,5.5543294
7.692569648067906,7.658308
5.8888779583328805,5.897883
6.838279655781776,6.8422914
0.7702453390767809,0.71712005
6.113682179832232,5.5323997
8.129174996911793,8.150991
9.615938804529582,9.646286
3.9149643661417945,3.9062374
9.18008732880516,9.165005
4.406719247264253,4.387967
6.045005314036012,6.0575747
7.793999089503996,7.809137
11.528277024474663,11.565106
6.352629396319567,6.304611
9.90358754753646,9.926967
2.517696472610991,4.5853276
1.742219023667919,4.291638
10.40432344467275,10.398777
6.495265555937008,6.445126
6.113682179832232,5.803833
3.708682081410116,3.7557895
3.2809112157876537,5.468854
14.60396882741904,14.745778
9.90358754753646,9.870295
6.113682179832232,5.596672
5.8805329864007,5.852782
5.198497031265826,5.2038674
8.434246270595311,8.403597
3.49650756146648,3.5374408
7.074963197966044,7.054238
3.332204510175204,3.3412917
6.848005274576363,6.8351965
7.303351142366113,7.299631
3.616308761279101,4.5117555
5.204006687076795,5.200795
6.115892125483034,6.0791087
4.882801922586371,4.8806777
7.901747518520144,7.8879285
3.254242968705492,3.9560773
7.801515493081219,7.816432
2.4423470353692043,2.4926164
5.641907070938114,4.7856784
8.132118772955806,8.126764
6.600869728852309,6.5817575
2.19722457733622,2.1356175
6.113682179832232,6.111761
3.1354942159291497,3.1247716
5.7430031878094825,5.7566357
1.8991179875485544,3.4129138
7.260824713692283,7.2520866
4.04305126783455,4.019548
11.37373236077595,11.327523
5.882625622278252,5.8980327
4.659658371272161,4.657365
8.613607741328979,8.624483
6.113682179832232,3.9561899
6.113682179832232,4.072472
6.113682179832232,6.117286
9.68046899341007,9.665148
6.113682179832232,5.7497616
4.276666119016055,4.2989197
6.113682179832232,6.1387177
6.113682179832232,5.840807
5.891644211825772,5.8999114
2.8903717578961645,2.8558817
4.07753744390572,4.764991
7.973155433444133,7.955118
5.568344503761097,5.567022
10.463160481696102,10.496272
2.5649493574615367,4.120576
3.725693427236653,3.7169363
3.367295829986474,3.354834
2.509599262378372,3.3438425
6.899723107284872,6.899993
5.2611864682098295,5.279016
9.207536444643448,9.218266
3.131136910560194,5.318349
6.113682179832232,5.38626
8.714967559395971,8.703548
2.833213344056216,4.308408
9.021598247379304,9.01021
6.113682179832232,5.4197025
6.113682179832232,6.1536646
10.591672441266258,10.608651
6.113682179832232,5.820186
4.513054897080286,3.7321477
6.113682179832232,4.441435
4.276666119016055,4.27655
6.843749949006225,6.863607
8.438799123988225,8.449913
4.02535169073515,4.0231476
9.75857738074032,9.7498455
6.400257445308821,6.3758974
5.71042701737487,5.7147603
8.671800909642677,8.659156
7.406103381237015,7.391648
6.113682179832232,3.8431108
3.1780538303479458,3.69701
4.189654742026425,4.169057
5.996452088619021,6.0019646
7.037027614686276,7.0476136
0.6931471805599453,0.7180238
7.980242459235436,7.99733
4.532599493153256,4.526854
7.901747518520144,7.8944306
6.113682179832232,6.1472645
6.113682179832232,5.432404
4.584967478670572,4.5687075
6.349138991379798,6.3468723
6.113682179832232,5.5048075
2.96010509591084,4.5048633
7.245655067594535,7.248138
4.276666119016055,4.298322
7.004881989712859,7.004862
2.772588722239781,2.789499
3.5667118201397288,3.5949123
8.17413934342947,8.185029
6.113682179832232,6.1580563
4.276666119016055,4.264071
5.937536205082426,4.851631
8.389814262086407,8.378722
4.02535169073515,4.0196977
2.9444389791664403,2.9585094
8.831565879121063,8.838156
2.0360119837525,5.2067547
6.113682179832232,6.126117
7.535830462798367,7.5515885
7.245655067594535,7.2473245
7.901747518520144,7.887
6.652863029353347,6.6527534
7.004881989712859,7.0050826
6.699500340161678,6.697676
3.910959039491633,3.9069266
10.338576185710364,10.331972
7.901747518520144,7.9218063
5.1298987149230735,5.112391
11.238514934711688,11.318845
6.113682179832232,6.25622
8.657302899400882,8.676913
5.147494476813453,5.1589675
3.1780538303479458,3.4769812
8.041734711487537,8.032483
8.808312311471798,8.7962265
1.9401794743463283,4.588776
2.302585092994046,2.3152428
7.31455283232408,7.3208566
4.804021044733257,4.8348007
4.254193263163997,5.1084824
8.50976567558744,8.493756
6.815639990074331,6.840847
7.784057002639929,7.7945337
3.1354942159291497,3.1417623
7.43955930913332,7.4489727
8.116417072794205,8.135683
3.091042453358316,3.1330304
6.648984550024776,6.6476827
6.113682179832232,6.160606
8.779865100863852,8.792939
5.524257005164247,5.49143
3.1780538303479458,3.2092555
9.58204184993154,9.608346
5.918893854273146,5.913752
3.683866912290392,4.1044173
2.5649493574615367,2.5551114
1.0929045735194949,0.80629355
2.1633230256605382,2.147962
6.459904454377535,6.4358764
2.174751721484161,5.3747826
7.002155954403621,6.9974766
6.871091294610546,7.0816975
11.321789172290998,11.291472
8.502891406705377,8.504052
6.90975328164481,6.9344125
3.9318256327243257,3.9592214
6.648984550024776,6.6527157
2.8903717578961645,3.595419
7.231287004327616,7.225012
6.113682179832232,4.2440467
1.9315214116032136,1.8906058
6.068425588244111,6.08759
5.488937726156687,5.5154257
3.610917912644224,3.5949688
7.601901959875166,7.5889444
5.147494476813453,5.157531
3.0878555624297968,3.083728
7.379008127628304,7.370018
3.956996371070877,3.9650373
6.113682179832232,5.279872
10.4032320062913,10.390165
2.9444389791664403,3.895396
8.269244521183056,8.257672
10.360500922524867,10.311411
3.1354942159291497,3.1306741
8.434246270595311,8.414828
2.70805020110221,2.719959
1.9459101490553128,1.8839594
6.977281341630747,6.951244
3.258096538021482,5.093712
2.302585092994046,2.3059099
4.553876891600541,4.5731015
4.4520190064939165,4.0266995
7.923348211930154,7.9263053
3.784189633918261,3.7794347
6.464588303689961,6.430263
7.004881989712859,7.0050826
6.100318952020064,5.8572974
6.113682179832232,5.526343
8.688116703257823,8.665962
6.776506992372183,6.779106
6.826545223556594,6.8419385
3.80666248977032,3.7850266
6.156978985585555,6.156118
9.200492035921368,9.211385
6.113682179832232,5.7417364
6.113682179832232,4.671614
4.495466920896128,4.494396
7.697121317282625,7.6984773
2.862200880929469,3.6678367
6.113682179832232,5.3760133
7.824845691026856,7.809137
3.3978584803966405,4.14324
8.786397166341942,8.791172
4.804021044733257,4.818252
5.720311776607412,5.7368393
5.0238805208462765,5.0257664
8.789050713521046,8.793649
8.269244521183056,8.267388
3.218875824868201,3.2170475
4.499809670330265,4.5044746
7.476472381163905,7.47197
6.113682179832232,5.812567
8.59452453435256,8.588633
4.61512051684126,4.60991
8.216628493133443,8.221634
6.049733455231958,6.060657
3.6082115510464816,4.26896
6.113682179832232,6.144314
7.245655067594535,7.256886
7.175171272611848,7.171058
3.737669618283368,3.7299173
10.94379959925603,10.93875
7.601901959875166,7.6132326
6.113682179832232,5.051163
3.555348061489413,4.4565797
7.004881989712859,6.997608
6.646390514847729,6.6257925
2.772588722239781,2.7925653
6.113682179832232,5.3646727
8.48920515487607,8.499265
6.113682179832232,5.390936
7.824845691026856,7.809137
6.113682179832232,4.6266556
6.113682179832232,6.1412973
10.169767218727474,10.155524
6.113682179832232,5.032558
10.63388234712274,10.621473
6.113682179832232,5.6021295
8.883501584323207,8.848748
3.295836866004329,3.3330226
6.113682179832232,5.774237
7.601901959875166,7.6222277
10.545394068902477,10.49468
9.85450737031441,9.869822
5.111987788356544,5.128895
5.918893854273146,6.007235
5.117993812416755,5.447517
7.877397186353287,7.887618
5.7430031878094825,5.729125
6.1779441140506,6.165697
6.113682179832232,6.1593213
3.555348061489413,3.5914671
6.113682179832232,6.111761
7.013915474810528,5.593166
9.376024287617112,9.391121
1.085189268335969,1.0944692
12.072552681411771,12.141385
4.955827057601261,4.965912
6.230481447578482,6.223383
8.839566503657949,8.841514
6.113682179832232,4.5447745
6.113682179832232,6.155338
8.318498320504338,8.298139
4.174387269895637,4.1642337
6.580639137284949,6.586167
9.39282858154946,9.395006
7.419979923661835,7.4358864
10.126711100650509,10.139447
5.402677381872279,3.5382361
8.001560615191917,8.001678
6.113682179832232,5.7632775
3.6375861597263857,3.6627755
4.882801922586371,4.8845744
4.363639370278909,4.375486
8.354203562921775,8.340218
5.605802066295998,5.57104
10.225643512847986,10.232045
5.945420608606575,5.9460897
8.537387898701757,8.543284
6.113682179832232,6.152361
6.493753839851686,6.4489307
6.113682179832232,5.925985
9.056956065076823,9.055506
2.70805020110221,4.04411
6.71174039505618,6.728903
4.736198448394496,4.75609
11.177942119400434,11.087881
5.942799375126701,5.9787517
6.113682179832232,6.1452966
3.6375861597263857,3.6631887
6.837332814685591,6.8341603
6.842683282238422,6.8485208
6.20050917404269,6.1931252
2.2300144001592104,3.7077544
9.280519206597427,9.290375
3.610917912644224,3.6002626
8.310672341233358,8.299912
5.342334251964811,5.312284
1.9600947840472696,4.030339
5.84354441703136,5.853081
9.68046899341007,9.661997
6.12029741895095,6.1315136
2.5649493574615367,2.5531132
9.90358754753646,9.919429
8.166784289056151,8.143962
4.060443010546419,4.070464
5.123963979403259,4.945665
6.113682179832232,6.1412973
9.21054035197885,9.222571
4.995183189537334,4.97157
2.5952547069568657,2.666587
8.683046555502886,8.66671
6.804614520062624,6.7355247
7.631431664576906,7.6535997
8.537387898701757,8.544452
8.57715877258367,8.587782
5.147494476813453,5.1630573
7.86403565907245,7.876894
10.753681216035355,10.74212
7.565793282428515,7.591062
3.951243718581428,3.963863
3.951243718581428,3.9624248
7.194436851100335,7.1572137
6.815639990074331,6.837692
2.8903717578961645,2.9305282
3.737669618283368,3.5751362
5.996452088619021,6.0145025
7.99799931797973,7.996397
8.041734711487537,8.0324135
3.7612001156935615,3.7794347
2.856470206220483,3.6494703
7.171656822768514,7.170106
2.70805020110221,4.030339
6.988226547062806,6.98978
8.96482339168508,8.961198
1.7749523509116738,1.8759019
6.796823718274855,6.81086
6.113682179832232,4.8000636
6.113682179832232,6.1002975
6.761572768804055,6.7607255
3.218875824868201,3.2038243
8.785539527561276,8.795488
5.43372200355424,5.434616
7.43955930913332,7.437778
11.371384941857643,11.3176365
6.113682179832232,5.45025
6.1779441140506,6.202101
6.135564891081739,6.107076
10.40432344467275,10.383351
3.004883227715808,3.0137687
6.021023349349527,6.0335865
9.76434042112597,9.745518
5.402677381872279,5.397917
2.4432162227337915,5.051163
4.804021044733257,4.810622
4.727387818712341,4.955817
5.660230601245297,5.662683
4.422448549172797,5.7141776
6.113682179832232,6.119215
7.576097340623111,7.590889
4.356708826689592,4.348655
3.1780538303479458,3.2034779
6.113682179832232,6.144314
5.0238805208462765,5.0227246
6.113682179832232,5.996017
8.834336974017637,8.844017
9.472858470764416,9.486227
3.555348061489413,4.0954556
6.113682179832232,4.601646
6.113682179832232,6.1421523
6.113682179832232,5.925985
3.1780538303479458,3.2030249
6.113682179832232,5.8561945
9.198470199405696,9.137216
3.1354942159291497,3.1252246
1.706564623164823,4.8321013
9.05975001334368,9.05565
5.846438775057725,5.8552327
7.784057002639929,7.7845545
2.302585092994046,2.283583
2.70805020110221,4.959126
10.060576767778905,10.070265
3.295836866004329,3.2926118
6.113682179832232,6.1353025
2.8903717578961645,2.92847
9.200492035921368,9.211337
5.7745515455444085,5.796557
10.119888422982946,10.066613
2.5649493574615367,5.101698
6.113682179832232,6.1492095
6.113682179832232,6.155735
7.173191742486599,7.1759543
8.065388262962227,8.037123
10.40432344467275,10.393967
2.772588722239781,4.4126906
6.366470447731438,6.329748
3.4339872044851463,4.077835
3.3638415951183864,3.3578568
6.113682179832232,6.119316
8.132118772955806,5.4794483
6.113682179832232,4.0483055
8.007034012193408,7.9943295
9.200492035921368,9.177581
7.762596048540069,7.774344
7.550661243105336,7.5438137
2.6390573296152584,2.6411047
5.4638318050256105,5.45542
4.406719247264253,4.3822775
5.834810737062605,5.840827
6.71360573796953,6.7355576
6.113682179832232,5.058174
6.113682179832232,6.159872
3.1354942159291497,5.005475
5.0238805208462765,5.019944
4.955827057601261,4.95704
8.102283624480073,8.08575
2.5649493574615367,2.5551462
5.505144348229698,5.485328
4.615895682498052,4.648293
7.534762657037537,7.5493574
6.113682179832232,6.152652
6.250576282124333,6.282959
8.837100411162755,8.849575
6.815639990074331,6.836761
5.568344503761097,5.579369
8.392083380373393,8.366774
6.113682179832232,5.097553
5.204006687076795,5.1992903
11.184364802967512,11.107258
10.655351654054858,10.604935
9.118225083068378,9.111869
7.245655067594535,7.252727
5.356586274672012,5.358626
6.113682179832232,6.146508
6.8690144506657065,6.8731985
9.268797941547753,9.285615
7.496652438168283,7.5004663
10.663685720345685,10.615948
5.402677381872279,5.383801
4.127134385045092,4.11705
2.8903717578961645,2.8600326
6.881110177148494,6.879993
4.477336814478207,4.5132046
9.087181461790696,9.11207
3.202746442938317,3.2125819
3.091042453358316,5.278238
7.8407064517494,7.8501515
4.3694478524670215,4.3776264
8.72453251118548,8.716263
6.113682179832232,5.452191
3.258096538021482,3.273334
8.764365720529808,8.741747
2.302585092994046,4.430899
3.58351893845611,3.5894604
3.367295829986474,3.3411658
6.113682179832232,5.045221
9.546955455537145,9.53518
3.091042453358316,3.088555
3.194583132299156,3.763194
4.406719247264253,4.36516
6.113682179832232,5.7552776
5.634789603169249,5.6432877
6.113682179832232,5.3542557
6.363028103540465,6.3189745
11.097440323579738,11.082364
8.683046555502886,8.657196
6.045005314036012,6.0582147
6.113682179832232,5.4921317
2.3978952727983707,2.3898048
4.770684624465665,4.8321013
1.9459101490553128,4.005185
3.58351893845611,4.6887603
6.113682179832232,5.9155664
5.971261839790462,5.9644647
7.268223021159565,7.253975
5.817111159963204,5.81794
6.480044561926653,6.450084
7.400009517162692,7.3974605
6.113682179832232,4.9647355
7.614312146452,7.6183043
2.6461747973841225,3.3070917
4.882801922586371,4.884166
3.1780538303479458,3.1950548
9.6268833523992,9.659984
8.366835309827675,8.3698435
5.204006687076795,5.200795
8.497398564088058,8.502603
3.555348061489413,3.5898068
6.113682179832232,5.526343
8.10349427838097,8.093121
5.402677381872279,5.6224556
3.044522437723423,3.0186925
8.225235324101668,8.21839
2.3978952727983707,2.409081
5.676753802268282,5.6371183
6.113682179832232,5.945497
6.113682179832232,5.082106
6.113682179832232,6.1383533
5.135798437050262,5.143803
6.070195239442144,6.081721
6.113682179832232,4.9829545
2.302585092994046,2.2923005
2.341805806147327,4.7507725
2.002830439307996,3.8010187
7.43955930913332,7.441289
1.247032293786383,1.1333942
10.961312568303402,10.925102
7.31455283232408,7.2999086
9.05742226555147,9.066405
7.824845691026856,7.8083415
14.686804760727426,14.083892
5.44673737166631,5.4528255
10.165928737122114,10.163021
8.294549515143679,8.296831
5.0238805208462765,5.0228744
9.989756987688304,10.007009
7.491087593534876,7.478069
3.284663565406204,3.4527879
10.37355367982882,10.406137
3.264433309750886,3.275341
6.113682179832232,4.525541
6.2422232654551655,6.2398734
6.710369045704336,6.729736
7.804659297056102,5.6778846
7.824845691026856,7.8088245
2.19722457733622,3.3581085
2.995732273553991,3.0062613
0.6931471805599453,0.98390466
6.113682179832232,5.0246873
3.765840495250065,5.1663284
8.848509300888079,8.849645
10.457688707770052,10.402116
0.6931471805599453,0.71712005
2.1400661634962708,6.0804377
4.248495242049359,4.259429
8.556798446008598,8.551285
6.338594078203183,6.3320374
9.982483558762626,10.000572
6.113682179832232,4.525541
6.982842297715199,6.985856
6.699500340161678,6.671527
9.05975001334368,9.051851
6.113682179832232,5.6378827
4.22829253473184,4.2184744
7.824845691026856,7.8102913
3.218875824868201,3.2033887
6.113682179832232,6.1543984
5.402677381872279,5.4151807
3.258096538021482,3.2778633
8.556798446008598,8.544156
5.430980825718117,5.4376416
6.113682179832232,6.111761
5.863631175598097,5.857223
6.113682179832232,5.1789417
5.356586274672012,3.9322805
4.48863636973214,4.498787
1.9459101490553128,1.9048728
9.763190466997406,9.743492
2.5877640352277083,4.534376
6.735780014242327,6.7306304
6.818292332678993,6.8388276
5.529429087511423,5.52852
10.25983244201288,10.237761
7.697121317282625,7.716121
8.839566503657949,8.843868
5.993961427306569,5.9758987
6.309276256657999,6.281309
9.39282858154946,9.377935
6.349138991379798,6.3543167
5.257308615894442,5.2433977
10.27512007210784,10.228702
5.1298987149230735,5.1998506
9.475086413144906,9.466912
2.079441541679836,2.130791
4.882801922586371,4.8974323
8.294549515143679,8.269461
11.152500641871764,11.088582
4.955827057601261,4.95689
5.375278407684165,5.400621
4.882801922586371,4.8435583
5.308267697401205,5.302632
10.518727244219548,10.515018
6.113682179832232,6.132846
1.4816045409242156,1.5919925
8.743850562030243,8.751189
2.0541237336955462,3.4299755
4.248495242049359,4.2771173
4.0469208412721445,4.0757957
8.868131713503033,8.886073
1.3862943611198906,1.3795741
8.222016437202196,8.22558
11.733746320914792,11.815539
6.777646593635117,6.7710238
9.68046899341007,9.682953
9.048056708918736,9.054749
3.529297384289471,3.5433693
11.233238016844153,11.318512
3.6635616461296463,3.6559503
6.091309882077698,6.085764
11.14189076866657,11.1123495
3.784189633918261,3.7768307
10.80553736211994,10.742984
7.681099001536359,7.667546
5.204006687076795,5.234534
1.33500106673234,1.3988177
4.770684624465665,4.747311
6.60934924316738,4.806179
6.598627648728384,6.5855517
1.8579034406175343,1.8812935
6.113682179832232,3.3603556
6.495265555937008,6.440427
6.238324625039508,6.2372537
9.852299515766695,9.865465
5.71042701737487,5.7348104
7.502186486602924,7.513135
0.6931471805599453,0.72038144
2.833213344056216,2.859667
7.334329350300536,7.3273215
6.113682179832232,6.160763
6.113682179832232,5.641907
5.891644211825772,5.8985705
2.19722457733622,2.1886992
5.8971538676367405,5.92283
7.891602210027854,7.8856926
3.4011973816621555,3.4169111
8.07153089355666,8.08222
7.86403565907245,7.879573
3.459466289786131,3.5025904
2.8903717578961645,5.0110536
6.113682179832232,5.054997
12.857871137289369,12.690302
11.841523927486865,11.9571495
1.3862943611198906,1.386938
7.091742115095153,7.093492
6.113682179832232,4.4955606
8.294549515143679,8.297388
2.360854001118021,3.8974006
15.352163130872672,13.320293
3.295836866004329,4.383319
7.22402480828583,7.2181683
2.3978952727983707,2.405372
6.113682179832232,6.1603246
4.174387269895637,4.1693916
6.113682179832232,5.5029087
4.063885354737392,4.1043887
4.174387269895637,4.169175
3.955082494888593,3.6307847
8.85395110151461,8.844627
6.113682179832232,6.1563706
10.691990366412826,10.736627
9.02063159674821,9.012375
4.948759890378168,4.9486933
6.113682179832232,6.13476
2.995732273553991,2.9963796
2.70805020110221,2.7211518
6.113682179832232,6.0378523
3.970291913552122,3.9592214
9.082734247371036,9.06159
2.653241964607215,5.1268535
10.309019325088835,10.317138
8.61122983334262,8.626921
3.610917912644224,3.5979853
6.289715570908998,6.205873
2.995732273553991,3.0185263
2.6390573296152584,2.6320937
3.4339872044851463,3.4137692
7.31455283232408,7.299988
6.124683390894205,6.1447973
5.60947179518496,5.6177936
2.186051276738094,4.030339
10.891205523751276,10.928853
4.30406509320417,4.3012505
6.674561391814426,6.700813
6.89172751790494,6.887522
0.6931471805599453,0.80583066
5.805134968916488,5.770857
9.717880392358245,9.694065
3.737669618283368,3.7008069
5.356586274672012,5.357423
6.958448393297656,6.9429455
6.539585955617669,6.1347003
6.113682179832232,4.639577
6.113682179832232,6.146882
6.2766434893416445,6.297407
4.61512051684126,4.6387544
8.07153089355666,8.081087
4.189654742026425,4.1882935
3.555348061489413,3.60409
6.113682179832232,6.001584
4.30406509320417,4.2983747
4.343805421853684,4.333658
2.7013612129514133,2.723589
7.31455283232408,7.318156
3.8918202981106265,3.8991861
6.113682179832232,4.916371
4.3489867805956814,4.33921
6.113682179832232,6.133369
9.208538750029554,9.222571
6.113682179832232,5.6643553
1.9459101490553128,1.8983585
8.294549515143679,8.296827
6.113682179832232,6.1037145
7.388946097618437,7.3967867
6.113682179832232,5.941814
3.970291913552122,5.035253
9.226145296424829,9.221623
1.9459101490553128,1.8903503
6.113682179832232,6.119215
10.203666216317192,10.155773
10.10242037513528,10.080834
4.191168746857641,3.7995186
2.772588722239781,3.6149352
7.273092595999522,7.3001266
9.918474682344376,9.93299
5.720311776607412,5.7368393
3.091042453358316,3.0868435
6.045005314036012,6.0578103
7.091742115095153,7.093258
6.113682179832232,6.142611
4.276666119016055,4.2729516
6.2422232654551655,6.225572
7.101675971619444,7.0955195
6.278709023828715,6.2769904
4.356708826689592,4.3719244
5.087596335232384,5.11645
4.02535169073515,4.033284
7.091742115095153,7.095086
7.926241523170962,7.922313
2.772588722239781,2.781315
3.8918202981106265,3.8990364
4.276666119016055,4.269987
6.113682179832232,6.154604
3.5580185869633447,3.5925007
3.92395157629342,3.8958275
9.39282858154946,9.415661
6.90975328164481,6.9347525
5.937536205082426,5.9226923
9.21054035197885,9.217373
6.113682179832232,6.04291
3.8501476017100575,3.8589718
9.169726689090886,9.165005
2.6390573296152584,4.2881455
6.113682179832232,5.2901607
6.1463292576688975,6.1655474
5.087596335232384,5.0973787
6.400257445308821,6.377954
5.610204127696635,5.606836
3.9889840465642745,4.0194955
9.852562611350836,9.872808
1.5260563034950494,1.5860559
10.44977732555479,10.404143
9.53978799366043,9.547577
11.72554988369423,11.936788
4.990432586778736,4.727908
7.066466970136958,7.0517354
6.113682179832232,5.351407
8.38958706681109,8.379241
7.266827347520591,7.235327
6.661854740545311,6.6490526
4.543294782270004,4.5281696
6.113682179832232,6.1378336
10.745981033208576,10.725782
7.19668657083435,7.2174344
6.113682179832232,5.5407314
4.83150862819882,4.8508687
6.523562306149512,6.434546
7.784057002639929,7.7771406
6.113682179832232,6.158326
6.113682179832232,5.66057
4.736198448394496,4.750987
5.087596335232384,5.083202
6.889591308354466,6.899993
3.6635616461296463,3.6694808
4.04305126783455,4.041138
7.496652438168283,7.496982
6.902742737158593,6.8994913
4.544900832306459,4.5315814
8.57583938684897,8.586018
4.204692619390966,4.211301
6.113682179832232,6.143064
8.34763455381213,8.331289
6.390576181243971,6.390447
3.258096538021482,4.215379
10.483186040588494,10.494205
3.4404180948154366,3.302164
6.113682179832232,5.812567
3.1780538303479458,3.1475923
2.995732273553991,3.0214274
2.322387720290225,2.3922887
9.71087320625674,9.679561
8.98744678941718,9.007974
4.955827057601261,4.9711294
4.406719247264253,4.3719025
1.786746927404511,1.8839594
5.7430031878094825,5.7330084
6.113682179832232,6.143064
3.091042453358316,3.078792
6.113682179832232,5.126341
5.641907070938114,5.6368256
6.113682179832232,5.5195336
5.099866427824199,5.1382785
6.582025138892826,6.5685167
6.021023349349527,6.044742
7.43955930913332,7.440722
12.06682207238348,12.331955
2.772588722239781,2.7859218
6.113682179832232,6.1353025
9.06207235530708,9.059771
4.804021044733257,4.8014116
5.204006687076795,5.2007785
7.550661243105336,7.547516
2.4069451083182885,3.8281052
8.158802490694002,8.138864
6.113682179832232,6.1536646
4.492001487882454,4.710883
3.091042453358316,3.0868435
6.113682179832232,4.6762366
4.04305126783455,4.023952
5.094976442530006,5.0963564
3.912023005428146,3.9048865
6.113682179832232,6.1386557
7.643003635560718,7.624418
4.35799005684564,4.410748
2.2925347571405443,5.3546867
7.22402480828583,7.2293415
5.062595033026967,5.047027
5.713895109301075,5.7323375
6.1463292576688975,6.164122
8.817001443665859,8.846377
3.5234150143864045,4.9388967
10.367284459872344,10.315046
1.66392609771817,3.978009
10.278252874394656,10.22451
2.6390573296152584,4.573166
5.468060141135132,5.4676666
4.406719247264253,4.3721046
5.863631175598097,5.84502
2.714694743820879,2.7194607
2.322387720290225,4.7868977
6.113682179832232,6.1490064
9.0940312495758,9.100711
3.091042453358316,3.0870318
3.0633909220278057,4.106872
5.0238805208462765,5.019944
9.08984588634012,9.104826
6.113682179832232,6.1491094
5.299115176152625,5.2855287
6.113682179832232,5.7417364
6.113682179832232,5.2769527
6.113682179832232,6.1491094
3.3068867021909143,4.2800407
9.441610810502,9.426423
4.718498871295094,4.719602
8.545586265917455,8.5452585
5.0369526024136295,5.036256
8.882114044208821,8.899902
6.551510017542127,6.1425543
0.6931471805599453,0.71712005
10.179365286288071,10.1577215
4.755239665042817,4.7508554
3.1354942159291497,3.1385763
10.93314268336526,10.929686
2.995732273553991,3.0062613
8.245909264774093,8.233708
6.113682179832232,5.793
1.6094379124341005,1.606706
0.6931471805599453,0.72038144
2.667228206581955,2.659905
6.113682179832232,6.0378523
7.29505641646263,7.3035493
4.1535564218539465,4.166885
6.113682179832232,5.3748126
8.36450810375059,8.431044
5.7745515455444085,5.7519813
4.624972813284271,4.6239595
2.1746250427880534,2.150869
2.995732273553991,3.006411
8.269244521183056,8.261617
6.113682179832232,5.93046
11.407587171287714,11.309656
6.289715570908998,6.356312
10.669001905221974,10.614802
7.004881989712859,7.0034237
6.968850378341948,6.98164
5.308267697401205,5.3239026
2.079441541679836,2.0520275
8.971702399703325,8.950833
9.898575508175108,9.888969
5.0238805208462765,4.992093
9.36751504634818,9.325617
2.8903717578961645,2.9270113
6.091309882077698,6.085848
10.27512007210784,10.24455
8.630878955820053,8.622649
7.273786317844895,7.301736
5.817111159963204,5.808448
6.304448802421981,6.2535663
2.124653884501384,3.841845
4.605170185988092,4.576254
8.132118772955806,8.135431
2.436481745715546,2.471529
5.791793351978915,5.779938
6.198478716492308,6.098839
6.113682179832232,5.3546867
9.164191715950205,9.166401
10.351437272250449,10.314343
2.468099531471619,5.073057
8.470939806898775,8.456505
9.928277721343347,9.944606
6.113682179832232,5.891118
2.772588722239781,2.7850947
10.40432344467275,10.391601
5.14166355650266,5.122821
6.610696044717759,6.6296644
5.3230099791384085,5.300382
3.1780538303479458,3.2110507
2.862200880929469,4.095885
5.087596335232384,5.1125684
7.004881989712859,6.9970527
8.259975659768276,8.252615
3.828641396489095,3.8447683
2.3978952727983707,2.385171
3.218875824868201,3.206604
5.529429087511423,5.5409484
5.945420608606575,5.946476
3.295836866004329,3.2842104
4.882801922586371,4.8868527
6.295266001439646,6.284032
4.430816798843313,4.4341707
6.837332814685591,6.837129
3.3945083935113587,4.3197417
3.218875824868201,3.2034779
6.814542897259958,6.8351398
4.085976312551584,4.6246576
9.148677711584076,9.174271
6.113682179832232,5.705459
6.113682179832232,6.132113
4.442651256490317,4.4309163
0.6931471805599453,0.7435755
6.113682179832232,5.6621356
7.31455283232408,7.3206487
6.113682179832232,6.136889
3.784189633918261,3.7983184
2.8903717578961645,2.8571641
7.993619994827744,7.9984355
6.113682179832232,5.28825
10.24003121517787,10.223848
10.518727244219548,10.495943
7.729735331385051,7.744757
9.36751504634818,9.318734
3.4011973816621555,3.407411
3.1780538303479458,3.1467097
7.145196134997171,7.139532
6.113682179832232,5.938327
5.356586274672012,5.3546352
3.9889840465642745,3.9590716
3.6635616461296463,3.6559503
2.169053700369523,4.0282683
1.33500106673234,1.378279
4.127134385045092,4.127188
0.6931471805599453,1.0738449
6.113682179832232,5.4197025
9.58204184993154,9.613706
10.518727244219548,10.483208
6.238324625039508,6.2474127
2.295560478057081,2.2880454
1.9459101490553128,2.015902
9.39282858154946,9.382857
5.662960480135946,5.651557
4.30406509320417,4.311807
8.269244521183056,8.26475
11.321316917264513,11.299374
6.113682179832232,5.526343
3.80666248977032,3.8341506
6.113682179832232,5.5681944
4.143134726391533,4.1251945
10.060576767778905,10.066613
10.338576185710364,10.317767
6.113682179832232,4.7885013
8.263332667439967,8.27099
10.021359473131016,10.00273
2.772588722239781,2.7799132
12.712896271976868,12.386077
1.9459101490553128,1.9077291
8.881975184248867,8.882879
7.43955930913332,7.439814
7.824845691026856,7.8348403
3.871201010907891,4.906085
10.950841633920426,10.9154415
7.855544677915663,7.8470845
5.891644211825772,5.8975797
6.113682179832232,3.5107224
9.741086263177303,9.739974
3.1780538303479458,3.1387985
4.31748811353631,4.3031664
6.198478716492308,6.212258
9.939991067547286,9.93474
5.0238805208462765,5.0257664
6.113682179832232,5.624041
10.40432344467275,10.462971
6.113682179832232,6.1452966
4.110873864173311,4.991097
10.463160481696102,10.4184
9.615938804529582,9.601179
2.517696472610991,3.8456736
8.569785641535407,8.546967
7.004881989712859,7.02115
4.0943445622221,4.070262
6.113682179832232,6.136889
5.730099782973574,5.731212
6.331501849893691,6.3322244
8.4767877767812,8.455358
7.22402480828583,7.2246404
6.113682179832232,5.075527
2.772588722239781,2.7850947
8.20849175174038,8.312118
6.113682179832232,5.66057
4.406719247264253,4.38549
4.61512051684126,4.6110334
8.012417659110863,7.9937387
5.308267697401205,5.3132515
3.594568774642695,3.6493895
7.004881989712859,7.007041
9.852299515766695,9.864992
9.320270431348378,9.322501
10.58663490101774,10.625177
8.232706009860976,8.226608
7.697121317282625,7.697448
7.327780538421631,7.3246837
2.4336133554004498,2.4714434
3.277144732992177,4.1305995
5.818092820833612,5.794134
3.044522437723423,3.0232663
3.091042453358316,3.0830092
6.113682179832232,3.9161108
2.066862759472976,3.7334542
1.410986973710262,1.3839518
7.496652438168283,7.5002337
4.23410650459726,4.2173247
5.44673737166631,5.441149
3.864931397894296,3.7399275
4.709530201312334,4.237828
4.653960350157523,4.6824493
11.608253826427449,11.548891
2.9444389791664403,2.9572046
5.75890177387728,5.768188
5.676753802268282,5.680215
8.343315881404946,8.336972
6.192362489474872,6.2115307
7.313420367092967,7.310543
4.955827057601261,4.952163
6.156978985585555,6.151723
6.156978985585555,6.1590557
6.113682179832232,4.219892
6.150602768446279,6.1891403
2.0412203288596382,5.945497
4.30406509320417,4.2983747
6.113682179832232,5.8501163
6.113682179832232,4.854555
3.044522437723423,3.0679703
6.075346031088684,6.144631
6.771935555839602,6.7607255
10.27512007210784,10.304968
9.99888863729938,9.998679
3.688879454113936,3.7157748
4.718498871295094,4.6755223
9.79823814181703,9.79213
8.537387898701757,8.548126
2.4423470353692043,5.731522
4.718498871295094,4.7146993
9.95237295026594,9.950813
2.291335322816708,2.2789512
2.3978952727983707,2.3903623
6.52795791762255,6.2352953
3.737669618283368,4.884611
9.49416501410066,9.47566
6.113682179832232,6.143064
7.091742115095153,7.102802
4.686750172980514,4.6414375
8.8757847808275,8.889071
7.496652438168283,7.4762087
7.009408932708637,6.998578
9.299632479454944,9.290444
6.113682179832232,5.2196984
9.99888863729938,9.992291
5.568344503761097,5.580004
6.113682179832232,6.133369
3.258096538021482,3.2838082
4.564348191467836,4.582738
5.71042701737487,5.7287345
5.204006687076795,5.2358446
4.496359280129911,4.490608
6.804614520062624,6.7958674
3.912023005428146,3.8991861
1.9459101490553128,1.898347
6.113682179832232,5.240014
5.204006687076795,5.197012
6.113682179832232,4.9697247
7.636269603379373,4.957716
3.2878442893228788,3.2751517
6.113682179832232,6.210779
6.113682179832232,5.272944
7.116394144093465,7.1033974
6.331501849893691,6.327514
7.842278779117352,7.85015
4.5217885770490405,4.54455
8.357962965845681,8.373357
8.039802343736485,8.053059
6.113682179832232,5.261442
2.4849066497880004,2.4884346
6.295266001439646,6.282559
9.055556158175316,9.056872
8.716371865276615,8.704913
6.113682179832232,6.119215
6.113682179832232,3.887982
4.574710978503383,4.5713806
5.204006687076795,5.201589
5.087596335232384,5.0902715
9.39282858154946,9.383061
6.113682179832232,4.993476
2.4849066497880004,4.2265196
5.3230099791384085,4.4179325
7.901747518520144,7.900558
8.098338846189057,8.085921
5.863631175598097,5.862896
8.155362120328135,8.140068
8.280989729513239,8.249598
7.601901959875166,7.588393
6.068425588244111,6.1096325
6.440946540632921,6.376405
6.51025834052315,6.424224
2.8903717578961645,2.8622596
1.9459101490553128,1.7746929
5.204006687076795,5.1992903
4.882801922586371,4.8799973
6.113682179832232,4.6973596
11.066669611853538,11.101037
7.171656822768514,7.1753936
8.65032450401942,8.629385
1.2237754316221157,1.0921117
8.61286694148452,8.62455
3.9889840465642745,3.9952674
5.1647859739235145,5.165324
10.030208305315284,10.014779
6.068425588244111,6.0614166
1.5303947050936475,3.7504017
7.547501682814967,7.5469146
10.831746380186138,10.926681
7.049254841255837,7.053686
3.258096538021482,3.2725089
8.269244521183056,8.258968
6.113682179832232,5.5652432
6.113682179832232,5.424608
6.113682179832232,3.68953
9.947600127154448,9.934644
6.113682179832232,4.216476
6.889591308354466,6.882697
3.4657359027997265,5.3356075
5.918893854273146,4.559164
10.50949607527931,10.417883
6.113682179832232,6.1174483
8.102283624480073,8.097901
7.824845691026856,7.8162804
9.485848643496254,9.474415
2.0014800002101243,3.3905315
3.713572066704308,4.2183304
6.113682179832232,6.152652
5.430600355539502,5.444746
6.091309882077698,6.0888352
2.9444389791664403,2.9305282
7.650644551436897,7.6620436
7.534762657037537,7.5216446
2.19722457733622,2.1687973
2.3978952727983707,2.4038193
6.113682179832232,5.945497
5.863631175598097,5.860382
4.790404164229081,5.0919027
6.113682179832232,6.1412973
5.204006687076795,5.2087803
6.473890696352274,6.451384
6.113682179832232,5.6021957
7.273092595999522,7.3001266
1.7369512327330598,1.5915138
7.379008127628304,7.366537
8.679992081721329,8.663392
6.091309882077698,6.0886564
9.049232211581426,9.065943
7.43955930913332,7.433792
9.39282858154946,9.383613
6.22455842927536,6.212258
3.091042453358316,3.1252246
9.376024287617112,9.386409
6.848005274576363,6.8375235
7.85243908535751,7.853015
7.901747518520144,7.8806667
9.158252937185466,9.165641
8.80198770865203,8.793408
5.204006687076795,5.2105823
6.747586526829315,6.7379365
2.085672091430472,3.4466233
5.945420608606575,5.9620543
5.2574953720277815,5.2805142
5.356586274672012,5.3128533
8.216628493133443,8.220054
8.189244525735901,8.17702
7.2875606403097235,7.266122
6.113682179832232,5.261099
6.899723107284872,6.8994417
8.319229938632326,8.332302
7.550661243105336,7.551174
10.8590374583624,10.924715
9.472858470764416,9.473455
3.261935314328648,4.071842
9.546955455537145,9.536288
5.356586274672012,5.3656735
0.6931471805599453,0.74430025
7.715123603632105,7.7108064
7.697121317282625,7.69671
2.3832429960115,4.4238787
6.113682179832232,6.1412973
6.113682179832232,6.149955
10.079581424158675,10.066509
7.22983877815125,7.2165904
3.610917912644224,3.5928757
7.938088726896952,7.945951
6.313548046277095,6.322209
1.3862943611198906,1.386938
11.775305113934762,11.801238
2.995732273553991,3.0213094
3.3945083935113587,4.647487
6.582398517160639,6.5855517
9.64422858375447,9.651287
7.695757990554761,7.697253
4.908233360478175,4.8949447
5.568344503761097,5.6396112
3.4657359027997265,3.4623477
4.675483358240584,4.646314
9.016998311898762,9.021067
4.338205355125032,4.3562336
9.243068918416414,9.223388
1.791759469228055,1.8752167
6.113682179832232,6.102064
4.279440045898781,4.3098617
6.198478716492308,6.208004
6.084499413075172,6.092915
1.589235205116581,1.5673199
2.19722457733622,2.1339498
6.77078942390898,6.761399
7.301147805856032,7.307396
1.241213215176716,0.80205816
7.194436851100335,7.22119
6.113682179832232,3.9891584
8.132118772955806,8.1318035
6.8690144506657065,6.8738103
6.113682179832232,6.115844
9.741086263177303,9.739715
7.379008127628304,7.370188
9.546955455537145,9.534822
3.044522437723423,3.0674632
6.113682179832232,4.1655526
5.0238805208462765,5.0170207
4.969813299576001,4.9556108
12.873907146297809,12.455182
4.356708826689592,4.3482075
5.834810737062605,5.8648334
5.7430031878094825,5.728585
9.105202053852878,9.103184
3.044522437723423,3.0083628
4.449685283147696,3.3156896
3.990834185852436,5.219902
7.004881989712859,7.00724
9.741086263177303,9.738013
6.495265555937008,6.4498396
4.882801922586371,4.879795
2.438862711286593,4.299725
11.463756228962144,11.546882
6.113682179832232,6.1556025
9.772031416698052,9.739401
5.424950017481403,4.110496
4.412798293340635,4.391038
6.113682179832232,6.1580563
8.036573409707312,8.055628
8.630878955820053,8.619342
6.113682179832232,6.152357
9.472858470764416,9.47816
7.870547844507712,7.847164
2.694627180770069,5.925985
5.854550801332144,5.861328
3.4657359027997265,3.4546006
4.5880240271531205,4.2589293
4.700480365792417,5.2304144
3.32862668882732,3.9945571
6.113682179832232,4.4316254
5.529429087511423,5.524997
5.0369526024136295,5.036256
9.615938804529582,9.602239
6.113682179832232,6.126117
2.681021528714291,3.8134813
2.379546134130174,5.5441103
4.718498871295094,4.728331
6.113682179832232,6.143064
2.9444389791664403,3.0011337
6.113682179832232,5.8360066
6.113682179832232,6.0878572
8.61286694148452,8.623894
6.113682179832232,5.596672
4.962844630259907,4.949076
6.79346613258001,6.799679
6.958448393297656,6.9504642
5.720311776607412,5.7368393
8.09009578318096,8.089424
1.1631508098056809,1.1038402
5.087596335232384,5.115869
4.536891345234797,5.180339
3.367295829986474,3.3607104
9.21054035197885,9.214322
9.61326893243235,9.59757
8.412277021466677,8.40874
10.40432344467275,10.390543
8.117312461601975,8.144985
6.274762021241939,6.238367
8.98744678941718,9.0024605
3.277144732992177,4.560824
3.828641396489095,3.7975395
8.363342466597977,8.369305
8.82497196556714,8.843674
9.39282858154946,9.411556
4.454347296253507,4.4342747
4.852030263919617,4.8376765
11.178878285519511,11.064798
6.113682179832232,6.111761
8.129174996911793,8.135069
2.186051276738094,5.1325026
6.113682179832232,5.0065165
6.113682179832232,5.0594773
2.302585092994046,4.9279394
10.34180699751524,10.3115015
4.356708826689592,4.3420243
4.61512051684126,4.6077814
6.461468176353717,6.4243946
4.3463994570307305,5.0031066
4.48863636973214,4.4796734
6.198478716492308,6.280199
2.8069901489571136,2.786882
7.541683099882111,7.5492616
7.496652438168283,7.5030737
6.113682179832232,6.142611
7.009408932708637,7.0022187
7.496652438168283,7.5121627
12.985402109476611,13.61778
7.256297239690681,7.251865
9.546955455537145,9.529029
9.2621735206162,9.28686
4.574710978503383,4.592498
4.127134385045092,4.1222253
7.171656822768514,7.1760106
6.113682179832232,5.742615
7.245655067594535,7.223538
6.113682179832232,5.0871377
8.665957964681349,8.661524
6.008813185442595,6.0126524
7.404887575616125,7.3967867
9.1235835080499,9.1096
5.891644211825772,5.920421
8.360305435879093,8.376765
10.766862622063668,10.73559
2.6390573296152584,2.6445959
7.930925372483388,7.924124
7.077498053569231,7.063651
11.891375599226786,11.787805
1.252762968495368,1.3806267
6.113682179832232,5.045221
9.21054035197885,9.229125
6.113682179832232,6.0686326
3.1354942159291497,3.139826
4.5217885770490405,4.528372
8.48792914572971,8.508366
8.85395110151461,8.8469095
6.113682179832232,5.938327
6.86484777797086,6.8897424
4.281926460039692,4.301773
9.699043078654404,9.698157
6.349138991379798,6.332102
7.140453043101158,7.1526055
2.501435951739211,4.2071033
11.417636284945406,11.316065
3.8501476017100575,3.8449547
2.501435951739211,3.6984987
4.624972813284271,4.6239595
6.855408798609928,6.846009
6.113682179832232,4.9720078
6.113682179832232,6.1412973
6.493753839851686,6.4625287
8.630878955820053,8.6228895
4.084928897835458,4.073713
7.171656822768514,7.174743
5.156361195876566,5.159918
7.227662498728654,7.219911
9.323847612769775,9.318734
8.07153089355666,8.081434
6.889591308354466,6.8746524
7.697121317282625,7.7278347
9.90358754753646,9.925601
3.332204510175204,3.334884
9.072915696064513,9.057955
5.834810737062605,5.818452
8.243282523048375,8.258356
5.605802066295998,5.6162653
6.113682179832232,5.7056556
9.566755282109057,9.539337
2.2433114670481933,2.2789512
5.204006687076795,5.200224
5.652489180268651,5.645737
8.764365720529808,8.738357
5.71042701737487,5.7149534
10.27512007210784,10.313016
6.156978985585555,6.2365937
6.3578422665081,6.328467
5.147494476813453,5.16246
6.113682179832232,5.5169187
3.2386784521643803,3.4356225
3.737669618283368,3.7307646
8.607079115968618,8.628546
2.3978952727983707,2.3955343
9.488123612248716,9.481203
3.610917912644224,3.5929084
9.360224821513476,9.323555
3.100092288878234,3.7510345
9.836385748995392,9.80774
6.113682179832232,4.316536
5.2574953720277815,5.274379
2.4561641809223462,4.198329
10.138638722974616,10.160108
3.6216707044204863,4.862923
5.971261839790462,5.955989
5.147494476813453,5.157583
2.19722457733622,2.1378515
7.451241684987676,7.446969
2.3978952727983707,2.381199
3.6635616461296463,3.657908
8.216628493133443,8.221669
11.686895578675124,11.789935
3.1354942159291497,3.1252246
10.878084927671337,10.925378
5.7430031878094825,5.7274594
5.204006687076795,5.204017
5.225746673713202,5.24369
9.472858470764416,9.474629
4.955827057601261,4.9554152
6.80903930604298,6.7924247
4.804021044733257,4.829492
3.912023005428146,3.8989353
3.044522437723423,3.021298
7.108244139731541,7.1060286
6.113682179832232,6.155735
2.079441541679836,2.1401348
8.434246270595311,8.439857
6.889591308354466,6.8964286
3.493472657771326,4.5380883
4.343805421853684,4.338463
4.189654742026425,4.2128754
5.488937726156687,5.462635
7.171656822768514,7.1714706
1.5686159179138452,1.5586503
5.204006687076795,5.212306
9.41995278900604,9.422209
5.2574953720277815,5.2330422
6.90975328164481,6.9338613
2.272125885509337,4.0727754
6.113682179832232,6.1593103
6.113682179832232,5.831037
2.128231705849268,5.6021295
6.113682179832232,5.0871377
2.4159137783010487,3.3977005
7.245655067594535,7.249984
7.550661243105336,7.5478005
9.260843354149287,9.290444
5.488937726156687,5.497612
9.011767474596178,9.007974
7.245655067594535,7.2504735
4.185098925490565,4.17011
13.554148391229091,13.968913
4.0943445622221,4.0697746
2.4379897300002487,5.123211
6.595780513961311,6.5835247
10.271666075858276,10.247277
6.340535655019982,6.357973
6.820485686839662,6.94432
3.258096538021482,3.274593
5.568344503761097,5.5763597
3.1244791386919504,3.1325822
6.873163834212518,6.8922586
12.36859957499595,12.241186
6.113682179832232,6.1248364
5.616771097666572,3.0362804
5.356586274672012,5.369666
4.219507705176107,4.211301
4.560172820057356,4.5745034
9.615938804529582,9.595057
7.273092595999522,7.2991
7.245655067594535,7.2489367
6.352629396319567,6.349766
6.113682179832232,5.6021295
6.113682179832232,5.8971324
6.113682179832232,6.152652
6.493753839851686,6.406052
4.143134726391533,4.0628834
7.973155433444133,7.989462
7.098375638590786,7.1608515
9.472858470764416,9.474629
4.089286303126441,4.0757957
7.324489979348532,7.321254
1.7263316639055997,2.8257978
6.416732282512326,6.3990016
2.4932054526026954,5.2162404
4.273884476054178,4.275535
9.305832353435404,9.3023615
7.975564658495202,7.9461074
4.406719247264253,4.468935
9.472858470764416,9.478278
7.529406457837013,4.99936
7.695757990554761,7.697253
4.718498871295094,4.744527
3.4657359027997265,3.4602363
4.160444363926624,4.17797
6.113682179832232,4.33732
7.124478262493424,7.14736
6.815639990074331,6.7648354
10.757945432978325,10.70802
6.113682179832232,6.136889
9.472858470764416,9.467157
3.4404180948154366,4.592917
6.113682179832232,5.517019
5.71042701737487,5.748996
3.6375861597263857,3.6577582
6.113682179832232,6.134146
5.641907070938114,5.6761312
5.996452088619021,6.0107737
7.824845691026856,7.820024
9.79823814181703,9.79946
9.000606507571892,9.004592
8.165079258805068,8.182563
5.2574953720277815,5.2415633
8.57583938684897,8.588985
1.6389967146756448,4.6837244
5.955837369464831,5.931124
6.113682179832232,5.0980835
6.113682179832232,4.8377986
3.49650756146648,3.5190525
4.174387269895637,4.165601
6.113682179832232,5.812567
6.113682179832232,5.774237
6.582025138892826,6.585673
7.666221925662725,7.6585727
4.0943445622221,4.07509
6.472346294500901,6.4377885
6.113682179832232,6.1580563
1.6282497724003313,1.531013
6.113682179832232,4.7402267
6.113682179832232,6.119215
4.394449154672439,4.3745546
6.257667587882639,6.282559
5.2574953720277815,5.273033
6.113682179832232,5.461386
5.216890367852308,5.243052
8.19244152647694,8.185407
9.305832353435404,9.314113
6.113682179832232,6.112652
6.017619504584833,6.018747
6.113682179832232,6.210779
5.863631175598097,5.864146
8.786914938491025,8.793979
7.004881989712859,7.047517
6.113682179832232,6.136889
5.147494476813453,5.16246
6.113682179832232,5.51322
6.759255270663693,6.7620006
7.86403565907245,7.8801293
4.718498871295094,4.7161994
6.113682179832232,6.142611
4.61512051684126,4.6110334
6.113682179832232,6.1248364
7.97188934752005,7.955744
4.262679877041316,4.2642207
6.113682179832232,5.0360856
4.718498871295094,4.726029
4.564348191467836,4.5718336
6.190315405853148,4.672133
7.421775793644647,7.4167185
2.4172858106202626,2.382773
10.335334901918412,10.317138
10.34180699751524,10.328719
2.70805020110221,2.7132087
7.762596048540069,7.774344
6.113682179832232,4.072472
9.615938804529582,9.608926
14.50865873852372,14.031436
4.320151230955794,4.3156114
6.768952876101678,6.773539
6.113682179832232,4.4955606
6.635946555686647,6.630046
3.6375861597263857,3.6582608
3.863259347128618,3.8422682
8.161089512845797,8.146263
4.934473933130692,3.9190965
6.113682179832232,5.5048075
6.448889394146858,6.437492
10.106510025854115,10.073987
7.610357618312838,7.6190977
2.388762789235098,4.4748063
6.366470447731438,6.3536344
10.003559106260344,9.995774
9.147696136827507,9.166094
1.805004695978076,2.8551679
7.001245622069476,6.994019
8.243282523048375,8.230282
6.570882962339584,6.153836
6.113682179832232,3.8424017
7.10002716662926,7.0951524
3.258096538021482,3.2838082
4.007333185232471,4.0196977
4.394449154672439,4.3815193
7.245655067594535,7.2523007
3.912023005428146,3.9012234
12.319410259368746,12.3157215
3.7612001156935615,3.7725685
6.113682179832232,5.008398
6.113682179832232,6.152361
5.170483995038151,4.3296313
6.113682179832232,5.4722443
8.269244521183056,8.26481
5.676753802268282,5.681299
6.113682179832232,6.0496693
7.601901959875166,7.589301
3.658420246629228,2.8828714
5.71042701737487,5.731916
12.083916310927156,12.135177
3.951243718581428,3.9624248
5.0369526024136295,5.036256
7.650644551436897,7.6554546
8.882114044208821,8.898854
6.735780014242327,6.728789
5.087596335232384,5.0969205
7.938088726896952,7.9488535
4.060443010546419,4.07319
6.113682179832232,5.793
9.225426009394225,9.219574
3.091042453358316,4.9286304
8.634442751466477,8.626213
4.532599493153256,4.5315814
7.365180126021013,7.375956
5.204006687076795,5.197012
3.062118234121401,3.0754685
3.3068867021909143,3.74466
6.113682179832232,5.5205956
5.945420608606575,5.967687
7.31455283232408,7.321408
1.4816045409242156,1.5631492
6.113682179832232,6.0969043
8.716371865276615,8.721522
11.3964141203719,11.3482275
2.995732273553991,3.9451704
9.781432906528822,9.742862
5.834810737062605,5.8168135
4.532599493153256,4.53065
7.538743041854011,7.5488653
4.158883083359672,4.1643834
0.6931471805599453,0.7308052
2.995732273553991,3.006411
2.8903717578961645,2.930018
8.039802343736485,8.033016
2.391511302188447,4.6934333
7.973155433444133,7.9929976
4.5217885770490405,4.5281696
7.506591780070841,7.4986563
6.113682179832232,5.452191
2.928523523860541,2.9438698
9.45735668770195,9.4337225
5.488937726156687,5.496977
3.720862499966987,3.738996
5.308267697401205,5.3086786
6.113682179832232,6.1037145
7.601901959875166,7.5872273
11.751958113348223,11.776021
8.497398564088058,8.497851
7.911690520708339,7.911954
1.135505293138749,0.80629355
9.1018638956401,9.112665
7.301147805856032,7.308358
5.3706380281276624,5.3963003
7.591861714889934,7.6018577
9.200492035921368,9.177433
8.161089512845797,8.178135
6.113682179832232,5.1351557
10.774412697490552,10.715288
5.82608977097132,5.8202043
6.336825731146441,5.4215345
2.6390573296152584,2.6381607
4.517431271680085,4.11421
10.34180699751524,10.325426
10.609106634591392,10.616079
5.776858414771076,5.760235
2.079441541679836,2.0466676
6.90975328164481,6.9061675
2.19722457733622,5.077703
9.54504260370723,9.540326
6.113682179832232,5.4722443
9.105202053852878,9.117768
7.899524472032198,7.8900065
6.113682179832232,5.3546867
6.113682179832232,6.1593213
6.925595197110468,6.9377327
7.245655067594535,7.249034
9.843312829500055,9.800385
10.891205523751276,10.922304
11.248985960463353,11.3176365
5.996452088619021,6.004495
5.717027701406222,5.731916
5.996452088619021,6.0324244
5.099866427824199,5.1181374
7.938088726896952,7.9289484
9.70771594801777,9.686731
5.204006687076795,5.203954
5.087596335232384,5.078554
3.784189633918261,3.785589
6.735780014242327,6.739954
2.2082744135228043,4.7460165
7.004881989712859,6.9983907
6.113682179832232,6.1457095
5.579729825986222,5.640039
2.873564639579784,4.6104875
4.204692619390966,4.218058
6.432940092739179,6.40064
8.343315881404946,8.336363
7.171656822768514,7.190375
5.66988092298052,5.667238
7.0317412587631285,7.0061016
9.024251728612985,9.004218
6.113682179832232,6.143064
2.302585092994046,2.287754
10.434174625397674,10.384943
6.113682179832232,5.12278
8.132118772955806,8.130073
4.361823927356363,4.1242123
5.1298987149230735,5.12146
3.58351893845611,4.3780527
10.698785101741006,10.762902
4.718498871295094,4.7267275
2.6100697927420065,5.2452264
5.2574953720277815,5.2411103
6.331501849893691,6.322418
6.871091294610546,6.8762126
9.741086263177303,9.798747
2.803360380906535,3.8581688
4.820281565605037,3.9987645
6.113682179832232,6.1724133
6.113682179832232,4.9530096
5.204006687076795,5.2038674
7.601901959875166,7.587101
1.9459101490553128,1.8962114
6.091309882077698,6.085764
6.113682179832232,5.8828945
2.8903717578961645,4.04411
5.53338948872752,5.551235
12.53897422923659,12.284682
4.351567427189173,4.4190187
9.027858802380862,9.007657
6.113682179832232,6.1399384
5.673323267171493,5.668519
12.44902666724706,12.29193
10.037581287016828,10.005656
6.113682179832232,5.599445
6.113682179832232,6.1412973
8.388450315523512,8.368965
7.171656822768514,7.177955
6.710523109452428,6.7122397
6.113682179832232,5.424608
6.113682179832232,4.7784367
8.962135390066601,8.948034
7.547501682814967,7.5464945
4.543294782270004,4.53253
7.900266036767701,7.8900065
7.532623618788788,7.5695796
4.882801922586371,4.879795
3.7727418733660456,3.780585
5.147494476813453,5.1614995
8.854236693405742,8.846377
4.382026634673881,4.3745546
3.912023005428146,3.9048865
8.068402958569699,8.046935
6.906035073488812,6.9044924
8.355144739461839,8.347544
2.8903717578961645,3.7918646
4.659658371272161,4.6760755
5.4013251166222656,5.4059863
7.124478262493424,7.151206
4.718498871295094,4.7255225
4.175164523248395,4.1670346
11.018661929503216,10.927016
9.77121251322631,9.740589
6.045005314036012,6.056086
7.550661243105336,7.5438137
5.147494476813453,5.16246
1.4951487660319729,1.5779597
7.650644551436897,7.6554546
6.113682179832232,6.1353025
9.640563131210074,9.656529
7.245655067594535,7.251686
9.53097354456765,9.541843
3.784189633918261,3.7780054
6.113682179832232,3.5065444
6.113682179832232,4.14328
6.582025138892826,6.5852914
5.676753802268282,5.681218
10.22201400828289,10.243568
11.621331338814016,11.526764
5.834810737062605,5.8615074
2.995732273553991,3.0118804
6.113682179832232,5.98573
6.595780513961311,6.6237726
9.6634521335517,9.650187
9.114049711657897,9.110784
5.296816240421769,5.28755
10.162075464783532,10.161243
6.113682179832232,5.2930865
2.4849066497880004,2.473464
4.264087336809195,4.1497397
6.480044561926653,6.453844
5.945420608606575,5.9545894
3.091042453358316,5.235286
4.8283137373023015,4.668468
6.113682179832232,6.0686326
5.2574953720277815,5.2774415
1.871802176901592,1.8647873
5.7745515455444085,5.770424
2.341805806147327,3.3323016
11.96401382310281,11.815126
7.729735331385051,7.7356052
4.859812404361672,4.2798624
2.079441541679836,2.0376232
7.392647520721623,7.398881
7.219642040130735,7.247796
6.068425588244111,6.094703
4.127134385045092,4.116747
5.37989735354046,5.4062505
3.0007198150650303,4.4755044
6.113682179832232,6.000026
8.776784383701493,8.8465185
6.113682179832232,4.5591464
9.75857738074032,9.75182
6.90975328164481,6.942087
6.113682179832232,6.1492057
6.113682179832232,5.6258774
6.113682179832232,5.106677
7.697121317282625,7.6936283
4.77912349311153,4.7568493
3.044522437723423,3.021649
4.882801922586371,4.888936
5.820082930352362,5.8135185
6.113682179832232,6.153199
4.584967478670572,4.573962
5.204006687076795,5.204017
3.091042453358316,3.0849662
6.113682179832232,5.925985
3.4011973816621555,5.2419963
6.257667587882639,6.200213
6.113682179832232,6.1353025
1.6954215008207398,1.5239084
6.113682179832232,5.3936577
6.698268054115413,6.7061176
4.624972813284271,4.643556
6.699500340161678,6.684038
3.295836866004329,3.2742367
4.248495242049359,4.8051267
6.113682179832232,6.1037145
4.624972813284271,4.6239595
5.641907070938114,5.6538334
4.955827057601261,4.938184
6.113682179832232,4.3140874
7.29505641646263,7.3035493
9.305832353435404,9.281889
5.679569598892408,5.6722617
6.113682179832232,4.617866
6.113682179832232,6.1408443
6.49868917197845,6.4022403
2.501435951739211,5.3145847
5.308267697401205,5.306587
3.970291913552122,3.9592214
3.609668310458921,3.5996876
3.4339872044851463,3.4544039
6.135564891081739,6.1632257
5.971261839790462,5.961906
3.784189633918261,3.784293
3.4339872044851463,3.4097662
5.488937726156687,5.496977
7.94873845481361,7.9552155
4.276666119016055,4.2983747
2.302585092994046,2.2989204
7.945201132412759,7.9568853
6.837332814685591,6.8423033
6.113682179832232,6.000026
8.537387898701757,8.561038
6.113682179832232,3.9259036
10.137531478318628,10.154033
9.39282858154946,9.412107
4.30406509320417,4.303316
6.889591308354466,6.8803544
6.338594078203183,6.3422174
3.7819143200811256,3.783047
6.113682179832232,5.2067547
2.302585092994046,2.2858002
5.641907070938114,5.6526804
7.074963197966044,7.058529
6.113682179832232,6.000026
7.869019376499024,7.8847427
8.068402958569699,8.042689
2.4849066497880004,2.484044
4.718498871295094,4.7192197
4.718498871295094,4.7108207
8.920255414908091,8.885983
4.454347296253507,4.4800253
7.43955930913332,7.432356
7.31455283232408,7.321883
6.113682179832232,5.0815196
6.464588303689961,6.3887615
4.712356659554211,4.717374
4.882801922586371,4.8917847
4.718498871295094,4.706322
6.113682179832232,5.936667
7.710653323501202,7.7099943
3.332204510175204,3.3245564
7.601901959875166,7.586708
3.367295829986474,4.0989323
8.790573479157159,8.804498
6.113682179832232,6.1353025
3.484312288372662,4.676503
6.90975328164481,6.935315
6.331501849893691,6.319855
4.158883083359672,4.163694
11.164813751691984,11.112286
4.178992036282385,4.2048426
10.819818283610305,10.7303915
9.615938804529582,9.595477
3.784189633918261,3.7794347
8.53934599605737,8.551774
12.5776430984906,12.361627
1.9906922405952263,2.010075
3.49650756146648,3.5114057
6.113682179832232,6.1353025
7.066466970136958,7.0681505
5.605802066295998,5.59778
5.181783550292085,5.16364
6.025865973825314,6.065036
3.517497837358316,3.5172935
7.570443252057374,7.59063
9.554071910278983,9.5413065
4.543294782270004,4.5236025
5.402677381872279,5.3933873
6.113682179832232,5.261099
2.19722457733622,2.2207174
6.853299093186078,6.8415995
6.655440350367647,6.662214
7.397910739251215,7.4016595
6.113682179832232,6.152652
6.113682179832232,6.143064
6.489204931325317,6.4630294
6.113682179832232,5.282601
3.487375077903208,3.5378394
7.898039690764619,7.887905
7.162397497355718,7.140388
4.687671407499835,4.6533995
6.113682179832232,4.889244
2.4849066497880004,2.5492005
5.71042701737487,5.684856
4.219507705176107,4.211301
6.113682179832232,3.7725995
6.62273632394984,6.6302505
6.322565239927284,6.3168435
3.1525474442297874,3.1325822
6.113682179832232,6.111761
7.758760544157663,7.7434297
7.86403565907245,7.8806806
6.113682179832232,4.4375277
9.98054118197842,9.998636
4.4953553199808844,4.498787
8.007034012193408,8.002493
6.1779441140506,6.207861
6.400257445308821,6.3683553
1.88706964903238,1.8681958
9.751966744894888,9.742822
10.60167202461334,10.631682
2.833213344056216,2.8552456
1.6505798557652755,1.5778207
3.6189933266497696,4.1290283
6.432940092739179,6.3768454
4.174387269895637,4.166512
6.129355118865528,6.13066
4.955827057601261,4.95704
10.691990366412826,10.735936
3.688879454113936,3.6626258
7.784057002639929,7.7769833
10.294819929067236,10.3133135
7.793999089503996,7.809137
6.113682179832232,6.1492095
2.8903717578961645,5.045221
6.113682179832232,5.333111
2.0014800002101243,2.0063872
6.619847389491774,6.6299086
5.805134968916488,5.80946
6.021023349349527,6.0559363
1.1568351387902551,0.7430534
6.921658184151129,6.9466677
7.397561535524052,7.3918605
12.989978755558203,12.628747
5.087596335232384,5.1174974
6.113682179832232,6.1548557
8.243282523048375,8.222794
4.350277936359301,6.033893
2.96010509591084,3.0225832
9.105202053852878,9.112982
7.245655067594535,7.249956
12.180765093903544,12.190134
3.044522437723423,3.010308
6.568077911411976,6.5830646
8.839711577882753,8.84872
5.605802066295998,5.612843
7.550661243105336,7.5489593
6.326149473155099,6.347916
8.999866223762636,9.00289
4.543450161408356,4.538575
9.01942196795671,8.983822
4.394449154672439,4.377658
8.73165920153676,8.715437
6.113682179832232,6.1399384
6.113682179832232,6.136588
2.079441541679836,2.1311953
6.113682179832232,5.8786235
3.610917912644224,3.5893106
8.48920515487607,8.508853
7.846198815497425,7.8462963
5.0238805208462765,5.0157623
5.598421958998375,5.567946
9.615938804529582,9.648759
3.9318256327243257,3.9081712
9.296884973376368,9.284012
4.31748811353631,4.306599
7.163946684342547,7.150737
6.295266001439646,6.2832885
5.204006687076795,5.2055926
6.113682179832232,3.8369312
4.804021044733257,4.7968345
5.834810737062605,5.8116994
4.591071261608589,4.5852857
6.495265555937008,6.4498396
3.091042453358316,3.122562
7.496652438168283,7.49789
2.302585092994046,2.2886438
4.110873864173311,4.1219916
7.796469243086058,7.782304
5.863631175598097,5.859207
4.59511985013459,4.5718336
8.039802343736485,8.040694
6.113682179832232,5.123655
8.399905330925241,8.41285
6.257667587882639,6.255904
4.564348191467836,4.571684
10.951017050974922,10.916581
6.113682179832232,6.1563706
11.73608501615644,11.83462
10.596684731846114,10.611057
6.77078942390898,6.769907
8.653819788948063,8.665033
8.122080008906696,8.136854
1.9974177062012453,5.8078394
6.113682179832232,4.6551404
9.461685507748296,9.41863
6.464588303689961,6.4169626
2.4849066497880004,2.4791288
4.109233174715851,4.9892697
8.4767877767812,8.456492
3.6375861597263857,3.6627755
8.007034012193408,7.994424
5.523228511956259,5.5434046
11.320577814453172,11.3099785
6.113682179832232,3.8574207
7.965892735084528,7.947653
6.548030921391581,6.1221657
7.091742115095153,7.0604854
5.048573133436648,5.0500827
10.864789890239631,10.91853
7.496652438168283,7.500234
10.03108889712985,9.998612
6.135564891081739,6.126555
3.214867803470662,4.5090365
7.353722330399631,7.377284
7.379008127628304,7.3912244
4.30406509320417,4.3015213
6.068425588244111,6.092915
2.4849066497880004,2.5503693
5.765670315370111,5.760235
5.529429087511423,5.543993
5.659482215759621,5.707264
4.290459441148391,4.733383
9.056256356593469,9.047331
9.847023015555,9.804369
0.6931471805599453,0.7180238
6.735780014242327,6.740013
6.12029741895095,6.0932326
4.007333185232471,4.0194955
3.914021008090819,4.617226
9.143238568435446,9.108193
2.6983893251116484,2.7178636
7.037027614686276,7.0476136
6.113682179832232,6.1353025
10.126711100650509,10.077579
6.113682179832232,5.0110536
7.091742115095153,7.060789
4.276666119016055,4.279023
5.7745515455444085,5.770857
7.377118908972701,7.3680944
2.833213344056216,2.8589435
8.420021279663963,8.41778
5.805134968916488,5.8006067
10.839620126623824,10.9083805
5.147494476813453,5.164738
9.313799080344412,9.317099
6.113682179832232,3.9002438
7.763021309018518,7.764576
5.5093883366279774,5.4878182
4.543294782270004,4.5281696
7.983440063006542,8.004159
6.113682179832232,6.0969043
7.011830304766511,7.054302
9.472858470764416,9.47217
6.113682179832232,6.1536646
6.113682179832232,5.9313083
8.434246270595311,8.410297
7.31455283232408,7.290296
4.23410650459726,4.2348905
8.56388591940822,8.54957
5.087596335232384,5.090783
2.3978952727983707,2.4002416
8.909505512946101,8.890239
10.691990366412826,10.733856
6.990256500493881,6.9867134
9.615938804529582,9.595925
4.418840607796598,4.4301167
7.60887062919126,7.595247
4.882801922586371,4.8799973
6.113682179832232,6.1492095
6.113682179832232,5.272944
6.257667587882639,6.275408
9.127176130715414,9.110473
8.720239871952511,8.708659
6.90975328164481,6.9436917
7.784057002639929,7.7835236
10.085892439191388,10.060715
6.478509642208569,6.459211
11.669946307650886,11.51042
4.31748811353631,4.2997417
6.113682179832232,5.3119435
7.784057002639929,7.7765102
5.356586274672012,5.3601737
6.113682179832232,6.090499
7.31455283232408,7.299413
9.472858470764416,9.473349
7.7025561132685825,7.7025633
6.021023349349527,6.072654
10.804989466936844,10.744228
8.240121298076472,8.256862
6.113682179832232,5.596672
1.33500106673234,1.4261323
9.21054035197885,9.21477
5.863631175598097,5.857223
8.007034012193408,8.003931
6.113682179832232,6.1575546
9.664388663527056,9.651356
1.871802176901592,4.6318507
6.113682179832232,5.4866242
7.779968723615364,7.805543
4.624972813284271,4.660245
0.6931471805599453,0.74142045
3.1354942159291497,3.1371515
7.104308819387724,7.1371903
6.77078942390898,6.7656784
5.594711379601839,5.574555
7.523630463983896,7.503574
7.550661243105336,7.5476193
7.901747518520144,7.8914404
8.634533137007384,8.623702
9.121509158269568,9.113503
2.778819271990417,2.8084044
4.257030144499196,4.4279995
2.338917022241436,3.9015446
4.663439094112067,4.3679676
6.238324625039508,6.321481
6.9865664594064265,6.994112
8.47261414801827,8.457484
7.393263094763838,7.393064
6.113682179832232,5.0081472
1.824549292051046,1.8857616
5.43372200355424,5.434616
10.043336447652528,10.061348
11.332745613088134,11.337556
8.699848026000312,8.702348
9.339788439163067,9.323976
8.132118772955806,8.12989
3.990834185852436,4.002158
5.605802066295998,5.598132
2.714694743820879,3.8775966
5.3442462984364365,5.30403
8.300031711779575,8.304806
6.575429891459506,6.586546
6.113682179832232,5.080458
3.49650756146648,4.0915766
9.95237295026594,9.928138
7.379008127628304,7.370018
8.984944285608679,8.953591
3.258096538021482,3.2669172
6.480044561926653,6.1686716
3.5263605246161616,3.5135016
6.899723107284872,6.8994417
8.039802343736485,8.035497
6.476972362889683,6.4243946
10.778997955688665,10.742322
6.113682179832232,5.3936577
5.71042701737487,5.719305
2.3978952727983707,2.4230063
6.113682179832232,4.241485
5.942799375126701,5.9787517
6.113682179832232,6.1580563
5.7430031878094825,5.727945
6.113682179832232,6.152357
4.04305126783455,4.0196977
4.219507705176107,4.2173247
7.650644551436897,7.6246724
6.113682179832232,6.143064
5.356586274672012,5.3592234
6.565204196659518,6.5855517
6.113682179832232,4.298148
7.39930195305648,7.385206
6.113682179832232,6.1556025
8.909505512946101,8.888025
9.287486581152836,9.290354
8.298290634359283,8.29434
4.33990170837321,4.7248
4.804021044733257,4.7966847
4.718498871295094,4.7148046
6.553933404025811,6.143919
7.697121317282625,7.7006044
2.5649493574615367,2.557158
4.882801922586371,4.880243
2.302585092994046,2.306592
10.656333225885623,10.610314
6.113682179832232,6.1536646
8.265135629937385,8.258448
6.113682179832232,5.7052674
10.017574878573896,10.002349
7.127693699347399,7.1393523
4.356708826689592,4.3482075
4.406719247264253,4.399996
5.081404364984463,5.104356
3.6375861597263857,3.6600404
5.488937726156687,5.4842777
6.729761313419576,6.731915
5.147494476813453,5.132575
7.171656822768514,7.154973
2.70805020110221,2.7124608
5.356586274672012,5.363817
7.6246189861593985,7.616082
6.021023349349527,6.013377
6.113682179832232,6.144314
7.94873845481361,7.964568
2.079441541679836,2.0104454
7.294377299288821,7.308358
4.28496492183075,3.483066
7.660444154150635,7.6627955
7.860185057472165,7.849185
3.4011973816621555,3.4041162
9.99888863729938,9.998956
7.507818372984343,7.5009723
9.741086263177303,9.738903
2.23996330594962,2.2792976
5.971261839790462,5.9840913
6.492119457261987,6.4390874
3.471966452550362,4.729235
7.342779189331845,7.325703
3.681351187693145,5.012429
4.465908118654584,4.4922276
8.05579245097777,8.049612
3.6402142821326553,4.5117555
5.605802066295998,5.591421
7.588829878307813,7.5896783
6.421622267806518,6.501114
7.507690077819904,7.5057306
6.113682179832232,5.596672
3.332204510175204,3.333822
8.558226700677272,8.54845
7.236339342754344,7.1955895
6.156978985585555,6.165697
4.882801922586371,4.8793077
6.113682179832232,3.6606493
5.860786223465865,5.871709
5.2574953720277815,5.274431
8.366835309827675,8.371191
6.113682179832232,4.269496
13.075275962733803,13.092569
7.822815452201346,7.8143787
3.0349529867072724,3.0255716
6.113682179832232,6.1435575
9.472858470764416,9.425411
6.113682179832232,5.8971324
8.67965211911394,8.662635
7.270312886079025,7.2986245
7.004881989712859,6.998548
7.162397497355718,7.140388
7.973155433444133,7.991856
6.113682179832232,6.0969043
4.820281565605037,4.839619
3.1354942159291497,3.1373012
6.113682179832232,6.1387177
9.200492035921368,9.211337
4.470495282661489,4.4521074
6.723832440821209,6.730448
9.46591239050973,9.477138
5.44673737166631,5.468236
8.434246270595311,8.439857
5.512218336495314,5.506149
6.995033287089198,7.0722566
6.113682179832232,5.624041
1.1631508098056809,1.0650468
5.0238805208462765,4.992093
6.448889394146858,6.4340534
6.113682179832232,5.5169187
6.113682179832232,6.1458335
6.113682179832232,6.0686326
7.509883061154913,7.4776087
5.71042701737487,5.726456
2.1162555148025524,2.1805005
4.406719247264253,4.391086
10.79961639258633,10.736607
7.463936604468925,7.467682
8.74862232231722,8.7471895
9.90358754753646,9.926351
7.496652438168283,7.532043
3.6375861597263857,3.6753013
5.204006687076795,4.8473153
3.58351893845611,4.8819222
7.171656822768514,7.144031
6.379527995108011,6.324553
4.465908118654584,4.4853535
6.553933404025811,6.1476035
2.302585092994046,2.2870457
9.00981411052738,9.005613
5.7745515455444085,5.7525787
5.942799375126701,5.9787517
7.784057002639929,7.77336
8.111328003286733,8.095661
2.714694743820879,5.007144
7.438971592395862,7.4397426
5.945420608606575,5.9644427
10.645472515179373,10.60639
8.16469151435509,8.181707
3.09058780456667,3.0855515
2.995732273553991,3.005426
5.918893854273146,5.925364
2.4344901638739844,5.236087
8.096208271650037,8.090527
3.091042453358316,3.3663461
4.574710978503383,4.606096
4.859812404361672,3.1823206
8.132118772955806,8.136343
6.113682179832232,6.1176105
6.113682179832232,5.005959
3.691376334312523,2.4255416
3.218875824868201,3.215533
3.713572066704308,3.7283528
7.360103972989152,7.3353076
4.718498871295094,4.7458606
6.018593214496234,5.982862
6.113682179832232,6.142031
3.610917912644224,3.597348
9.44951474036292,9.423686
3.555348061489413,3.5161858
6.113682179832232,6.168617
3.091042453358316,3.0845048
10.714462212209275,10.747642
6.416732282512326,6.370279
10.085892439191388,10.057173
8.10832229017324,8.094986
9.39282858154946,9.412107
9.692889970390436,9.695886
8.1374570048449,8.137349
6.79346613258001,6.7964725
6.113682179832232,5.942802
5.272999558563747,5.2996926
8.537387898701757,8.541906
7.586803535162581,7.5868154
6.113682179832232,5.1933475
7.083387847625295,7.0661774
8.98619632032839,8.953677
7.9391588179567965,7.947583
4.02535169073515,4.0193458
3.58351893845611,3.6085913
9.79823814181703,9.791034
7.741533589281828,7.740822
2.4849066497880004,2.4705973
7.004881989712859,7.0034237
6.113682179832232,5.3936577
3.774598329516474,3.7835224
6.113682179832232,6.143064
11.695263688291964,11.554613
6.113682179832232,5.3404665
4.543294782270004,4.533722
6.113682179832232,6.1580563
7.413387399428173,7.3840985
3.737669618283368,3.7423918
6.113682179832232,5.5273595
8.90136656405678,8.897025
1.9459101490553128,4.931712
4.969813299576001,4.956479
2.772588722239781,2.7923474
5.0238805208462765,5.019071
6.095828204111635,6.092612
6.113682179832232,4.341185
7.550661243105336,7.546346
6.113682179832232,4.343221
4.718498871295094,4.718387
6.674561391814426,6.6588135
6.113682179832232,5.261099
9.68046899341007,9.672164
6.156978985585555,6.2425
2.4849066497880004,2.4709222
9.868067607304868,9.874895
4.382026634673881,4.4680643
7.597897950521784,7.590889
6.113682179832232,6.111761
8.913550280493675,8.902944
5.0369526024136295,5.036256
9.95237295026594,9.924577
6.879355804460439,6.9317694
7.697121317282625,7.671522
8.779865100863852,8.790924
6.113682179832232,6.111761
9.472858470764416,9.464801
5.918893854273146,5.92813
6.313548046277095,6.3099303
8.839566503657949,8.84238
11.951193299043943,11.823684
8.326516830239528,8.338168
7.463936604468925,7.467682
8.691986481789401,8.70836
3.912023005428146,3.9129434
6.842683282238422,6.844558
4.143134726391533,4.1232224
5.968707559985366,5.9351025
10.219867508783544,10.239183
2.128231705849268,2.158809
5.4638318050256105,5.4643717
1.840549633397487,1.8647873
4.718498871295094,4.7100735
6.655440350367647,6.65743
8.251142139090751,8.265793
3.990834185852436,4.8057537
6.113682179832232,5.261099
7.231287004327616,7.2170463
6.113682179832232,6.152357
3.484312288372662,3.935033
10.085892439191388,10.065725
5.0369526024136295,5.036256
10.714462212209275,10.734457
8.102283624480073,8.08152
6.113682179832232,6.157172
6.198478716492308,6.208711
9.546955455537145,9.531502
2.3978952727983707,2.407683
6.035481432524756,6.050747
4.02535169073515,4.029128
6.113682179832232,6.1452966
4.406719247264253,4.3882203
7.560601162768557,7.5493574
3.4339872044851463,3.4477806
8.4767877767812,8.451136
2.867330558749466,2.8587265
1.9459101490553128,4.525541
8.697345730925353,8.703041
6.1779441140506,6.2024393
6.113682179832232,5.6913943
8.08394570229562,8.093938
5.030437921392435,5.035984
6.113682179832232,6.1449223
6.113682179832232,4.525541
9.195835685773302,9.1668415
7.550661243105336,7.5486236
5.147494476813453,5.1614995
3.4242626545931514,3.6920166
8.132118772955806,8.143962
2.079441541679836,2.0342166
4.955827057601261,4.949865
6.113682179832232,6.132113
5.564520407322694,5.539842
10.043336447652528,10.01003
5.84035091743822,5.8095126
8.98744678941718,9.006923
5.863631175598097,5.8409767
4.162626069638506,4.093838
2.302585092994046,2.291058
3.7612001156935615,3.7780938
5.488937726156687,5.4986153
2.26176309847379,2.2799776
7.6787889981991535,7.664345
5.087596335232384,5.0902715
6.113682179832232,4.332039
2.6390573296152584,2.644
5.926926025970411,5.8959403
3.822098297900159,3.9617639
3.80666248977032,3.779285
9.90358754753646,9.878806
10.138638722974616,10.155633
4.477336814478207,4.4802213
6.113682179832232,5.8360066
7.004881989712859,7.00405
7.542570908468265,7.5588965
9.546955455537145,9.531502
8.82497196556714,8.846082
3.367295829986474,3.3954556
5.7430031878094825,5.7149625
9.313799080344412,9.317099
9.561138078742038,9.54658
6.113682179832232,5.7246523
3.4657359027997265,3.4544039
1.308332819650179,1.4000367
10.669001905221974,10.741863
3.555348061489413,3.5902102
1.9459101490553128,2.0359714
6.113682179832232,6.1425543
4.3694478524670215,4.3722234
6.450333145321208,6.40246
9.53978799366043,5.6935916
5.5971989892534175,5.533537
2.5649493574615367,2.554388
5.950544787829365,5.9655704
4.158883083359672,4.166512
7.697121317282625,7.704742
6.899723107284872,6.896121
0.6931471805599453,0.72038144
6.113682179832232,6.031866
4.718498871295094,4.71907
7.083387847625295,7.120193
5.854527413134486,5.844045
9.277923889465582,9.282081
6.113682179832232,5.091587
5.056245805348308,4.9128814
6.113682179832232,5.925985
4.672828834461906,4.055023
2.079441541679836,2.1443443
1.791759469228055,1.908703
3.845883202923601,2.8770213
7.097046424217574,7.0970135
8.418697944667139,8.41556
3.933583466809481,3.9643514
4.804021044733257,4.7966323
6.113682179832232,5.4962225
11.672899158100275,11.54411
8.399872548839694,8.397832
6.400257445308821,5.5467906
7.379008127628304,7.391326
3.655839600035736,3.8509068
7.467371066917559,7.468288
4.02535169073515,4.0194955
6.687108607866515,6.6351414
4.718498871295094,5.158395
6.8690144506657065,6.881559
5.069532935343741,5.091884
8.114324709155339,8.103046
5.308267697401205,5.3086157
9.814765622475324,9.801402
12.170455830527631,12.558539
6.113682179832232,6.158073
6.280208555506141,6.2893467
8.044901117403375,8.037894
6.113682179832232,6.152652
6.238324625039508,6.2153664
6.113682179832232,6.0969043
3.9889840465642745,4.019548
5.996452088619021,6.0887704
10.203666216317192,10.229424
5.087596335232384,5.085933
6.198478716492308,6.210379
8.630878955820053,8.621771
7.351799869057777,7.3782034
5.187385805840755,5.171028
4.248495242049359,4.2703786
8.852048956723861,8.845013
4.406719247264253,4.3744397
7.793999089503996,7.809137
3.616308761279101,3.624352
5.488937726156687,5.4888225
6.021023349349527,6.04454
9.6567554664133,9.650187
6.60934924316738,6.6244903
8.82497196556714,8.854346
7.43955930913332,7.4417243
8.866116166332754,8.814
1.7047480922384253,4.199698
8.21932609390609,8.226785
6.113682179832232,6.1425543
3.0819099697950434,3.1044831
10.518727244219548,10.502926
1.6134299337036375,3.3074517
8.819073983267831,8.795217
9.126197603863757,9.103331
5.468060141135132,5.4677625
5.7745515455444085,5.780095
3.910021002757473,3.9765048
9.68046899341007,9.653442
3.58351893845611,4.087033
2.360854001118021,2.3829532
6.113682179832232,5.5195336
0.6931471805599453,0.72038144
7.531873213208089,7.5487795
9.495669678844369,9.47814
3.8897773964808255,3.774637
7.58629630715272,7.592935
3.367295829986474,3.3979738
6.899723107284872,6.9338474
10.63289939290031,10.616432
2.9069010598473755,2.941202
6.113682179832232,5.378479
8.022568946988255,8.039069
6.113682179832232,5.7246523
4.675628649636653,4.7007384
3.893859034800475,3.9164245
4.772352065761245,4.7463794
6.113682179832232,4.183599
6.124683390894205,6.1447973
10.165928737122114,10.14769
2.3978952727983707,2.42078
2.4069451083182885,5.3321543
8.319229938632326,8.337107
2.444952334280968,3.7145052
6.113682179832232,5.4083815
7.245655067594535,7.2506595
6.113682179832232,6.136889
7.697121317282625,7.70247
5.945420608606575,5.92813
6.238324625039508,6.244405
10.07794493427328,10.066613
7.373374309910049,7.3702087
7.584981389247157,7.585773
6.480044561926653,6.439622
9.615938804529582,9.653225
11.192334451490051,11.12277
6.1779441140506,6.24073
9.39282858154946,9.395006
10.468858178153916,10.499171
3.8945781272373545,3.9069266
2.4849066497880004,2.4847353
6.113682179832232,4.5741673
5.641907070938114,5.6526804
2.3978952727983707,2.3875558
6.113682179832232,6.1536646
6.113682179832232,6.1353025
2.0014800002101243,2.0140932
5.945420608606575,5.9646144
4.941642422609304,4.9490867
2.431857428698185,3.8050678
3.0106208860477417,4.552112
2.372111155642656,4.7970524
5.356586274672012,5.3363433
6.113682179832232,6.1692796
4.672895345678114,4.648091
2.6878474937846906,5.6913943
9.602517585757411,9.598608
7.091742115095153,7.0631475
2.9444389791664403,2.9466627
4.5217885770490405,4.533722
5.308267697401205,5.309169
6.79346613258001,6.798724
7.756195343948118,7.803561
3.258096538021482,4.286514
9.169726689090886,9.170281
3.6375861597263857,3.6582544
1.5260563034950494,1.5922939
4.68213122712422,4.655193
2.8317840541513,2.8587265
2.4423470353692043,2.473789
5.811140992976701,5.8166637
3.295836866004329,3.2853985
8.468423027046809,8.459005
7.247792581767846,7.251224
8.732627099660395,8.741522
10.778997955688665,10.71041
9.39282858154946,9.383613
4.804021044733257,4.8298717
6.113682179832232,4.7584176
10.322263674703963,10.314416
6.816968313896803,6.839906
5.568344503761097,5.546152
7.601901959875166,7.588592
7.973155433444133,7.957819
3.258096538021482,5.338579
6.525029657843462,6.439553
9.71032747056118,9.681722
2.4849066497880004,2.4796884
7.379008127628304,7.364329
1.383791230901772,1.3766197
8.962135390066601,8.950364
7.171656822768514,7.1707735
5.996452088619021,6.0145025
7.080867896690782,7.052687
5.641907070938114,5.650824
10.34180699751524,10.37893
6.480044561926653,6.4363275
3.3141860046725258,3.3379576
6.113682179832232,4.73239
3.8501476017100575,3.8405511
5.238337934700955,5.250365
2.1162555148025524,4.0701857
8.664232934065552,8.664046
4.605170185988092,5.1942725
1.7656547823075557,1.8812935
6.1779441140506,6.2005606
6.721425700790643,6.7983747
1.840549633397487,1.8766719
9.546955455537145,9.545283
3.655839600035736,5.4362803
6.113682179832232,6.1491094
7.825644732219989,7.8259277
4.633757642840004,4.6414375
9.24009333012553,9.226161
4.549657476057832,5.010944
11.775305113934762,11.802976
6.113682179832232,5.5195336
7.550661243105336,7.5648713
8.434246270595311,8.4077
7.415776975415394,7.399594
5.676753802268282,5.678059
5.7745515455444085,4.321975
5.0369526024136295,5.036256
9.615938804529582,9.595057
6.198478716492308,6.2502093
6.113682179832232,6.146508
3.6635616461296463,3.6627755
6.688354713946762,6.678685
6.539585955617669,6.1376843
8.094073148069352,8.091556
6.259581464064923,6.257146
5.834810737062605,5.847683
6.679599185844383,6.7011285
8.648572269472618,8.66236
5.641907070938114,5.6416807
5.641907070938114,5.645679
9.68046899341007,9.649012
5.7430031878094825,5.7274594
5.71042701737487,5.7280946
8.4767877767812,8.49896
3.555348061489413,3.589657
9.803777708387116,9.807047
6.113682179832232,5.3542557
3.795489189172194,3.7649553
6.113682179832232,6.001584
11.877582467350576,11.748279
6.113682179832232,6.1353025
6.113682179832232,6.134146
10.831746380186138,10.923581
8.191463051326927,8.177972
6.71174039505618,6.7318177
10.974161859161184,10.909571
8.980675603671708,8.953038
10.434174625397674,10.399048
6.113682179832232,3.4296372
6.113682179832232,4.6864133
3.1280754605417043,3.1442688
6.62273632394984,6.628196
8.102283624480073,8.089108
6.113682179832232,6.1501956
7.697121317282625,7.7019224
3.2308043957334744,5.180953
8.240342909402774,8.2319565
4.584967478670572,4.5718336
7.43955930913332,7.437044
2.772588722239781,2.7905886
5.786897381366708,5.763074
8.392083380373393,8.361589
6.113682179832232,5.599445
9.95237295026594,9.931792
8.929567707825337,8.93317
4.101740610509301,4.075106
6.113682179832232,4.68733
6.113682179832232,6.1421523
5.147494476813453,5.1198626
2.465553921272185,4.1990376
10.34180699751524,10.308399
2.797281334830153,3.8332353
8.455743229100015,8.451067
6.568077911411976,6.584287
8.10530751550515,8.101637
4.442651256490317,4.4420247
6.899723107284872,6.899993
6.113682179832232,5.0547266
5.356586274672012,5.363413
6.57507584059962,6.5969067
6.113682179832232,3.9880536
8.648572269472618,8.626267
7.091742115095153,7.1260085
10.671324678727515,10.6176
8.4767877767812,8.451693
6.368549670158185,6.3643336
1.6094379124341005,1.5903214
4.343805421853684,4.342269
6.660575149839686,6.6617813
3.3463891451671604,3.9304626
11.36907818897207,11.326489
2.19722457733622,2.1538951
6.747586526829315,6.7432446
6.045005314036012,6.0729914
6.113682179832232,5.741506
4.338858139272503,4.359098
6.238324625039508,6.250009
6.091309882077698,6.0949435
10.909655550812955,10.917478
4.31748811353631,4.2995753
6.113682179832232,6.152357
4.804021044733257,4.7966323
6.2766434893416445,6.2821355
8.882114044208821,8.887181
5.676753802268282,5.678209
6.113682179832232,4.8751945
6.251903883165888,6.2459874
8.450198322591959,8.458417
2.302585092994046,4.072472
6.113682179832232,5.831037
3.58351893845611,3.5996952
4.30406509320417,4.30256
2.145931282948669,4.1089897
4.143134726391533,4.1252747
8.161089512845797,8.134768
10.896776361897594,10.928162
11.695263688291964,12.501972
9.151863442217207,9.166689
5.087596335232384,5.082861
1.6094379124341005,1.6037804
9.384461732204798,9.389732
4.955827057601261,4.95689
6.113682179832232,6.1412973
7.550661243105336,7.5454655
